OBJECTID,stop_id,stop_code,stop_name,stop_lat,stop_lon
1,907933,27,HAMILTON E HOLMES STATION,33.754553,-84.469302
2,908023,28,WEST LAKE STATION,33.753328,-84.445329
3,907906,39,WEST LAKE STATION,33.753247,-84.445568
4,907907,40,HAMILTON E HOLMES STATION,33.754517,-84.469824
5,908051,53,DUNWOODY STATION,33.920862,-84.344213
6,908054,57,LINDBERGH CENTER STATION,33.823385,-84.369357
7,908055,58,LINDBERGH CENTER STATION,33.823492,-84.369324
8,908047,61,DUNWOODY STATION,33.92113,-84.344268
9,908186,83,BROOKHAVEN-OGLETHORPE STATION,33.860329,-84.339245
10,908187,84,BROOKHAVEN-OGLETHORPE STATION,33.859989,-84.339397
11,906369,111,ARTS CENTER STATION,33.789669,-84.387414
12,906370,112,ARTS CENTER STATION,33.788828,-84.387272
13,908374,133,MIDTOWN  STATION,33.781247,-84.386342
14,908375,134,MIDTOWN STATION,33.781355,-84.386353
15,908566,185,EAST LAKE STATION,33.765241,-84.312937
16,908567,186,EAST LAKE STATION,33.765196,-84.313426
17,908475,193,DECATUR STATION,33.774699,-84.295417
18,908476,195,EDGEWOOD-CANDLER PARK STATION,33.761803,-84.340825
19,908618,198,GEORGIA STATE STATION,33.750161,-84.385915
20,908696,201,GEORGIA STATE STATION,33.750143,-84.385882
21,908699,204,EDGEWOOD-CANDLER PARK STATION,33.761866,-84.340456
22,908700,206,DECATUR STATION,33.774681,-84.295319
23,908628,217,EAST POINT STATION,33.677424,-84.440542
24,908629,218,LAKEWOOD-FT MCPHERSON STATION,33.70088,-84.428768
25,908704,219,WEST END STATION,33.736564,-84.413653
26,908705,220,WEST END STATION,33.735705,-84.413663
27,908706,221,LAKEWOOD-FT MCPHERSON STATION,33.700298,-84.428865
28,908707,222,EAST POINT STATION,33.676985,-84.440704
29,908709,224,KENSINGTON STATION,33.772764,-84.252151
30,908634,232,KENSINGTON STATION,33.772647,-84.251607
31,908717,243,LENOX STATION,33.845307,-84.358387
32,908718,244,BUCKHEAD STATION,33.84781,-84.367629
33,908639,249,BUCKHEAD STATION,33.847944,-84.367716
34,906827,250,LENOX STATION,33.845388,-84.358235
35,907960,269,BANKHEAD STATION,33.772159,-84.428873
36,907961,270,BANKHEAD STATION,33.772436,-84.428906
37,907913,280,NORTH AVENUE STATION,33.771472,-84.387258
38,907914,281,NORTH AVENUE STATION,33.771741,-84.387204
39,906311,355,HOWELL MILL RD @ KIPLING DR,33.81354,-84.414774
40,908862,375,DORAVILLE STATION,33.902411,-84.281166
41,908845,384,DORAVILLE STATION,33.902787,-84.28061
42,908872,394,MEDICAL CENTER STATION,33.910757,-84.35189
43,908885,399,MEDICAL CENTER STATION,33.910739,-84.351759
44,908911,429,CIVIC CENTER STATION,33.766111,-84.387504
45,908912,430,CIVIC CENTER STATION,33.766236,-84.387504
46,908958,470,VINE CITY STATION,33.756613,-84.403902
47,908959,471,VINE CITY STATION,33.756613,-84.404021
48,908963,485,ASHBY STATION,33.756478,-84.41723
49,908964,486,ASHBY STATION,33.756477,-84.417328
50,908301,693,OAKLAND CITY STATION,33.7173,-84.42503
51,908302,694,OAKLAND CITY STATION,33.716978,-84.425138
52,908480,730,NORTH SPRINGS STATION,33.944377,-84.357253
53,908435,796,GWCC-CNN CENTER STATION,33.756179,-84.397215
54,908981,797,FIVE POINTS STATION,33.753837,-84.391397
55,908436,798,KING MEMORIAL STATION,33.749951,-84.375675
56,908437,799,INMAN PARK-REYNOLDSTOWN STATION,33.757451,-84.352762
57,908438,800,AVONDALE STATION,33.775554,-84.281487
58,908515,801,INDIAN CREEK STATION,33.769856,-84.228906
59,908516,802,INDIAN CREEK STATION,33.769893,-84.229874
60,908691,803,AVONDALE STATION,33.775214,-84.282466
61,908692,804,INMAN PARK-REYNOLDSTOWN STATION,33.757227,-84.353066
62,908693,805,KING MEMORIAL STATION,33.749853,-84.37599
63,908990,806,FIVE POINTS STATION,33.754123,-84.391876
64,908694,807,GWCC-CNN CENTER STATION,33.756187,-84.397291
65,908695,808,AIRPORT STATION,33.640831,-84.446198
66,908599,809,COLLEGE PARK STATION,33.650577,-84.448656
67,908600,810,GARNETT STATION,33.748938,-84.395545
68,908986,811,FIVE POINTS STATION,33.754052,-84.391452
69,908601,812,PEACHTREE CENTER STATION,33.758189,-84.387596
70,908603,814,CHAMBLEE STATION,33.887929,-84.305556
71,908604,815,CHAMBLEE STATION,33.887517,-84.306362
72,907842,817,PEACHTREE CENTER STATION,33.758082,-84.387595
73,908976,818,FIVE POINTS STATION,33.753899,-84.39156
74,907843,819,GARNETT STATION,33.748696,-84.395741
75,907844,820,COLLEGE PARK STATION,33.650282,-84.448612
76,906647,821,AIRPORT STATION,33.640553,-84.446198
77,907845,822,SANDY SPRINGS STATION,33.931671,-84.351069
78,907846,823,SANDY SPRINGS STATION,33.931564,-84.35096
79,906837,1118,AIRPORT STATION,33.640294,-84.446197
80,902632,9008,N MAIN ST @ WINTHROPE PARK DR,34.089495,-84.294218
81,902630,9012,N MAIN ST @ 379,34.085826,-84.294957
82,902631,9016,N MAIN ST @ 301,34.08386,-84.294755
83,900005,9020,N MAIN ST @ PINE GROVE DR,34.082292,-84.294607
84,900006,9025,N MAIN ST @ MAYFIELD RD,34.080401,-84.29444
85,900018,9030,N MAIN ST @ CUMMING ST,34.078152,-84.294291
86,900007,9031,N MAIN ST @ ACADEMY ST,34.076201,-84.294288
87,900008,9034,N MAIN ST @ VAUGHAN DR,34.090788,-84.292399
88,900010,9224,N MAIN ST @ VAUGHAN DR,34.090721,-84.293124
89,900011,9226,N MAIN ST @ PINE GROVE DR,34.082476,-84.295051
90,900012,10004,WINDWARD PKWY @ DEERFIELD PKWY,34.08758,-84.268277
91,900013,10006,WINDWARD PKWY @ 5532,34.087337,-84.265132
92,900014,10008,WINDWARD PKWY @ NORTH POINT PKWY,34.08886,-84.2579
93,902838,10010,WINDWARD PKWY @ NORTH POINT PKWY,34.088603,-84.257107
94,902839,10040,MARTIN L KING JR DR NW @ OLLIE ST NW,33.754809,-84.421186
95,902840,10044,NORTH POINT PKY@900,34.08083,-84.25948
96,902796,10046,NORTH POINT PKY@960,34.078413,-84.260238
97,902797,10048,NORTH POINT PKY@300,34.08645,-84.25687
98,902798,10054,NORTH POINT PKY @ 960,34.078163,-84.260696
99,902799,10056,NORTH POINT PKY @ WEBB BRIDGE RD,34.076401,-84.260458
100,902902,10134,ATLANTA STUDENT MOVEMENT BLVD @ NORTHSIDE DR SW,33.748929,-84.404936
101,906745,10142,DEERFIELD PKWY @ MORRIS RD,34.090815,-84.27003
102,902976,10146,WINDWARD PKWY @ JORDAN CT,34.092278,-84.276484
103,902977,10148,SR 9 @ WINDWARD PKWY,34.09459,-84.277967
104,902978,10150,N MAIN ST @ COGBURN RD,34.092248,-84.284312
105,902903,10168,N MAIN ST @ 684,34.091726,-84.290431
106,902904,10170,N MAIN ST @ WATER OAK PL,34.091927,-84.288615
107,902905,10172,DEERFIELD PKWY @ MORRIS RD,34.089933,-84.269247
108,902979,10174,DEERFIELD PKWY @ TWO VERIZON PL,34.09337,-84.270926
109,902980,10176,DEERFIELD PKWY @ THREE VERIZON PL,34.09548,-84.267954
110,902981,10186,N MAIN ST @ WINDWARD PKY W,34.093963,-84.279531
111,902982,10188,OLD MILTON PKY @ BRIDGE POINTE DR,34.06256,-84.24747
112,903045,10212,N MAIN ST @ HENDERSON PKWY,34.092039,-84.285415
113,903046,10214,N MAIN ST @ CANTON ST,34.088795,-84.29524
114,903083,10218,OLD MILTON PKWY @ BROOKSIDE PKY,34.064694,-84.253908
115,903084,10220,BROOKSIDE PKWY @ 3705,34.06235,-84.2544
116,903085,10222,BROOKSIDE PKWY @ 3775,34.061248,-84.252481
117,903185,10232,OLD MILTON PKWY @ ROCKBERRY LN,34.061439,-84.244415
118,903186,10234,OLD MILTON PKWY @ COTTON CREEK ENTRY,34.064854,-84.253526
119,902637,10238,OLD MILTON PKWY @ 3502,34.066705,-84.258072
120,902638,10244,NORTH POINT PKY@500,34.08513,-84.25732
121,902639,10248,WINDWARD PKWY @ WESTSIDE PKWY,34.087517,-84.269008
122,903217,10250,MORRIS RD @ WEBB RD,34.096344,-84.260561
123,903218,10252,MORRIS RD@13010,34.094303,-84.262563
124,903219,10254,OLD MILTON PKWY @ PARK BRIDGE PKWY,34.06095,-84.242611
125,903220,10256,WINDWARD PKWY @ N MAIN ST,34.093579,-84.278328
126,902641,10266,WINDWARD PARK & RIDE,34.085992,-84.260559
127,902643,10270,MORRIS RD @ 12395,34.081,-84.261262
128,902644,10272,WINDWARD PKWY @ 5555,34.087024,-84.265427
129,902649,10274,DEERFIELD PKWY @ WEBB RD,34.097509,-84.264371
130,902650,10276,MORRIS RD @ ONE VERIZON PL,34.091014,-84.266497
131,902765,14002,ALPHARETTA HWY @ HOUZE WAY,34.046329,-84.339584
132,902766,14004,ALPHARETTA HWY@SUN VALLEY DR,34.049772,-84.337806
133,902772,14009,ALPHARETTA HWY @ ELKINS RD,34.051866,-84.334413
134,902773,14010,ALPHARETTA HWY@MANSELL PL,34.054226,-84.330254
135,902774,14012,ALPHARETTA HWY @ GREENHOUSE DR,34.055115,-84.329132
136,902767,14014,ALPHARETTA HWY@ROSEMONT PKY,34.058438,-84.326409
137,902768,14018,ALPHARETTA HWY@HEMBREE RD,34.060832,-84.324602
138,902769,14020,ALPHARETTA HWY@HOSPITAL BLVD,34.062747,-84.322976
139,902770,14022,ALPHARETTA HWY@NORTHMEADOW PKWY,34.065852,-84.31873
140,906278,14024,ALPHARETTA HWY@HANEY DR,34.066263,-84.316296
141,906279,14026,ALPHARETTA HWY@WILLS RD,34.066277,-84.313118
142,906281,14028,ALPHARETTA HWY@HANEY DR,34.066383,-84.316063
143,906295,14030,ALPHARETTA HWY @ UPPER HEMBREE RD,34.065865,-84.319
144,906296,14032,ALPHARETTA HWY @ HOSPITAL BLVD,34.06329,-84.322723
145,906312,14034,ALPHARETTA HWY @ HEMBREE RD,34.061096,-84.324554
146,906337,14038,ALPHARETTA HWY@11450,34.057182,-84.327896
147,906338,14040,ALPHARETTA HWY @ GREENHOUSE DR,34.055408,-84.329323
148,906339,14042,ALPHARETTA HWY@MANSELL PL,34.053848,-84.331345
149,906314,14046,ALPHARETTA HWY@SUN VALLEY DR,34.050059,-84.337621
150,906315,14048,S MAIN ST @ 571,34.066226,-84.309834
151,906341,15007,MAIN ST@BRADY PL,34.066297,-84.304719
152,906342,15008,MAIN ST@MAXWELL RD,34.067867,-84.301102
153,906318,15011,N MAIN ST @ CUMMING ST,34.07832,-84.294505
154,906320,15014,S MAIN ST @ JANIS LN,34.06975,-84.298078
155,903188,15018,NORTH POINT PKWY @ 6360,34.046681,-84.290142
156,903189,15020,NORTH POINT PKWY @ 6250,34.046985,-84.290381
157,902705,15022,S MAIN ST @ MAXWELL RD,34.0678,-84.301615
158,902706,15026,S MAIN ST @ JANIS LN,34.069839,-84.29787
159,902707,15028,HAYNES BRIDGE RD@11385,34.056886,-84.286369
160,902708,15030,HAYNES BRIDGE RD @ RAINWATER DR,34.063717,-84.291553
161,903190,15032,HAYNES BRIDGE RD @ DEVORE RD,34.066409,-84.292587
162,903191,15036,HAYNES BRIDGE RD@11770,34.068882,-84.293925
163,903192,15037,HAYNES BRIDGE RD @ DEVORE RD,34.066134,-84.293113
164,902709,15040,HAYNES BRIDGE RD @ WOODHAVEN WAY,34.063449,-84.291782
165,902710,15042,HAYNES BRIDGE RD @ MORRISON PKWY,34.060412,-84.289472
166,902711,15044,ALPHARETTA HWY @ ROSEMONT PKWY,34.058564,-84.326815
167,902653,15048,HAYNES BRIDGE RD @ WESTSIDE PKWY,34.061055,-84.289146
168,902775,15054,ACADEMY ST @ HAYNES BRIDGE RD,34.075399,-84.292976
169,902817,15056,HAYNES BRIDGE RD @ LAKEVIEW PKWY,34.057292,-84.28695
170,902820,15062,NORTH POINT PKWY @ NORTH POINT CT,34.047736,-84.288493
171,902776,15066,HAYNES BRIDGE RD@ROCK MILL RD,34.051601,-84.285458
172,902777,15068,HAYNES BRIDGE RD @ NORTHWINDS PKWY,34.058607,-84.287375
173,902821,15074,NORTH POINT PKY@GEORGIA LANE,34.04988,-84.283285
174,902822,15076,NORTH POINT PKWY @ GEORGIA LN,34.049247,-84.283975
175,902846,15078,HAYNES BRIDGE RD@NORTH POINT DR,34.049964,-84.285986
176,902847,15080,NORTH POINT PKY@ KIMBALL BRIDGE RD,34.05462,-84.274303
177,902780,15082,NORTH POINT PKWY @ 5055,34.054726,-84.277286
178,902948,15086,NORTH POINT PKWY @ MILL CREEK AVE,34.049988,-84.280963
179,902949,15088,NORTH POINT PKY @ NORTH POINT DR,34.050454,-84.280754
180,902950,15090,NORTH POINT PKY@ROCK MILL RD,34.051814,-84.279206
181,902951,15092,NORTH POINT PKY@ROCK MILL RD,34.051938,-84.279652
182,902917,16010,NORTH POINT PKY@ROYAL BLVD S,34.054603,-84.271739
183,902918,16016,NORTH POINT PKY @ 4000,34.065942,-84.262005
184,902919,16018,NORTH POINT PKY@PRESTON RIDGE RD,34.071018,-84.256571
185,902953,16020,NORTH POINT PKY @ 3980,34.069323,-84.260289
186,902954,16022,NORTH POINT PKY@3180,34.074163,-84.257003
187,902955,16023,NORTH POINT PKY @ PRESTON RIDGE RD,34.071684,-84.256765
188,902920,16024,NORTH POINT PKY @ 3180,34.074037,-84.257706
189,906734,16026,NORTH POINT PKY @ 4501,34.060519,-84.265895
190,902921,16028,NORTH POINT PKY @ 4125,34.06661,-84.262158
191,902922,16030,NORTH POINT PKY @ OLD MILTON PKY,34.068411,-84.260748
192,903071,20012,ATLANTA ST @ OAK ST,34.01968,-84.361641
193,903098,20014,ALPHARETTA ST@ELIZABETH WAY,34.024141,-84.360722
194,903099,20016,ALPHARETTA ST@NORCROSS ST,34.025188,-84.360458
195,903100,20018,ALPHARETTA ST@CHERRY ST,34.027241,-84.358696
196,903101,20020,ALPHARETTA ST @ WOODSTOCK ST,34.029003,-84.356476
197,903072,20024,ALPHARETTA ST @ THOMAS DR,34.03132,-84.352794
198,903073,20026,ALPHARETTA ST@1207,34.032179,-84.351299
199,903074,20028,ALPHARETTA ST@ALPINE DR,34.034595,-84.346985
200,903075,20032,ALPHARETTA ST @ STRICKLAND RD,34.031257,-84.353143
201,903102,20036,ALPHARETTA ST@WOODSTOCK ST,34.029726,-84.355608
202,903103,20038,ALPHARETTA ST @ CHERRY ST,34.028401,-84.357669
203,903104,20040,ALPHARETTA ST@GREEN ST,34.026137,-84.359828
204,903105,20042,ALPHARETTA ST@ELIZABETH WAY,34.024697,-84.36072
205,903166,20044,ATLANTA ST @ OXBO RD,34.016864,-84.362649
206,902622,20046,ATLANTA ST @ OAK ST,34.020123,-84.361767
207,902623,20050,ATLANTA ST@HILL ST,34.021609,-84.361604
208,902719,20052,MAIN ST@PARK ST,33.524877,-84.664778
209,902720,20054,ALPHARETTA ST@THOMAS DR,34.030607,-84.353944
210,902721,21009,MANSELL RD@901,34.042802,-84.335055
211,902722,21010,MANSELL RD@EAGLES CREST VILLAGE LN,34.042757,-84.338995
212,902624,21011,MANSELL RD@WARSAW RD,34.042573,-84.329835
213,902625,21012,MANSELL RD@OLD ROSWELL RD,34.041443,-84.324275
214,902626,21014,MANSELL RD@DUKE DR,34.040092,-84.319005
215,902723,21023,MANSELL RD@WESTSIDE PKY,34.040324,-84.319267
216,902724,21025,MANSELL RD@WARSAW RD,34.042695,-84.329196
217,902628,21029,MANSELL RD@EAGLES CREST VILLAGE LN,34.042829,-84.338711
218,902787,21038,HOLCOMB BRIDGE RD @ ALPHARETTA ST,34.035876,-84.342867
219,902788,21042,HOLCOMB BRIDGE RD@ALPHARETTA ST,34.034755,-84.34199
220,902789,21044,HOLCOMB BRIDGE RD@GRIMES BRIDGE RD,34.032834,-84.341197
221,902832,21046,HOLCOMB BRIDGE RD@OLD ROSWELL RD,34.032943,-84.34081
222,902856,21048,HOLCOMB BRIDGE RD@OLD ROSWELL RD,34.031756,-84.339365
223,902857,21050,HOLCOMB BRIDGE RD@MARKET PL,34.031295,-84.339352
224,902858,21052,HOLCOMB BRIDGE RD@MARKET PL,34.030893,-84.338273
225,902790,21054,HOLCOMB BRIDGE RD@MARKET PL,34.030606,-84.338436
226,902791,21056,HOLCOMB BRIDGE RD @ WARSAW RD,34.028137,-84.335359
227,902792,21058,HOLCOMB BRIDGE RD @ WARSAW RD,34.028164,-84.33501
228,902829,21060,HOLCOMB BRIDGE RD @ RIVERWOOD LN,34.025972,-84.332631
229,902830,21062,HOLCOMB BRIDGE RD @ OLD HOLCOMB BRIDGE RD,34.025936,-84.332173
230,902831,21064,HOLCOMB BRIDGE RD @ DOGWOOD RD,34.023851,-84.329599
231,902962,21066,HOLCOMB BRIDGE RD @ DOGWOOD RD,34.023663,-84.329729
232,902963,21070,ALPHARETTA ST@MANSELL CIR,34.03456,-84.346412
233,902965,21074,ALPHARETTA ST @ COMMERCE PKY,34.03909,-84.34285
234,902923,21076,ALPHARETTA ST @ 10761,34.041012,-84.341972
235,902924,21079,ALPHARETTA ST@MANSELL RD,34.042066,-84.341461
236,902925,21080,ALPHARETTA HWY@HOUZE WAY,34.046247,-84.339955
237,902926,21082,ALPHARETTA HWY@MANSELL RD,34.043225,-84.341303
238,902966,21084,ALPHARETTA ST@1240,34.032394,-84.351059
239,902967,21096,ALPHARETTA ST @ HOUZE RD,34.038247,-84.343293
240,902968,21097,NORTH POINT PKWY @ NORTH POINT CT,34.047978,-84.288581
241,902927,21098,HOLCOMB BRIDGE RD @ OLD DOGWOOD RD,34.022482,-84.326959
242,902928,21102,HAYNES BRIDGE RD @ NORTH POINT PKWY,34.049061,-84.28672
243,903114,21104,HAYNES BRIDGE RD @ NORTH POINT DR,34.050373,-84.286285
244,903079,21112,HOLCOMB BRIDGE RD@GRIMES BRIDGE RD,34.033917,-84.34207
245,903080,21120,ALPHARETTA HWY @ 10885,34.045088,-84.340153
246,903116,21122,MANSELL RD@KINGSWOOD PL,34.039993,-84.321853
247,903117,21124,MANSELL RD @ 980,34.042966,-84.332759
248,903118,21126,MANSELL RD@WARSAW RD,34.042668,-84.33128
249,903119,21128,MANSELL RD@DAVIS DR,34.040315,-84.315295
250,903120,21950,MANSELL PARK & RIDE - ON RAMP,34.03815,-84.313769
251,903177,21951,MANSELL PARK & RIDE - IN LOT,34.038643,-84.313173
252,903078,21954,ALPHARETTA ST @ 10730,34.041281,-84.342017
253,903113,21960,MANSELL RD@950,34.042865,-84.336136
254,902633,21962,MANSELL RD@OLD ROSWELL RD,34.042445,-84.325824
255,902634,21964,MANSELL RD@KINGSWOOD PL,34.040244,-84.32182
256,902635,21966,MANSELL RD@COLONIAL CTR PKWY,34.042633,-84.327472
257,902636,22016,NORTH POINT PKWY @ MANSELL RD,34.039212,-84.305718
258,902682,22018,NORTH POINT PKWY @ 7731,34.039656,-84.305796
259,902732,22022,NORTH POINT PKWY @ 7301,34.042031,-84.303728
260,902733,22024,NORTH POINT PKWY @ 7231,34.04309,-84.302143
261,902735,22028,NORTH POINT PKWY @ 6440,34.045281,-84.293695
262,902841,22030,NORTH POINT PWKY @ 6499,34.045385,-84.29407
263,902801,22042,NORTH POINT PKWY @ ENCORE PKWY,34.044106,-84.299527
264,902802,22044,NORTH POINT PKWY @ ENCORE PKWY,34.043757,-84.299767
265,902872,22060,NORTH POINT PKWY @ MANSELL RD,34.0383,-84.30651
266,902804,22068,NORTH POINT PKWY @ 7300,34.042041,-84.303247
267,902929,26002,ROSWELL RD@HOPE RD,33.989597,-84.351974
268,902930,26004,ROSWELL RD @ HUNTCLIFF NE,33.992786,-84.351707
269,902931,26006,ROSWELL RD @ 8740,33.994862,-84.351372
270,902932,26007,ROSWELL RD@RIVER PKY,34.001514,-84.35046
271,902983,26010,ROSWELL RD@ROBERTS DR,34.002901,-84.350504
272,902984,26011,ROSWELL RD@DUNWOODY PL,33.999743,-84.350622
273,902985,26018,ROSWELL RD@8775,33.998459,-84.350533
274,902933,26020,ROSWELL RD@9040,34.000168,-84.350372
275,903050,26022,ROSWELL RD@RIVER PKWY,34.001392,-84.350327
276,903051,26025,ROSWELL RD@ROBERTS DR,34.002964,-84.350417
277,903129,26026,ATLANTA ST@RIVERSIDE RD,34.005827,-84.35068
278,903130,26029,ATLANTA ST@CHATTAHOOCHEE CIR,34.007536,-84.353101
279,903131,26030,ATLANTA ST@WARM SPRINGS CIR,34.00877,-84.35729
280,903132,26032,ATLANTA ST@JONES DR,34.008653,-84.359842
281,903052,26034,ATLANTA ST@KING ST,34.012419,-84.362778
282,903053,26036,ATLANTA ST@MILL ST,34.014088,-84.362854
283,903081,26040,ATLANTA ST@MAPLE ST,34.016396,-84.362694
284,903082,26044,ATLANTA ST@WARM SPRINGS CIR,34.008698,-84.357443
285,903133,26045,ATLANTA ST@CHATTAHOOCHEE CIR,34.007196,-84.352782
286,903134,26046,ATLANTA ST @ JONES DR,34.008608,-84.360006
287,903135,26047,ATLANTA ST@AZALEA DR,34.006087,-84.350909
288,903136,26048,ATLANTA ST@426,34.009771,-84.361282
289,903141,26050,ATLANTA ST@CHATTAHOOCHEE ST,34.01181,-84.3628
290,903142,26052,DUNWOODY PL @ 8601,33.990562,-84.343491
291,902651,26056,DUNWOODY PL @ 8725,33.995324,-84.349044
292,902645,26072,DUNWOODY PL @ N RIVER DR,33.993336,-84.347317
293,902692,26080,ROSWELL RD@HUNTINGTON PLACE DR,33.992441,-84.351526
294,902694,26084,ATLANTA ST @ SLOAN ST,34.015363,-84.362834
295,902695,26086,DUNWOODY PL @ ROSWELL RD,33.995815,-84.34964
296,902744,27002,DUNWOODY PL @ ROBERTS DR,33.989414,-84.341888
297,902745,27004,DUNWOODY PL @ ROBERTS DR,33.990268,-84.343129
298,906297,27005,DUNWOODY PL @ HIGHTOWER TRL,33.986244,-84.341629
299,906298,27008,DUNWOODY PL @ 8700,33.991574,-84.345026
300,906282,27010,DUNWOODY PL @ 8800,33.991476,-84.34507
301,906283,27012,DUNWOODY PL @ CEDAR RUN,33.992817,-84.346627
302,906284,27014,DUNWOODY PL @ HOPE RD,33.993077,-84.347099
303,906299,31002,JETT FERRY RD@DUNWOODY CLUB DR,33.960004,-84.302486
304,906300,32002,ROSWELL RD NE@TROWBRIDGE RD,33.959381,-84.365227
305,906301,32004,ROSWELL RD@7546,33.963367,-84.364922
306,906302,32006,ROSWELL RD @ 7741,33.966234,-84.362786
307,906286,32012,ROSWELL RD @ HAMPTON DE,33.973406,-84.357112
308,906287,32014,ROSWELL RD@BRANTLEY RD,33.974342,-84.355011
309,906288,32016,ROSWELL RD @ PITTS RD,33.974982,-84.353657
310,906357,32017,ROSWELL RD @ NORTHRIDGE CROSSING DR,33.977017,-84.351561
311,906358,32020,ROSWELL RD@8215,33.978828,-84.350815
312,906359,32022,ROSWELL RD@NORTHRIDGE RD,33.981735,-84.350197
313,906321,32025,ROSWELL RD@NORTHRIDGE PKY,33.985492,-84.350498
314,906352,32026,ROSWELL RD@HIGHTOWER TRL,33.988584,-84.351328
315,906353,32028,ROSWELL RD @ TROWBRIDGE RD,33.959077,-84.365335
316,906354,32032,ROSWELL RD@7730,33.965767,-84.363429
317,906355,32034,ROSWELL RD @ MORGAN FALLS RD,33.968905,-84.361109
318,906322,32036,ROSWELL RD@7840,33.970417,-84.359618
319,906323,32038,ROSWELL RD @ 7878,33.971504,-84.358749
320,906324,32040,ROSWELL RD@GROGANS FERRY RD,33.973217,-84.357605
321,906325,32042,ROSWELL RD@BRANTLEY RD,33.974358,-84.355637
322,906356,32044,ROSWELL RD@ISON RD,33.975224,-84.353232
323,903061,32045,ROSWELL RD@NORTHRIDGE CROSSING DR,33.976992,-84.351929
324,903065,32046,ROSWELL RD@8215,33.97891,-84.351072
325,903067,32050,ROSWELL RD@NORTHRIDGE PKY,33.984066,-84.350677
326,903068,32051,ROSWELL RD@8450,33.985727,-84.350793
327,903145,32053,ROSWELL RD@HIGHTOWER TRL,33.987788,-84.351409
328,903149,32070,ROSWELL RD@MORGAN FALLS RD,33.968332,-84.361253
329,903150,32072,ROSWELL RD@7840,33.969747,-84.360081
330,902656,32080,ROSWELL RD@7525,33.960849,-84.365506
331,902713,32082,ROSWELL RD @ NORTHRIDGE RD,33.981056,-84.350434
332,902658,33016,DUNWOODY PL @ NORTHRIDGE PKY,33.984747,-84.341274
333,902659,33017,DUNWOODY PL @ HIGHTOWER TRL,33.986179,-84.341481
334,902660,33018,DUNWOODY PL @ NORTHRIDGE RD,33.982745,-84.342808
335,902782,35010,ROSWELL RD @ 7865,33.97147,-84.358452
336,902783,35016,ROSWELL RD NE @ ALDERWOOD PL,33.939001,-84.376462
337,902849,35018,ROSWELL RD NE@6851,33.942314,-84.372871
338,902850,35020,ROSWELL RD @ CIMARRON PKWY,33.962807,-84.365623
339,902851,35022,ROSWELL RD NE@SPALDING DR NE,33.945827,-84.370956
340,902784,35024,ROSWELL RD NE@7070,33.948154,-84.370522
341,902785,35027,ROSWELL RD NE@7140,33.949751,-84.369406
342,902786,35031,ROSWELL RD NE@7155,33.950971,-84.368442
343,902812,35033,ROSWELL RD NE@7155,33.950723,-84.36817
344,902852,35034,ROSWELL RD NE @ DALRYMPLE RD NE,33.955399,-84.364582
345,902853,35038,ROSWELL RD NE @ DALRYMPLE RD NE,33.956008,-84.364386
346,902854,35040,ROSWELL RD NE@7447,33.956905,-84.364632
347,902814,35046,ROSWELL RD NE@6940,33.944667,-84.371747
348,902815,35047,ROSWELL RD NE@6900,33.943185,-84.372831
349,902958,35048,ROSWELL RD NE@SPALDING DR NE,33.946217,-84.371246
350,902995,35060,ROSWELL RD NE @ 6500,33.933925,-84.38
351,902961,35066,ROSWELL RD NE @ ABERNATHY RD,33.936055,-84.379108
352,903107,35129,ROSWELL RD NE @ 7256,33.953271,-84.366776
353,903109,35132,ROSWELL RD NE@7256,33.95277,-84.366646
354,903194,35134,ROSWELL RD NE@7070,33.948387,-84.371056
355,903195,35135,ROSWELL RD NE@7100,33.949427,-84.370188
356,903111,35144,ROSWELL RD NE @ ALDERWOOD PL,33.938651,-84.377007
357,903112,35146,ROSWELL RD NE @ ABERNATHY RD NW,33.936011,-84.378901
358,902725,35900,NORTH SPRINGS STATION,33.945416,-84.357235
359,902726,36002,ASHFORD DUNWOODY RD@ASHFORD PKY,33.933964,-84.33758
360,902727,36003,ASHFORD DUNWOODY RD @ ASHFORD CENTER,33.939811,-84.338063
361,902728,36004,ASHFORD DUNWOODY RD@VALLEY VIEW RD,33.936201,-84.337755
362,902668,36005,ASHFORD DUNWOODY RD @ ASHFORD CENTER PKY,33.938949,-84.338213
363,902669,36006,ASHFORD DUNWOODY RD@ASHFORD CTR N,33.941293,-84.338235
364,902864,36038,CHAMBLEE DUNWOODY RD @ MT VERNON RD,33.94609,-84.334411
365,902865,36040,CHAMBLEE DUNWOODY RD @ NANDINA LN,33.947692,-84.335512
366,902866,36050,CHAMBLEE DUNWOODY RD @ DUNWOODY VILLAGE PKWY,33.949327,-84.336322
367,903004,36088,ASHFORD DUNWOODY RD @ ASHFORD CTR N,33.941633,-84.338323
368,903005,36090,ASHFORD DUNWOODY RD@ASHFORD GABLES,33.936667,-84.338028
369,903006,36092,ASHFORD DUNWOODY RD@ASHWOOD PKWY,33.933678,-84.337809
370,902973,36096,ASHFORD DUNWOODY RD@MEADOW LANE RD,33.931611,-84.33758
371,902974,36098,ASHFORD DUNWOODY RD@MT VERNON RD,33.94277,-84.337898
372,902970,36112,DUNWOODY VILLAGE PKY @ MT VERNON RD,33.947607,-84.331618
373,902971,36114,DUNWOODY VILLAGE PKY @ 1424,33.949367,-84.33265
374,903121,37002,N PEACHTREE RD @ KINGS POINT DR,33.9308,-84.294692
375,903122,37003,MT VERNON RD@TILLY MILL RD,33.955369,-84.305518
376,903123,37004,N PEACHTREE RD@KINGS POINT DR,33.930972,-84.294791
377,903124,37005,MT VERNON RD@MEADOW LAKE DR,33.95243,-84.31196
378,903204,37006,N PEACHTREE RD @ BROOK RUN AVE,33.934723,-84.294998
379,903205,37007,MT VERNON RD@MEADOW LAKE DR,33.95264,-84.31175
380,903206,37008,TILLY MILL RD @ CHERRING DR,33.93894,-84.297082
381,903207,37009,MT VERNON RD@MANHASSET DR,33.950576,-84.319323
382,903125,37010,TILLY MILL RD@CHERRING DR,33.938991,-84.297033
383,903126,37011,MT VERNON RD@VERMACK RD,33.95026,-84.31968
384,903127,37012,TILLY MILL RD@DARTFORD DR,33.944782,-84.301552
385,903128,37013,MT VERNON RD@VERNON RIDGE DR,33.94779,-84.32686
386,903208,37014,TILLY MILL RD @ TILLINGHAM CT,33.942707,-84.299725
387,902683,37016,TILLY MILL RD@STEPHENS WALK,33.946366,-84.302981
388,902684,37017,MT VERNON RD@DUNWOODY VILLAGE PKWY,33.946958,-84.33149
389,902685,37018,TILLY MILL RD@DARTFORD DR,33.944939,-84.302193
390,902686,37019,MT VERNON RD@STRATHAM DR,33.95162,-84.3147
391,902736,37020,TILLY MILL RD @ STEPHENS WALK,33.946676,-84.303415
392,902737,37021,MT VERNON RD@STRATHAM DR,33.951781,-84.31463
393,902738,37022,TILLY MILL RD@SANDELL DR,33.952557,-84.305428
394,902687,37024,TILLY MILL RD@SANDELL DR,33.952854,-84.305862
395,902688,37026,MT VERNON RD@CEDAR CHASE,33.956406,-84.30397
396,902689,37028,JETT FERRY RD@MT VERNON RD,33.958035,-84.302509
397,902690,37030,MT VERNON RD @ JETT FERRY RD,33.957865,-84.301975
398,902740,37032,TILLY MILL RD@HOLLAND CT,33.949333,-84.30481
399,902741,37034,PEELER RD@GLENBONNIE DR,33.936992,-84.286464
400,902742,37036,PEELER RD@EDISON RD,33.937242,-84.285592
401,902743,37038,PEELER RD@HAPPY HOLLOW RD,33.939174,-84.282987
402,902874,37042,PEELER RD@LAKESIDE DR,33.939846,-84.278465
403,902875,37044,PEELER RD@FOUR OAKS CT,33.940362,-84.275369
404,902876,37046,PEELER RD@TWIN LAKES TRL,33.940611,-84.273157
405,902805,37048,WINTERS CHAPEL RD @ PEELER RD,33.941174,-84.270802
406,902806,37050,WINTERS CHAPEL RD@4920,33.939106,-84.269213
407,902807,37052,WINTERS CHAPEL RD @ WOMACK DR,33.935409,-84.26684
408,902833,37054,WINTERS CHAPEL RD @ 4739,33.933932,-84.266111
409,902877,37060,PEELER RD@VILLAGE MILL RD,33.931727,-84.309544
410,902878,37062,PEELER RD @ ADAMS RD,33.93493,-84.306253
411,902879,37064,PEELER RD@EQUESTRIAN WAY,33.934769,-84.306602
412,902880,37068,PEELER RD@CHERRING DR,33.936012,-84.298553
413,902835,37072,TILLY MILL RD @ N PEACHTREE RD,33.937093,-84.294462
414,902836,37074,TILLY MILL RD @ WOMACK RD,33.943484,-84.299985
415,902837,37076,TILLY MILL RD@MT VERNON RD,33.954907,-84.3054
416,902934,37078,DUNWOODY CLUB DR@SAFFRON DR,33.959162,-84.300133
417,902935,37080,TILLY MILL RD@HOLLAND CT,33.949399,-84.305084
418,902936,37082,TILLY MILL RD @ N PEACHTREE RD,33.936681,-84.294026
419,903016,37084,N PEACHTREE RD@BARCLAY DR,33.933403,-84.295131
420,903017,37086,N PEACHTREE RD @ PEACHFORD RD,33.929211,-84.29563
421,903018,37088,N PEACHTREE RD@BROOKHURST DR,33.926697,-84.295604
422,902937,37092,PEELER RD@CHERRING DR,33.935796,-84.298756
423,903020,37100,PEELER RD@OLDE VILLAGE LN,33.934277,-84.307964
424,903021,37102,PEELER RD@INDEPENDENCE SQ,33.930071,-84.311822
425,903144,37110,PEELER RD@CHERRING LN,33.93584,-84.295901
426,903137,38002,RIVEREDGE PKY NW @ 1600,33.90785,-84.438083
427,903140,38008,NORTHSIDE DR@INTERSTATE NORTH PKY,33.908414,-84.43304
428,903182,38012,INTERSTATE NORTH PKY @ 5665,33.909359,-84.431746
429,903221,39002,HAMMOND DR@KAYRON DR,33.91894,-84.37139
430,903222,39004,HAMMOND DR@KAYRON DR,33.919091,-84.371623
431,903184,39018,JOHNSON FERRY RD NE@GLENRIDGE DR NE,33.92218,-84.367583
432,902746,39024,JOHNSON FERRY RD NE @ GLENRIDGE DR NE,33.922431,-84.367997
433,902747,39040,ROSWELL RD NE@GLENRIDGE DR NE,33.901628,-84.37916
434,902696,39042,ROSWELL RD NE @ GLENRIDGE DR NE,33.902783,-84.378606
435,902697,39044,ROSWELL RD NE @ 5491,33.905396,-84.378695
436,902698,39046,ROSWELL RD NE @ 5531,33.907231,-84.378718
437,902699,39048,ROSWELL RD NE @ LAKE PLACID DR NE,33.909002,-84.378784
438,902749,39052,ROSWELL RD NE @ ALLEN RD,33.91372,-84.37955
439,902751,39058,ROSWELL RD NE @ HAMMOND DR NE,33.918641,-84.379085
440,902700,39060,ROSWELL RD NE @ HILDERBRAND DR NE,33.922703,-84.379218
441,902702,39064,ROSWELL RD NE @ SANDY SPRINGS CIR NE,33.927011,-84.379415
442,902703,39065,HAMMOND DR NE @ ROSWELL RD,33.91918,-84.378784
443,906303,39067,ROSWELL RD @ JOHNSON FERRY RD,33.925191,-84.379111
444,906304,39068,ROSWELL RD NE @ CROMWELL RD NE,33.929142,-84.379456
445,906305,39070,ROSWELL RD NE @ GLENRIDGE DR NE,33.90342,-84.37841
446,906306,39072,ROSWELL RD NE @ 5555,33.907636,-84.378673
447,906290,39074,ROSWELL RD NE @ LAKE PLACID DR NE,33.909522,-84.378654
448,906292,39078,ROSWELL RD NE @ ALLEN RD NE,33.914017,-84.379242
449,906293,39080,ROSWELL RD NE @ CARPENTER DR NE,33.915285,-84.379235
450,906307,39082,ROSWELL RD NE @ 5925,33.917522,-84.379041
451,906308,39084,ROSWELL RD NE@HAMMOND DR NE,33.918831,-84.378862
452,906309,39086,ROSWELL RD NE @ SANDY SPRINGS PL NE,33.920053,-84.378914
453,906294,39090,ROSWELL RD NE @ HILDERBRAND DR NE,33.922714,-84.379102
454,906326,39092,ROSWELL RD NE@MT VERNON HWY NE,33.923721,-84.379011
455,906330,39095,ROSWELL RD NE@JOHNSON FERRY RD NE,33.925374,-84.379009
456,906331,39096,ROSWELL RD NE@SANDY SPRINGS CIR NE,33.92717,-84.37906
457,906332,39098,ROSWELL RD NE @ VERNON WOODS DR NE,33.929308,-84.37919
458,906360,39100,ROSWELL RD NE @ 6509,33.934417,-84.379717
459,906361,39102,ROSWELL RD NE @ CLIFTWOOD DR NE,33.916242,-84.379236
460,906362,39117,MT VERNON HWY@BOYLSTON DR,33.924369,-84.377367
461,906363,39124,JOHNSON FERRY RD@KAYRON DR,33.923038,-84.370644
462,906333,39126,JOHNSON FERRY RD@KAYRON DR,33.923119,-84.370666
463,906334,39144,ROSWELL RD NE @ SANDY SPRINGS PL NE,33.920108,-84.379042
464,906335,39150,ROSWELL RD NE @ 5491,33.905167,-84.378537
465,903096,39184,MT VERNON HWY NW @ HAMMOND DR NW,33.919637,-84.390895
466,903157,39188,JOHNSON FERRY RD@MT VERNON HWY,33.924333,-84.376452
467,903158,39190,JOHNSON FERRY RD NE @ ROSWELL RD,33.924741,-84.378245
468,902662,39192,JOHNSON FERRY RD@HARLESTON RD,33.92371,-84.37488
469,902663,39194,JOHNSON FERRY RD@HARLESTON RD,33.923672,-84.374948
470,902664,39196,HAMMOND DR@BOYLSTON DR,33.919219,-84.376439
471,902753,39198,HAMMOND DR @ BOYLSTON DR,33.919036,-84.376903
472,902665,40017,HAMMOND DR NE @ GLENRIDGE DR NE,33.918924,-84.363267
473,902704,40038,HAMMOND DR @ CONCOURSE PKWY,33.918972,-84.352732
474,902816,40050,HAMMOND DR NE @ 1005,33.9189,-84.354671
475,902888,40086,HAMMOND DR @ PEACHTREE DUNWOODY RD,33.918695,-84.349954
476,902889,40118,ASHFORD DUNWOODY RD @ RAVINIA DR,33.922214,-84.338831
477,902890,40130,PEACHTREE DUNWOODY RD @ HOLLIS COBB CIR,33.908537,-84.351944
478,902884,40152,ASHFORD DUNWOODY RD NE@RAVINIA DR,33.920977,-84.338791
479,902885,40156,PERIMETER CTR E @ ASHFORD DUNWOODY,33.923825,-84.33747
480,902886,40158,PERIMETER CTR E @ ASHFORD DUNWOODY,33.926156,-84.336697
481,902891,40160,PERIMETER CTR E @ ASHFORD DUNWOODY RD,33.926453,-84.336617
482,903034,40208,PEACHTREE DUNWOODY RD @ JOHNSON FERRY RD,33.907455,-84.35239
483,902999,40216,HAMMOND DR NE @ PEACHTREE DUNWOODY RD,33.918901,-84.349888
484,903000,40218,HAMMOND DR @ PERIMETER CENTER PKY,33.92054,-84.345629
485,903001,40256,CHAMBLEE DUNWOODY RD @ CLAIRVIEW DR,33.890869,-84.290004
486,903033,40258,HAMMOND DR @ CONCOURSE PKY NE,33.919048,-84.356509
487,902868,40259,HAMMOND DR NE @ BARFIELD RD NE,33.919113,-84.360336
488,902869,40260,HAMMOND RD NE @ CONCOURSE PKY NE,33.918872,-84.357068
489,902828,40298,PERIMETER CTR E @ ASHFORD DUNWOODY RD,33.923574,-84.337818
490,902867,40300,PERIMETER CTR E @ LINCOLN PKY E,33.922102,-84.330101
491,903198,40304,ASHFORD DUNWOODY RD@MEADOW LANE RD,33.932067,-84.337395
492,903199,40318,HAMMOND DR@GLENRIDGE DR,33.919057,-84.363941
493,903164,40506,SANDY SPRINGS STATION,33.931821,-84.350969
494,903165,40900,MEDICAL CENTER STATION,33.910569,-84.351215
495,903009,40910,DUNWOODY STATION,33.920969,-84.344734
496,903010,40914,HAMMOND DR NE @ BARFIELD RD,33.918943,-84.360434
497,903039,40916,PERIMETER CTR E @ 74,33.923575,-84.334572
498,903040,40918,PERIMETER CTR E @ 64,33.92149,-84.332011
499,903041,40920,PERIMETER CTR E @ 24,33.925696,-84.330595
500,903011,40924,PERIMETER CTR E @ 50,33.92438,-84.329822
501,903012,40926,PERIMETER CTR E @ 24,33.925624,-84.33065
502,903013,40928,PERIMETER CTR E @ 72,33.923888,-84.334463
503,903014,40930,PERIMETER CTR E @ 14,33.92567,-84.332639
504,903043,40932,PERIMETER CTR E @ 53,33.92157,-84.331761
505,903044,41002,N PEACHTREE RD @ PEACHTREE INDUSTRIAL,33.904514,-84.295143
506,903076,41004,N PEACHTREE RD @ 3930,33.907868,-84.296267
507,903077,41005,DUNWOODY PARK @ N SHALLOWFORD RD,33.92605,-84.31076
508,903015,41006,N PEACHTREE RD @ N SHALLOWFORD RD,33.910282,-84.297392
509,903037,41007,N PEACHTREE RD @ SPRING WALK CT,33.912616,-84.298571
510,903038,41009,DUNWOODY PARK @ CHAMBLEE DUNWOODY RD,33.924076,-84.31471
511,902676,41011,N PEACHTREE RD @ TALLEY DR,33.898655,-84.294073
512,902757,41012,N PEACHTREE RD @ TERRELL DR,33.901482,-84.294785
513,902758,41013,DUNWOODY PARK DR @ DUNWOODY PARK N,33.924049,-84.313904
514,902759,41014,N PEACHTREE RD @ PEACHTREE INDUSTRIAL BLVD,33.904251,-84.295563
515,902760,41016,N PEACHTREE RD @ PLANTATION LN,33.90962,-84.297065
516,902677,41018,N PEACHTREE RD @ N SHALLOWFORD RD,33.911419,-84.298307
517,902678,41020,N PEACHTREE RD @ SPRING WALK CT,33.912651,-84.299004
518,902679,41024,N PEACHTREE RD @ PERIMETER PARK DR,33.917071,-84.299039
519,902680,41028,N PEACHTREE RD @ PERIMETER PARK DR,33.917182,-84.298577
520,902761,41030,N PEACHTREE RD @ SAVOY DR,33.918587,-84.29715
521,902762,41032,N PEACHTREE RD @ SAVOY DR,33.91888,-84.297325
522,902763,41034,N PEACHTREE RD@DUNWOODY XING,33.922049,-84.296748
523,902764,41036,N PEACHTREE RD @ KINGS POINT CIR,33.923561,-84.295906
524,902681,41037,N PEACHTREE RD @ BROOKHURST DR,33.926263,-84.295208
525,903212,41063,CHAMBLEE DUNWOODY RD @ N SHALLOWFORD RD,33.92805,-84.314902
526,903174,41074,CHAMBLEE DUNWOODY RD @ N SHALLOWFORD RD,33.927816,-84.314867
527,905596,41098,N SHALLOWFORD RD @ COMMODORE DR,33.917577,-84.303806
528,905597,41100,SHALLOWFORD RD@SAVOY DR,33.919663,-84.305015
529,905598,41102,N SHALLOWFORD RD @ SAVOY DR,33.919689,-84.304938
530,905599,41104,N SHALLOWFORD RD @ COTILLION DR,33.921166,-84.305428
531,905482,41106,SHALLOWFORD RD@COTILLION DR,33.921247,-84.305581
532,905483,41108,N SHALLOWFORD RD @ PEACHFORD RD,33.92347,-84.306676
533,905484,41110,N SHALLOWFORD RD @ 4500,33.924919,-84.308077
534,905485,41114,N SHALLOWFORD RD@PERNOSHALL CT,33.925534,-84.308914
535,905600,41116,N SHALLOWFORD RD @ PERNOSHALL CT,33.925749,-84.308946
536,905601,41118,DUNWOODY PARK @ N SHALLOWFORD RD,33.926071,-84.310962
537,905834,41126,PEELER RD @ SHALLOWFORD RD,33.929696,-84.313337
538,905716,41128,PEELER RD@INDEPENDENCE SQ,33.930089,-84.311495
539,905836,41150,SHALLOWFORD RD@PEACHFORD RD,33.923257,-84.306941
540,905837,41152,N PEACHTREE RD @ PEACHTREE INDUSTRIAL BLVD,33.90627,-84.29578
541,905838,41154,N PEACHTREE RD @ N HILL PKY,33.913683,-84.298992
542,905720,41156,N PEACHTREE RD @ DUNWOODY XING,33.922156,-84.296276
543,905721,41158,N PEACHTREE RD@FOREST TRL,33.924215,-84.296204
544,905722,41160,N PEACHTREE RD @ N HILL PKY,33.913719,-84.299101
545,905723,41162,N PEACHTREE RD @ PEACHTREE INDUSTRIAL BLVD,33.905861,-84.295945
546,905839,41164,PEACHTREE RD @ INGERSOLL RAND DR,33.895703,-84.295509
547,905840,41166,PEELER RD@OLDE VILLAGE LN,33.934118,-84.30777
548,906075,41168,N SHALLOWFORD RD @ PEACHFORD RD,33.924188,-84.307903
549,906076,41170,N PEACHTREE RD @ GENTRYS WALK,33.916567,-84.299462
550,906077,42002,PARK AVE @ BUFORD HWY NE,33.900683,-84.278716
551,905966,42007,WOODWIN RD @ TILLY MILL RD,33.91891,-84.27988
552,905968,42009,TILLY MILL RD @ PEACHTREE INDUSTRIAL BLVD,33.92241,-84.28113
553,906079,42011,PEACHTREE INDUSTRIAL BLVD @ PEACHTREE SQ,33.924765,-84.278342
554,906081,42013,PEACHTREE INDUSTRIAL BLVD @ PEACHTREE SQ,33.9254,-84.276806
555,905970,42015,WINTERS CHAPEL RD @ AMWILER RD NW,33.929394,-84.265047
556,905971,42016,BUFORD HWY@5700,33.906469,-84.269846
557,906015,42017,WINTERS CHAPEL RD @ CLARKE DR,33.92805,-84.26731
558,906016,42018,BUFORD HWY NE @ CHESTNUT DR,33.900754,-84.276603
559,905262,42019,WINTERS CHAPEL RD @ RENAISSANCE BLVD,33.92633,-84.26926
560,905263,42020,BUFORD HWY NE @ LONGMIRE WAY,33.905083,-84.271285
561,905264,42021,WINTERS CHAPEL RD @ HOMELAND DR,33.924913,-84.270116
562,905375,42022,OAKCLIFF RD @ BUFORD HWY,33.91108,-84.26247
563,905376,42023,WINTERS CHAPEL RD @ CHICOPEE RD,33.9208,-84.27014
564,905377,42024,WINTERS CHAPEL RD @ OAKCLIFF RD,33.91902,-84.26971
565,905378,42025,WOODWIN RD @ WINTERS CHAPEL RD,33.91494,-84.27038
566,905379,42026,BUFORD HWY@MCELROY RD,33.906925,-84.269007
567,905265,42027,WOODWIN RD @ 2766,33.9176,-84.27571
568,905266,42028,BUFORD HWY@MCELROY RD,33.908902,-84.26686
569,905383,42040,N PEACHTREE RD @ TERRELL DR,33.90139,-84.294334
570,905311,42042,PEACHTREE INDUSTRIAL BLVD @ JOHN GLENN DR,33.905637,-84.294518
571,906147,42048,PEACHTREE INDUSTRIAL BLVD @ PEACHTREE RD,33.909609,-84.290279
572,906173,42050,TILLY MILL RD @ PEACHTREE INDUSTRIAL BLVD,33.924126,-84.281784
573,906174,42052,TILLY MILL RD@STONINGTON RD,33.926346,-84.2827
574,906175,42054,TILLY MILL RD@BINGHAMTON DR,33.927448,-84.283165
575,906176,42056,TILLY MILL RD@LAURELWOOD RD,33.929018,-84.283711
576,906148,42057,TILLY MILL RD @ BRIERS NORTH DR,33.932553,-84.285213
577,906149,42058,PEACHTREE INDUSTRIAL BLVD @ TILLY MILL RD,33.924345,-84.280652
578,906151,42062,PEACHTREE INDUSTRIAL BLVD @ HOMELAND DR,33.925901,-84.277437
579,906177,42064,PEACHTREE INDUSTRIAL BLVD@6706,33.926911,-84.275018
580,906178,42066,PEACHTREE INDUSTRIAL BLVD @ PEACHTREE PLACE PKWY,33.929995,-84.267836
581,906179,42068,PEACHTREE IND BLVD @ N SHALLOWFORD RD,33.909672,-84.290682
582,906180,42070,PEACHTREE IND BLVD @ JOHN GLENN DR,33.905709,-84.29454
583,906199,42074,NEW PEACHTREE RD @ 6145,33.905443,-84.275968
584,906200,42076,NEW PEACHTREE RD @ LONGMIRE WAY,33.907625,-84.273135
585,906206,42080,NEW PEACHTREE RD @ MCELROY RD,33.910943,-84.267686
586,906207,42081,NEW PEACHTREE RD @ MCELROY RD,33.911097,-84.267569
587,906208,42082,NEW PEACHTREE RD @ OAKCLIFF RD,33.911854,-84.265572
588,906232,42084,OAKCLIFF RD@3061,33.911012,-84.262719
589,906234,42088,OAKCLIFF RD@PIN OAK CIR,33.906649,-84.254662
590,906235,42090,OAKCLIFF RD @ 3417,33.904984,-84.254533
591,906209,42092,OAKCLIFF RD@OAKCLIFF INDUSTRIAL ST,33.902764,-84.253336
592,906210,42094,OAKCLIFF RD @ NORTHCREST RD,33.90099,-84.250789
593,906211,42096,OAKCLIFF RD@OAKCLIFF INDUSTRIAL CT,33.903369,-84.247966
594,906212,42098,OAKCLIFF RD @ PLEASANTDALE RD,33.90454,-84.246512
595,906236,42100,PLEASANTDALE RD @ 4126,33.902848,-84.244862
596,906237,42102,NEW PEACHTREE RD @ OAKCLIFF RD,33.911662,-84.265991
597,906259,42106,OAKCLIFF RD@WINDSOR OAK DR,33.910366,-84.259682
598,906260,42108,OAKCLIFF RD@PIN OAK CIR,33.906577,-84.254553
599,906266,42110,OAKCLIFF RD@3420,33.903964,-84.254043
600,906267,42112,OAKCLIFF RD @ OAKCLIFF INDUSTRIAL ST,33.902237,-84.252762
601,906268,42114,OAKCLIFF RD @ NORTHCREST RD,33.901089,-84.251091
602,906269,42116,OAKCLIFF RD@OAKCLIFF INDUSTRIAL CT,33.903477,-84.247966
603,906274,42118,OAKCLIFF RD @ PLEASANTDALE RD,33.904295,-84.247112
604,906276,42122,NEW PEACHTREE RD @ LONGMIRE WAY,33.907452,-84.27363
605,906277,42124,NEW PEACHTREE RD @ 6190,33.905622,-84.275936
606,906270,42126,PLEASANTDALE RD @ 4111,33.902794,-84.244657
607,906271,42130,PEACHTREE INDUSTRIAL BLVD@6670,33.92793,-84.272718
608,906272,42144,PEACHTREE INDUSTRIAL BLVD@6750,33.928896,-84.27044
609,905338,42166,OAKCLIFF RD@PIN OAK CIR,33.91024,-84.259386
610,905508,42900,DORAVILLE STATION,33.902424,-84.280467
611,905577,44002,ROSWELL RD NE @ MIDVALE DR NE,33.872971,-84.38097
612,905578,44004,ROSWELL RD NE @ WIEUCA RD NE,33.875271,-84.380612
613,905579,44006,ROSWELL RD NE @ DILBECK PL NW,33.877285,-84.379764
614,905627,44008,ROSWELL RD NE @ WINDSOR PKWY NE,33.879245,-84.379733
615,905629,44014,ROSWELL RD NE @ MYSTIC PL NE,33.88297,-84.37994
616,905580,44018,ROSWELL RD NE @ MIDVALE DR NE,33.873007,-84.381089
617,905626,44020,ROSWELL RD NE @ WIEUCA RD NE,33.876251,-84.380348
618,905812,44024,ROSWELL RD NE @ WINDSOR PKWY NE,33.879306,-84.379915
619,905814,44028,ROSWELL RD NE @ OSNER DR NE,33.895022,-84.381388
620,905743,44030,ROSWELL RD NE @ MT PARAN RD NE,33.897528,-84.381554
621,905744,44032,ROSWELL RD NE @ MARYEANNA DR,33.900208,-84.380478
622,905746,44036,ROSWELL RD NE@MYSTIC PL NE,33.883138,-84.380128
623,905815,44038,ROSWELL RD NE@MYSTIC DR,33.884418,-84.380749
624,905863,44042,ROSWELL RD NE @ LONG ISLAND DR NE,33.887263,-84.381677
625,905864,44045,ROSWELL RD NE@W BELLE ISLE RD NE,33.889915,-84.381535
626,905869,44046,ROSWELL RD NE@HARDEMAN RD,33.8924,-84.38119
627,905870,44058,ROSWELL RD NE @ MYSTIC CT,33.884946,-84.380978
628,905871,44062,ROSWELL RD NE @ LONG ISLAND DR NE,33.887039,-84.381622
629,905988,44064,ROSWELL RD NE @ BELLE ISLE RD NE,33.890188,-84.381275
630,905989,44066,ROSWELL RD NE @ PARK AVE NE,33.892866,-84.381125
631,906102,44074,ROSWELL RD NE@BEACHLAND DR NE,33.89771,-84.38142
632,905991,44078,ROSWELL RD NE@GREEN HILL RD NE,33.90044,-84.38
633,905587,45104,PEACHTREE RD NE @ HERMANCE DR NE,33.871537,-84.332355
634,905588,45106,PEACHTREE RD @ LANIER DR,33.873621,-84.33044
635,905471,45108,PEACHTREE RD@LANIER DR,33.873942,-84.330221
636,905472,45110,PEACHTREE RD@HERMANCE DR,33.871633,-84.332475
637,905707,46008,NEW PEACHTREE RD @ HOOD AVE,33.889521,-84.302006
638,905708,46010,JOHNSON FERRY RD @ JEFFERSON CIR S,33.886892,-84.317056
639,905709,46014,CHAMBLEE TUCKER @ PEACHTREE RD,33.888404,-84.309379
640,905825,46020,JOHNSON FERRY RD @ KESWICK DR,33.888409,-84.318524
641,905827,46022,JOHNSON FERRY RD NE @ DURDEN DR NE,33.890526,-84.320977
642,905951,46032,PEACHTREE RD @ ASHFORD DUNWOODY RD,33.875326,-84.327858
643,905952,46034,PEACHTREE RD NE @ REDDING RD NE,33.876324,-84.326092
644,906067,46046,PEACHTREE IND BLVD @ MILLER DR,33.8932,-84.307417
645,906068,46048,PEACHTREE IND BLVD @ PIERCE DR,33.89416,-84.306124
646,906069,46050,PEACHTREE INDUSTRIAL BLVD @ CHAMBLEE DUNWOODY RD,33.895455,-84.304727
647,905954,46052,PEACHTREE INDUSTRIAL BLVD @ IVY LN,33.89745,-84.302744
648,906003,46058,PEACHTREE IND BLVD @ BROAD ST,33.898435,-84.301873
649,905247,46060,PEACHTREE BLVD @ IVY LN,33.89754,-84.302788
650,905361,46062,PEACHTREE IND BLVD @ CHAMBLEE DUNWOODY,33.894971,-84.305485
651,905363,46066,PEACHTREE IND BLVD @ MILLER DR,33.89325,-84.307861
652,905248,46070,PEACHTREE IND BLVD @ CLAIRMONT RD,33.888655,-84.313375
653,905249,46078,PEACHTREE RD NE @ 4839,33.881281,-84.320237
654,905250,46080,PEACHTREE RD @ REDDING RD,33.87669,-84.325659
655,905251,46082,PEACHTREE RD@ASHFORD DUNWOODY RD,33.875374,-84.32788
656,905538,46118,CHAMBLEE TUCKER RD @ W HOSPITAL AVE,33.885731,-84.294586
657,905539,46120,CHAMBLEE TUCKER RD @ CATALINA DR,33.885752,-84.297869
658,905608,46122,CHAMBLEE TUCKER RD @ HOOD AVE,33.885761,-84.300507
659,905609,46126,CHAMBLEE TUCKER RD @ WATKINS AVE,33.885777,-84.30336
660,905610,46128,CHAMBLEE TUCKER RD @ NEW PEACHTREE R,33.885818,-84.305
661,905650,46132,CHAMBLEE TUCKER RD @ FLIGHTWAY DR,33.885591,-84.297771
662,905842,46152,NEW PEACHTREE RD @ HARDEE AVE,33.885983,-84.307833
663,905725,46156,NEW PEACHTREE RD @ HARDEE AVE,33.885736,-84.308323
664,905895,46180,NEW PEACHTREE RD @ HOOD AVE,33.889604,-84.301543
665,906084,46184,NEW PEACHTREE RD @ CHAMBLEE DUNWOODY RD,33.891373,-84.299555
666,906085,46186,CHAMBLEE DUNWOODY RD @ BLACKBURN WAY,33.891784,-84.296974
667,906086,46201,JOHNSON FERRY RD NE @ DURDEN DR NE,33.890517,-84.321205
668,905191,46202,PEACHTREE INDUSTRIAL BLVD @ MCGAW DR,33.887608,-84.314214
669,905193,46204,PEACHTREE INDUSTRIAL BLVD @ CHAMBLEE TUCKER RD,33.890095,-84.311437
670,906019,46206,CHAMBLEE TUCKER RD @ 5193,33.888708,-84.309695
671,905314,46216,CLAIRMONT RD@TOBEY RD,33.872205,-84.30936
672,905384,46218,CLAIRMONT RD@AIRPORT RD,33.876358,-84.309403
673,905385,46220,CLAIRMONT RD@DYER CIR,33.880609,-84.309424
674,905386,46222,CLAIRMONT RD NE@LAWSON WAY,33.882005,-84.309424
675,905387,46224,CLAIRMONT RD@WINGATE RD,33.882732,-84.309395
676,905315,46226,CLAIRMONT RD@NEW PEACHTREE RD,33.885218,-84.310055
677,905316,46234,CLAIRMONT RD NE @ WINGATE RD,33.883052,-84.309635
678,905317,46236,CLAIRMONT RD NE @ LAWSON DR,33.882131,-84.30957
679,905318,46238,CLAIRMONT RD NE @ 5TH ST,33.880188,-84.309579
680,906120,46240,CLAIRMONT RD NE @ 8TH ST,33.876833,-84.309543
681,906121,46242,CLAIRMONT RD NE @ 9TH ST,33.87557,-84.309565
682,906122,46262,PEACHTREE BLVD @ PEACHTREE RD,33.883044,-84.317416
683,906123,46263,PEACHTREE IND BLVD @ JOHNSON FERRY,33.886444,-84.315009
684,905319,46264,PEACHTREE RD NE @ 4829,33.880898,-84.320503
685,906155,46273,CHAMBLEE TUCKER RD @ W HOSPITAL AVE,33.885636,-84.295647
686,906181,46276,PEACHTREE RD@CHAMBLEE DUNWOODY WAY,33.891821,-84.301478
687,906214,46308,JOHNSON FERRY RD NE @ ASHFORD DUNWOODY RD NE,33.891993,-84.325757
688,906215,46310,CLAIRMONT RD NE @ NEW PEACHTREE RD,33.88466,-84.30993
689,906242,46328,CHAMBLEE DUNWOODY RD @ BLACKBURN WAY,33.891847,-84.296832
690,905395,46334,JOHNSON FERRY RD NE @ GATEBURY CIR,33.887661,-84.318337
691,905509,46336,PEACHTREE INDUSTRIAL BLVD @ JOHNSON FERRY RD,33.885612,-84.315807
692,905398,46509,PEACHTREE IND BLVD @ MCGAW DR,33.886981,-84.314791
693,905514,46900,CHAMBLEE STATION - EAST LOOP,33.887675,-84.305039
694,905515,46901,CHAMBLEE STATION - WEST LOOP,33.888495,-84.305504
695,905399,47002,NEW PEACHTREE RD @ 5918,33.89993,-84.282489
696,905747,47064,BUFORD HWY@WOODSIDE WAY,33.874538,-84.294174
697,905748,47065,BUFORD HWY NE @ SHALLOWFORD TER,33.876497,-84.293397
698,905631,47069,BUFORD HWY@CHAMBLEE TUCKER RD,33.885544,-84.288221
699,905632,47080,BUFORD HWY NE@SHALLOWFORD TER,33.877098,-84.29287
700,905633,47082,BUFORD HWY NE@4725,33.879169,-84.291641
701,905634,47084,BUFORD HWY NE@BEVERLY HILLS DR,33.88166,-84.290329
702,905865,47092,BUFORD HWY NE @ 4995,33.887817,-84.287
703,905866,47094,BUFORD HWY NE @ SHALLOWFORD RD,33.889614,-84.285942
704,905867,47096,BUFORD HWY NE @ MCCLAVE DR,33.891457,-84.284859
705,905873,47100,BUFORD HWY NE @ MCCLAVE DR,33.891333,-84.285147
706,905874,47102,BUFORD HWY NE @ 5203,33.894445,-84.283253
707,905875,47104,BUFORD HWY NE@5269,33.89616,-84.281937
708,905876,47106,BUFORD HWY NE @ 5200,33.89417,-84.28361
709,905994,47108,BUFORD HWY NE @ 5280,33.896576,-84.281877
710,905995,47110,BUFORD HWY NE@OAKMONT AVE,33.897614,-84.28022
711,905996,47112,BUFORD HWY NE @ OAKMONT AVE,33.898383,-84.279763
712,905997,47114,BUFORD HWY@LONGMIRE,33.905387,-84.271187
713,905877,47116,BUFORD HWY NE @ JESSE NORMAN WAY,33.901407,-84.275993
714,906112,47123,PEACHTREE RD@AMERICAN INDUSTRIAL W,33.892035,-84.300876
715,906114,47125,PEACHTREE RD@BROAD ST,33.894044,-84.298702
716,906108,47127,PEACHTREE RD @ N PEACHTREE RD,33.895878,-84.294776
717,906109,47128,N PEACHTREE RD @ PEACHTREE RD,33.896768,-84.293857
718,906110,47130,N PEACHTREE RD @ CLEMSON DR,33.898819,-84.2938
719,906115,47131,PEACHTREE RD@BROAD ST,33.89387,-84.299407
720,906116,47132,N PEACHTREE RD @ PEACHTREE RD,33.896404,-84.294098
721,906117,47133,PEACHTREE RD@BROAD ST,33.894593,-84.297396
722,905163,47134,SHALLOWFORD RD NE @ WOODSIDE WAY,33.873919,-84.290012
723,905231,47135,SHALLOWFORD RD NE @ SHALLOWFORD PL,33.878742,-84.287179
724,905232,47136,SHALLOWFORD RD NE @ BEVERLY HILLS DR,33.880004,-84.286895
725,905233,47137,SHALLOWFORD RD NE @ LAVENTURE DR,33.883345,-84.284812
726,905234,47139,SHALLOWFORD RD NE @ ADDISON DR,33.886088,-84.284942
727,905349,47140,CHAMBLEE DUNWOODY RD @ BUFORD HWY NE,33.889087,-84.286194
728,905356,47144,CHAMBLEE DUNWOODY RD @ CLAIRVIEW DR,33.890538,-84.289155
729,905350,47148,CHAMBLEE DUNWOODY RD @ CUMBERLAND DR,33.89172,-84.292226
730,905351,47150,CHAMBLEE DUNWOODY RD @ W HOSPITAL AVE,33.891864,-84.294578
731,905352,47152,CHAMBLEE TUCKER RD@BARKSIDE CT,33.880539,-84.263179
732,905353,47158,CHAMBLEE TUCKER RD @ DEKALB TECHNOLOGY PKWY,33.880196,-84.274536
733,905403,47162,CHAMBLEE TUCKER RD @ HOLIDAY PL,33.882355,-84.278966
734,905404,47164,CHAMBLEE TUCKER RD @ BAGLEY DR,33.883282,-84.281937
735,905405,47166,CHAMBLEE TUCKER RD @ SHALLOWFORD RD,33.885647,-84.284843
736,905406,47168,CHAMBLEE TUCKER RD @ CARROLL CIR,33.88575,-84.28986
737,905475,47170,CHAMBLEE TUCKER RD @ CUMBERLAND DR,33.885757,-84.29155
738,905522,47174,CHAMBLEE TUCKER RD@ALTON RD,33.880747,-84.262274
739,905474,47180,CHAMBLEE TUCKER RD @ DRESDEN DR,33.879703,-84.27409
740,905589,47182,CHAMBLEE TUCKER RD @ DEKALB TECH PKWY,33.880608,-84.275156
741,905590,47184,CHAMBLEE TUCKER RD @ HOLIDAY PL,33.882409,-84.279576
742,905591,47186,CHAMBLEE TUCKER RD @ SHALLOWFORD RD,33.885606,-84.28515
743,905592,47192,CHAMBLEE TUCKER RD @ 2331,33.885635,-84.294406
744,905594,47204,CHAMBLEE DUNWOODY RD @ W HOSPITAL AVE,33.891748,-84.29424
745,905595,47206,CHAMBLEE DUNWOODY RD @ CUMBERLAND DR,33.891622,-84.292226
746,905635,47208,CHAMBLEE DUNWOODY RD @ BUFORD HWY NE,33.889356,-84.286934
747,905640,47210,SHALLOWFORD RD NE @ CHAMBLEE TUCKER RD,33.886187,-84.285106
748,905641,47212,SHALLOWFORD RD NE @ LA VENTURE DR,33.883744,-84.284933
749,905828,47214,SHALLOWFORD RD NE @ ORTEGA WAY,33.881498,-84.286012
750,905711,47216,SHALLOWFORD RD NE @ SHALLOWFORD PL,33.878966,-84.287244
751,905755,47218,SHALLOWFORD RD NE @ SHALLOWFORD TER,33.876568,-84.288465
752,905756,47220,SHALLOWFORD RD NE @ WOODSIDE WAY,33.874017,-84.290077
753,905829,47228,BUFORD HWY NE @ BEVERLY HILLS DR,33.882027,-84.290346
754,905830,47230,BUFORD HWY NE @ 4770,33.878368,-84.292373
755,905886,47246,I-85 ACCESS RD NORTH (N.E. EXPY) @ 3355,33.874607,-84.275673
756,905879,47248,I-85 ACCESS RD NORTH (N.E. EXPY) @ WOODCOCK BLVD,33.875918,-84.274582
757,907494,47266,SHALLOWFORD RD@NEW PEACHTREE,33.898215,-84.283455
758,906004,47267,NEW PEACHTREE RD@ 5935,33.900317,-84.281537
759,906073,47268,BUFORD HWY NE @ CHAMBLEE DUNWOODY RD,33.889329,-84.286357
760,905185,47292,CHAMBLEE TUCKER RD@PRESIDENTIAL PK,33.877807,-84.270681
761,905186,47293,CHAMBLEE TUCKER RD@STANTONDALE DR,33.880113,-84.265477
762,905301,47298,CHAMBLEE TUCKER RD@PRESIDENTIAL PKY,33.877745,-84.271047
763,905302,47300,CHAMBLEE TUCKER RD @ CUMBERLAND DR,33.885625,-84.291324
764,905369,47310,CHAMBLEE TUCKER RD@STANTONDALE DR,33.879869,-84.265684
765,905370,47312,CHAMBLEE TUCKER RD@EMBRY CIR,33.883284,-84.258842
766,907477,47320,SHALLOWFORD RD @ BUFORD HWY,33.889919,-84.28579
767,907478,47322,SHALLOWFORD RD@ 3552,33.892604,-84.28641
768,905417,47326,PEACHTREE RD @ INGERSOLL RAND DR,33.895366,-84.295413
769,905418,47328,SHALLOWFORD RD NE @ WHISPERING HILLS DR,33.876157,-84.288632
770,905419,47330,SHALLOWFORD RD NE @ ORTEGA WAY,33.881422,-84.285877
771,905425,47338,SHALLOWFORD RD NE @ BEVERLY HILLS DR,33.880111,-84.286928
772,905540,47340,BUFORD HWY @ CHAMBLEE TUCKER RD,33.884882,-84.28882
773,905541,47342,CHAMBLEE TUCKER RD @ BUFORD HWY,33.885861,-84.287856
774,905542,47344,CHAMBLEE TUCKER RD@MERCER UNIVERSI,33.877491,-84.270063
775,905543,47346,CHAMBLEE TUCKER RD @ ASCOT CT,33.881799,-84.277388
776,905651,47348,CHAMBLEE TUCKER RD @ ASCOT CT,33.881772,-84.277573
777,905652,48002,HENDERSON MILL RD @ ASHWOOD LN,33.879027,-84.248317
778,905653,48003,HENDERSON MILL RD @ CHAMBLEE TUCKER RD,33.881978,-84.24545
779,905654,48004,HENDERSON MILL RD@SHABROMAT WAY,33.877597,-84.251214
780,905544,48008,CHAMBLEE TUCKER RD@NORTHCREST RD,33.885533,-84.247842
781,905896,48026,CHAMBLEE TUCKER RD@NORTHCREST RD,33.885417,-84.247712
782,905777,48034,CHAMBLEE TUCKER RD@BUCKEYE RD,33.885597,-84.255722
783,905778,48040,CHAMBLEE TUCKER RD @ HENDERSON MILL,33.883043,-84.244915
784,905779,48042,HENDERSON MILL RD@CHAMBLEE TUCKER,33.882122,-84.245524
785,905898,48044,HENDERSON MILL RD@ASHWOOD LN,33.879612,-84.24762
786,905899,48046,HENDERSON MILL@3208,33.879078,-84.248886
787,905900,48048,HENDERSON MILL RD @ SHABROMAT WAY,33.877616,-84.25128
788,905901,48050,HENDERSON MILL RD@EVANS RD,33.871742,-84.251259
789,905780,48052,FLOWERS RD S @ MERCER UNIVERSITY DR,33.875057,-84.256393
790,905781,48054,FLOWERS RD@MERCER UNIVERSITY DR,33.874992,-84.255883
791,905782,48064,PLEASANTDALE RD@4000,33.899555,-84.24382
792,905783,48066,PLEASANTDALE RD@3930,33.897444,-84.242843
793,906021,48068,PLEASANTDALE RD@3930,33.895626,-84.241478
794,905194,48070,PLEASANTDALE RD@3810,33.895237,-84.239599
795,905195,48072,PLEASANTDALE RD@3772,33.894887,-84.237508
796,905196,48073,PLEASANTDALE RD@3754,33.894638,-84.23687
797,905197,48074,PLEASANTDALE RD@3722,33.893723,-84.235435
798,906022,48075,TUCKER NORCROSS RD @ BRITT RD,33.882736,-84.219653
799,906023,48076,CHAMBLEE TUCKER RD @ TUCKER NORCROSS RD,33.880946,-84.219111
800,906024,48078,CHAMBLEE TUCKER RD@GLADNEY DR,33.878386,-84.218395
801,906025,48080,CHAMBLEE TUCKER RD@MENLO DR,33.875378,-84.218084
802,905198,48081,CHAMBLEE TUCKER RD@GLADNEY DR,33.878529,-84.218297
803,905199,48082,CHAMBLEE TUCKER RD@MENLO DR,33.875298,-84.218008
804,905200,48084,CHAMBLEE TUCKER RD@WEBB RD,33.873223,-84.217574
805,905201,48086,PLEASANTDALE RD @ 4025,33.899944,-84.243332
806,906026,48088,PLEASANTDALE RD@4021,33.896922,-84.24244
807,906027,48090,PLEASANTDALE RD @ 3845,33.895964,-84.241439
808,905320,48094,PLEASANTDALE RD@3772,33.894931,-84.237323
809,905321,48096,PLEASANTDALE RD@3722,33.893711,-84.234634
810,905322,48098,PLEASANTDALE RD@VALLEY BLUFF WAY,33.892474,-84.231194
811,906124,48100,PLEASANTDALE RD@VALLEY BLUFF WAY,33.892232,-84.230204
812,906126,48104,PLEASANTDALE RD @ WASHINGTON WAY,33.891837,-84.228843
813,905323,48108,PLEASANTDALE RD@PLEASANTDALE PKY,33.890503,-84.227701
814,905324,48110,PLEASANTDALE RD@PLEASANTDALE PKY,33.890476,-84.227592
815,905325,48112,PLEASANTDALE RD@SPRING HARBOR LN,33.888801,-84.22681
816,905326,48114,PLEASANTDALE RD @ SPRING HARBOR LN,33.8889,-84.226756
817,906128,48116,PLEASANTDALE RD@PLEASANT SHADE DR,33.887216,-84.225364
818,906129,48118,PLEASANTDALE RD@PLEASANT SHADE DR,33.887171,-84.225222
819,906130,48120,PLEASANTDALE RD@SHADOW WALK,33.884949,-84.222252
820,906131,48122,PLEASANTDALE RD@SHADOW WALK LN,33.884976,-84.222111
821,905371,48124,PLEASANTDALE RD @ TUCKER NORCROSS RD,33.884396,-84.220711
822,906160,48126,PLEASANTDALE RD @ TUCKER NORCROSS RD,33.884104,-84.22069
823,906161,48127,TUCKER NORCROSS RD@BRITT RD,33.882515,-84.219854
824,906162,48128,PLEASANTDALE RD @ VALLEY BLUFF WAY,33.892537,-84.231129
825,906163,48132,MERCER UNIVERSITY DR @ HENDERSON MILL RD,33.875262,-84.25334
826,906185,48134,HENDERSON MILL RD @ MERCER UNIVERSITY DR,33.875217,-84.252687
827,906186,48138,CHAMBLEE TUCKER RD @ N EMBRY CIR,33.882908,-84.261132
828,906187,48140,CHAMBLEE TUCKER RD@EMBRY CIR,33.883383,-84.259645
829,906188,48142,CHAMBLEE TUCKER RD@MERCER UNIVERSI,33.878314,-84.268548
830,906164,48144,CHAMBLEE TUCKER RD @ BUCKEYE RD,33.884537,-84.256515
831,906165,48146,FLOWERS RD S @ UNIVERSITY CIR W,33.870373,-84.263611
832,906167,48150,CHAMBLEE TUCKER RD@BUCKEYE RD,33.88443,-84.257427
833,906168,48151,CHAMBLEE TUCKER RD @ STRATFORD ARMS,33.883242,-84.281971
834,906189,48152,CHAMBLEE TUCKER RD@MERCER UNIVERSI,33.878604,-84.268809
835,906190,48154,CHAMBLEE TUCKER RD@STANTONDALE DR,33.879523,-84.267008
836,906191,48160,HENDERSON MILL RD@BOLERO DR,33.86585,-84.250879
837,906243,48162,CHAMBLEE TUCKER RD@STONECREST CT,33.885517,-84.250684
838,906244,48164,HENDERSON MILL RD@MERCER UNIVERSIT,33.875555,-84.253142
839,906245,48170,CHAMBLEE TUCKER RD @ 3365,33.88539,-84.255195
840,906223,48190,CHAMBLEE TUCKER RD @ HENDERSON MILL,33.884094,-84.245931
841,906246,48192,PLEASANTDALE RD@3637,33.892914,-84.232686
842,906247,48194,PLEASANTDALE RD@3637,33.89296,-84.233352
843,906248,48196,CHAMBLEE TUCKER RD@FONTANA CT,33.874192,-84.217959
844,906249,48198,CHAMBLEE TUCKER RD@FONTANA CT,33.874098,-84.217813
845,906225,49002,LAWRENCEVILLE HWY @ OLD NORCROSS RD,33.856888,-84.207146
846,906226,49004,LAWRENCEVILLE HWY @ OLD NORCROSS RD,33.857379,-84.207416
847,906227,49006,LAWRENCEVILLE HWY @ COFER CIR,33.858994,-84.203354
848,906250,49007,LAWRENCEVILLE HWY @ 4375,33.85774,-84.205246
849,906098,49008,LAWRENCEVILLE HWY @ N ROYAL ATLANTA DR,33.86054,-84.200588
850,905275,49010,N ROYAL ATLANTA DR @ LAWRENCEVILLE HWY,33.8602,-84.200077
851,905276,49012,N ROYAL ATLANTA DR @ TUCKERSTONE PKY,33.859344,-84.199013
852,905277,49014,N ROYAL ATLANTA DR @ 4667,33.85928,-84.196999
853,905278,49016,N ROYAL ATLANTA DR @ 4707,33.859303,-84.194489
854,906099,49018,MOUNTAIN INDUSTRIAL BLVD @ TUCKERSTONE PKY,33.857063,-84.198334
855,906100,49020,MOUNTAIN INDUSTRIAL BLVD @ 2530,33.857342,-84.195564
856,906101,49022,MOUNTAIN INDUSTRIAL BLVD @ 2558,33.857568,-84.192877
857,905207,49028,N ROYAL ATLANTA DR @ MOUNTAIN INDUSTRIAL BLVD,33.858906,-84.188477
858,905209,49030,N ROYAL ATLANTA DR @ 4823,33.859287,-84.191254
859,905400,49032,MOUNTAIN INDUSTRIAL BLVD @ GRANITE DR,33.844955,-84.200801
860,905401,49034,MOUNTAIN INDUSTRIAL BLVD @ 2145,33.847103,-84.200805
861,905445,49036,HUGH HOWELL RD @ MOUNTAIN IND BLVD,33.849136,-84.201484
862,905516,49038,HUGH HOWELL RD @ TUCKER IND RD,33.849132,-84.203186
863,905517,49040,HUGH HOWELL RD @ FULLER WAY,33.850191,-84.206461
864,905447,50004,NORTHSIDE PKY NW @ 3419,33.847548,-84.429273
865,905521,50011,HOWELL MILL RD @ 3193,33.841736,-84.427569
866,905752,50020,NORTH ATLANTA HIGH SCHOOL,33.866383,-84.442394
867,905682,50021,NORTHSIDE PKY NW @ 3487,33.850193,-84.430477
868,905683,50022,NORTHSIDE PKY NW @ 3487,33.850212,-84.430214
869,905684,50024,NORTHSIDE PKY NW @ 3330,33.847368,-84.429376
870,905753,50028,OLD MILTON PKWY @ HAYNES BRIDGE RD,34.070858,-84.292085
871,905927,51002,ROSWELL RD NE @ POWERS FERRY RD NW,33.855554,-84.382579
872,905998,51058,PEELER RD@VILLAGE MILL RD,33.931574,-84.309588
873,906000,51066,ROSWELL RD NE @ IVY PKWY NE,33.858301,-84.381075
874,906001,51068,ROSWELL RD NE @ IVY PKWY NE,33.857882,-84.381481
875,905928,51069,PIEDMONT RD NE @ HABERSHAM RD NE,33.853317,-84.381663
876,905289,52002,PIEDMONT RD NE @ TOWER PLACE DR,33.846358,-84.372646
877,905172,52008,PIEDMONT RD NE @ 3525,33.849936,-84.37747
878,905523,52010,PIEDMONT RD NE @ 3565,33.85092,-84.378984
879,905524,52012,PIEDMONT RD NE @ HABERSHAM RD NE,33.852924,-84.381053
880,905408,52016,PIEDMONT RD NE @ 3500,33.849614,-84.377089
881,905409,52020,PIEDMONT RD NE @ CARSON LN NE,33.848452,-84.374182
882,905410,52022,PIEDMONT RD NE @ TOWER PLACE DR NE,33.84651,-84.372831
883,905526,52025,PIEDMONT RD NE @ PEACHTREE RD NE,33.844399,-84.371807
884,905528,52028,ROSWELL RD NE @ SHELDON DR NE,33.860558,-84.380416
885,905411,52030,ROSWELL RD NE @ LAND O LAKES DR NE,33.862831,-84.380189
886,905412,52032,ROSWELL RD NE @ LAKEMOORE DR NE,33.865024,-84.380746
887,905413,52034,ROSWELL RD NE @ CHASTAIN DR NE,33.867548,-84.381031
888,905529,52038,ROSWELL RD NE @ RICKENBACKER DR NE,33.870188,-84.380989
889,905760,52058,PIEDMONT RD NE @ 3558,33.851152,-84.379376
890,905644,52064,ROSWELL RD NE @ RICKENBACKER DR NE,33.870358,-84.381109
891,905645,52066,ROSWELL RD NE @ LE BRUN RD,33.860334,-84.380558
892,905646,52068,ROSWELL RD NE @ LE BRUN RD NE,33.861167,-84.38045
893,905647,52070,ROSWELL RD NE @ LAUREL FOREST CIR,33.862509,-84.380276
894,905762,52072,ROSWELL RD NE @ LAKEMOORE DR,33.864746,-84.380757
895,905763,52074,ROSWELL RD NE @ CHASTAIN DR NE,33.86753,-84.381151
896,905764,52076,PEACHTREE RD NE@LENOX RD NE,33.850174,-84.362045
897,905765,52078,PEACHTREE RD NE @ LENOX RD,33.850395,-84.362343
898,905648,52080,PEACHTREE RD NE @ LENOX PKWY,33.849046,-84.363944
899,905882,52082,PEACHTREE RD NE @ 3414,33.849373,-84.363655
900,905887,52084,PEACHTREE RD NE@STRATFORD RD NE,33.848801,-84.366417
901,905888,52086,PEACHTREE RD NE@STRATFORD RD NE,33.848236,-84.36631
902,905889,52088,BUCKHEAD STATION - SOUTHBOUND,33.847874,-84.367296
903,905890,52090,BUCKHEAD STATION - NORTHBOUND,33.847366,-84.367542
904,906006,52092,PEACHTREE RD @ HIGHLAND DR,33.845641,-84.368791
905,905891,52098,PEACHTREE RD @ PIEDMONT RD,33.843456,-84.371445
906,905182,52150,PEACHTREE RD NE @ OAK VALLEY RD NE,33.851634,-84.360883
907,905188,52154,PEACHTREE RD@ROXBORO RD NE,33.853944,-84.357705
908,905189,52156,PEACHTREE RD@3669,33.854168,-84.355561
909,905190,52158,PEACHTREE RD NE@CANTRELL RD NE,33.854786,-84.353721
910,905303,52160,PEACHTREE RD NE@KINGSBORO RD NE,33.85553,-84.351566
911,905304,52162,PEACHTREE RD NE@CLUB DR NE,33.857078,-84.349041
912,905305,52164,PEACHTREE RD@CLUB DR,33.857741,-84.347235
913,905306,52166,PEACHTREE RD@BELLAIRE DR,33.857813,-84.347169
914,905236,52168,PEACHTREE RD@CLUB DR,33.857374,-84.348704
915,905237,52170,PEACHTREE RD@VERMONT RD,33.855413,-84.352176
916,905238,52172,PEACHTREE RD@NARMORE DR,33.854688,-84.354211
917,905426,52174,PEACHTREE RD@3660,33.854138,-84.356283
918,905421,52178,PEACHTREE RD @ WIEUCA RD,33.853326,-84.3601
919,905422,52182,PEACHTREE RD NE @ MAPLE DR NE,33.843217,-84.372473
920,905428,52220,LENOX RD NE @ FERNCLIFF RD NE,33.84358,-84.358093
921,905429,52222,PIEDMONT RD NE @ PEACHTREE RD NE,33.844667,-84.371829
922,905478,52234,PEACHTREE RD @ PEACHTREE DUNWOODY RD,33.854163,-84.357725
923,905666,52500,LENOX STATION,33.845245,-84.358006
924,905662,53002,BRIARWOOD RD@1433,33.84958,-84.33204
925,905712,53010,N DRUID HILLS RD @ CHILDERS RD,33.836602,-84.342788
926,905714,53014,N DRUID HILLS RD NE @ CURTIS DR,33.843467,-84.340091
927,905715,53016,N DRUID HILLS RD NE @ CURTIS DR,33.843199,-84.340755
928,905784,53020,N DRUID HILLS RD NE @ LENOX PARK BLVD,33.845069,-84.339264
929,905832,53022,N DRUID HILLS RD NE @ BROOKSHIRE LN,33.846833,-84.339134
930,905833,53024,N DRUID HILLS RD @ DRUID KNOLL DR,33.841534,-84.342148
931,905903,53025,N DRUID HILLS RD @ GAIL DR,33.840531,-84.342496
932,905904,53026,N DRUID HILLS RD NE @ WRIGHT AVE,33.841874,-84.342082
933,905905,53028,N DRUID HILLS RD NE @ GOODWIN RD,33.839833,-84.342876
934,905957,53030,N DRUID HILLS RD NE @ SYLVAN CIR NE (N),33.856695,-84.339952
935,905958,53031,N DRUID HILLS RD NE @ STANDARD DR,33.856758,-84.340072
936,905959,53034,N DRUID HILLS RD NE @ THORNWELL DR,33.854708,-84.339407
937,905960,53036,N DRUID HILLS RD NE @ SYLVAN CIR NE (S),33.854861,-84.339331
938,905906,53038,N DRUID HILLS RD NE @ PINE GROVE AVE,33.852471,-84.339135
939,905908,53042,N DRUID HILLS RD NE @ COLONIAL DR,33.850833,-84.338938
940,905956,53044,N DRUID HILLS RD NE @ BRIARWOOD RD,33.853179,-84.339135
941,905961,53045,N DRUID HILLS RD NE @ BROOKSHIRE LN,33.846909,-84.33931
942,905962,53052,BRIARWOOD RD@BRIARWOOD HILLS,33.851057,-84.334225
943,905963,53054,BRIARWOOD RD@COOSAWATTEE DR,33.85084,-84.33377
944,906074,53058,PEACHTREE RD NE@OSBORNE RD NE,33.865216,-84.337101
945,905257,53076,BUFORD HWY NE @ BRIARWOOD RD,33.844122,-84.327324
946,905258,53078,BUFORD HWY NE @ BRIARWOOD RD,33.844292,-84.327248
947,905259,53079,BRIARWOOD RD NE @ BUFORD HWY NE,33.844157,-84.326345
948,905252,53082,BUFORD HWY NE @ KNOLL PL NE,33.845733,-84.325659
949,905253,53084,BUFORD HWY NE @ AFTON LN,33.847335,-84.323722
950,905255,53088,BUFORD HWY NE @ AFTON LN NE,33.847944,-84.323402
951,905260,53090,BUFORD HWY NE @ 3557,33.849384,-84.321479
952,905261,53092,BUFORD HWY NE @ 3580,33.849465,-84.321512
953,905372,53094,BUFORD HWY NE@3567,33.850315,-84.320445
954,905373,53096,BUFORD HWY NE@3610,33.850404,-84.320467
955,905374,53098,BUFORD HWY NE@3649,33.851078,-84.319489
956,906132,53100,BUFORD HWY NE@3658,33.851317,-84.319444
957,906133,53102,BUFORD HWY NE@3691,33.85228,-84.317955
958,906134,53104,BUFORD HWY NE@3700,33.852543,-84.318105
959,906140,53108,BUFORD HWY NE@DREW VALLEY RD,33.854414,-84.315993
960,906141,53110,BUFORD HWY NE @ DREW VALLEY RD,33.853943,-84.316017
961,906142,53112,BUFORD HWY NE @ 3799,33.855003,-84.314774
962,906143,53114,BUFORD HWY NE@3814,33.855255,-84.315057
963,906136,53116,BUFORD HWY NE@CLAIRMONT TER,33.856338,-84.313848
964,906137,53118,BUFORD HWY NE@CLAIRMONT TER,33.85588,-84.31379
965,906138,53120,BUFORD HWY NE@CLAIRMONT RD,33.857589,-84.312285
966,906139,53122,BUFORD HWY NE @ CLAIRMONT RD NE,33.858235,-84.311823
967,906192,53126,BUFORD HWY NE@DERING CIR,33.859496,-84.310157
968,906169,53128,BUFORD HWY NE @ 4075,33.861832,-84.30757
969,906171,53130,BUFORD HWY NE @ DERING CIR,33.860499,-84.309286
970,906195,53134,CLAIRMONT RD NE @ BARONE AVE NE,33.842818,-84.314469
971,906196,53136,CLAIRMONT RD NE @ CLAIRMONT WAY,33.845695,-84.315402
972,906202,53140,CLAIRMONT RD NE @ WILMONT DR,33.85027,-84.315518
973,906203,53142,CLAIRMONT RD NE @ CLAIRMONT NORTH NE,33.852493,-84.314717
974,906204,53144,CLAIRMONT RD NE @ TANGLEWOOD CIR,33.854658,-84.313218
975,906197,53146,CLAIRMONT RD NE @ CLAIRMONT TER,33.855829,-84.312506
976,906198,53148,CLAIRMONT RD NE @ BUFORD HWY,33.858531,-84.311933
977,906231,53172,PEACHTREE RD NE@BROOKHAVEN DR NE,33.857527,-84.345308
978,906254,53174,PEACHTREE RD NE @ COLONIAL DR NE,33.857509,-84.343414
979,906255,53175,PEACHTREE RD @ N DRUID HILLS RD,33.858074,-84.341852
980,906256,53176,PEACHTREE RD NE @ N DRUID HILLS RD,33.859174,-84.340388
981,906257,53182,PEACHTREE RD NE @ OSBORNE RD NE,33.86506,-84.33705
982,906262,53186,PEACHTREE RD NE @ TOWN BLVD,33.86945,-84.334007
983,906263,53188,PEACHTREE RD@CROSS KEYS DR,33.868447,-84.334892
984,906264,53196,PEACHTREE RD @ BROOKHAVEN DR,33.857619,-84.343975
985,905210,53235,LAVISTA RD @ MAIN ST,33.85582,-84.214747
986,905327,53252,CLAIRMONT RD @ CENTURY PL,33.848104,-84.315439
987,905328,53254,CLAIRMONT RD@MCJENKIN DR,33.850395,-84.315395
988,905329,53256,CLAIRMONT RD@CLAIRMONT NORTH  NE,33.852337,-84.314611
989,905211,53258,CLAIRMONT RD@TANGLEWOOD CIR,33.854682,-84.313065
990,905212,53260,CLAIRMONT RD@CLAIRMONT TER,33.855935,-84.312303
991,905213,53262,CLAIRMONT RD @ BUFORD HWY,33.857852,-84.311785
992,905331,53267,N DRUID HILLS RD NE @ N CLIFF VALLEY WAY,33.844801,-84.339166
993,905457,53306,BRIARWOOD RD @ (OPPOSITE) 1599,33.84538,-84.32756
994,905573,53308,BRIARWOOD RD@KEYS CROSSING,33.84701,-84.3283
995,905574,53310,BRIARWOOD RD@PINE CONE LN,33.84797,-84.32928
996,905575,53312,BRIARWOOD RD@BRIARWOOD WAY,33.848972,-84.330568
997,905804,53320,BRIARWOOD RD@ 1322,33.852471,-84.335989
998,905805,53326,BRIARWOOD RD NE @ LIMEHURST DR,33.851746,-84.335227
999,905806,53328,BRIARWOOD RD NE @ YANCY LN NE,33.84942,-84.332016
1000,905690,53330,BRIARWOOD RD NE @ BRIARWOOD WAY,33.848892,-84.330546
1001,905691,53332,BRIARWOOD RD NE @ PINE CONE LN NE,33.847943,-84.329403
1002,905692,53334,BRIARWOOD RD NE @ KEYS CROSSING,33.847111,-84.328511
1003,905693,53336,BRIARWOOD RD NE @ 3446,33.845196,-84.327607
1004,905696,53386,BUFORD HWY NE @ KNOLL PL,33.845554,-84.325681
1005,906055,53516,N DRUID HILLS RD NE @ COLONIAL DR,33.850788,-84.338841
1006,906056,53518,BRIARWOOD RD NE @ N DRUID HILLS RD,33.853169,-84.338776
1007,905940,53520,CLAIRMONT RD NE @ CENTURY PL,33.847153,-84.315577
1008,905697,53900,BROOKHAVEN/OGLETHORPE STATION,33.86025,-84.339147
1009,905820,54024,BUFORD HWY NE @ OAK SHADOW CT NE,33.864822,-84.303986
1010,905173,54026,BUFORD HWY NE@PLASTER RD,33.865654,-84.303093
1011,905292,54046,SHALLOWFORD RD NE @ FLAIR KNOLL DR NE,33.858389,-84.283727
1012,905293,54048,SHALLOWFORD RD NE @ FLAIR KNOLL DR NE,33.858228,-84.283727
1013,906013,54082,SHALLOWFORD RD NE @ MELINDA DR NE,33.855739,-84.281812
1014,906014,54084,SHALLOWFORD RD NE @ LAKE FLAIR CIR NE,33.861048,-84.286175
1015,906060,54086,SHALLOWFORD RD NE @ BRIARLAKE CT NE,33.862856,-84.287295
1016,906061,54088,SHALLOWFORD RD NE @ FRONTIER TRL,33.865837,-84.289645
1017,905946,54092,SHALLOWFORD RD NE @ DRESDEN DR NE,33.869919,-84.290264
1018,905947,54094,SHALLOWFORD RD NE @ 2868,33.871458,-84.29047
1019,905948,54096,SHALLOWFORD RD NE @ DRESDEN DR NE,33.86965,-84.290319
1020,905949,54098,SHALLOWFORD RD NE @ 2728,33.866911,-84.289786
1021,906062,54100,SHALLOWFORD RD NE @ FRONTIER TRL,33.8659,-84.289863
1022,905530,54102,SHALLOWFORD RD NE @ BRIARLAKE CT NE,33.862686,-84.287306
1023,905535,54120,BUFORD HWY NE @ BRAGG ST,33.86891,-84.299769
1024,905463,54124,BUFORD HWY NE @ PLASTER RD,33.865248,-84.304073
1025,905465,54128,BUFORD HWY NE @ OAK SHADOW DR NE,33.862521,-84.306967
1026,905466,54132,I-85 ACCESS RD@CENTURY BLVD NE,33.847752,-84.304855
1027,905239,54134,I-85 ACCESS RD@CENTURY BLVD,33.846251,-84.30585
1028,905307,54136,I-85 ACCESS RD@CENTURY BLVD NE,33.845127,-84.306496
1029,905308,54138,I-85 ACCESS RD NORTH (N.E. EXPY) @ 3001,33.8664,-84.285998
1030,905309,54140,I-85 ACCESS RD NORTH (N.E. EXPY) @ COLONIAL WAY,33.86861,-84.283438
1031,905310,54142,I-85 ACCESS RD NORTH (N.E. EXPY) @ 3185,33.870319,-84.280792
1032,905243,54148,CLAIRMONT RD @ SKYLAND RD,33.859944,-84.310691
1033,905357,54150,CLAIRMONT RD@RAVEN HILL DR,33.86155,-84.30968
1034,905358,54152,CLAIRMONT RD@CANMONT DR,33.86312,-84.30938
1035,905359,54154,CLAIRMONT RD @ DRESDEN DR,33.8652,-84.30931
1036,905360,54156,CLAIRMONT RD@BRAGG ST,33.867558,-84.309372
1037,905244,54158,CLAIRMONT RD@YOUNG RD,33.868889,-84.309349
1038,905245,54160,CLAIRMONT RD NE @ YOUNG RD,33.869118,-84.30954
1039,905246,54162,CLAIRMONT RD NE @ BRAGG ST,33.86802,-84.309562
1040,900398,54164,CLAIRMONT RD NE @ DRESDEN DR,33.865561,-84.309585
1041,900422,54166,CLAIRMONT RD NE @ CANMONT DR,33.863287,-84.309558
1042,900423,54168,CLAIRMONT RD NE @ RAVEN HILL,33.861228,-84.30993
1043,900424,54170,CLAIRMONT RD NE @ SKYLAND RD,33.860184,-84.310685
1044,900425,54172,NORTHEAST EXPY@2501,33.848785,-84.30304
1045,900399,54174,NORTHEAST EXPY @ 2515 (ENTRANCE),33.853158,-84.298337
1046,900400,54176,NORTHEAST EXPY @ PEACHWOOD CIR S,33.856119,-84.294799
1047,900401,54178,NORTHEAST EXPY @ PEACHWOOD CIR N,33.857721,-84.293688
1048,900402,54180,NORTHEAST EXPY @ 2805,33.862088,-84.290855
1049,900426,54182,NORTHEAST EXPY @ 2825,33.862839,-84.290039
1050,900427,54184,I-85 ACCESS RD SOUTH (N.E. EXPY) @PLASTER RD,33.862217,-84.292091
1051,900428,54186,I-85 ACCESS RD SOUTH (N.E. EXPY) @2772,33.859896,-84.293436
1052,900429,54188,I-85 ACCESS RD SOUTH (N.E. EXPY) @ 2700,33.857972,-84.294504
1053,900403,54190,I-85 ACCESS RD SOUTH (N.E. EXPY) @ 2628,33.856091,-84.296135
1054,900404,54192,I-85 ACCESS RD SOUTH (N.E. EXPY) @ 2550,33.854198,-84.298416
1055,900431,54200,I-85 ACCESS RD SOUTH (N.E. EXPY) @ 3070,33.869693,-84.283318
1056,900432,54204,I-85 ACCESS RD NORTH (N.E. EXPY) @ 3265,33.872286,-84.277862
1057,900407,54208,BUFORD HWY@BRAGG ST,33.868373,-84.300205
1058,900437,54228,SHALLOWFORD RD NE @ LAKE FLAIR CIR NE (N),33.861156,-84.286382
1059,900410,54230,BRIARCLIFF RD @ SHALLOWFORD RD,33.855444,-84.280648
1060,900411,54232,I-85 ACCESS @CENTURY BLVD,33.841677,-84.309497
1061,900439,54242,SHALLOWFORD RD NE @ 2865,33.871414,-84.29031
1062,900416,54510,CLAIRMONT RD @ W HARDEE AVE,33.870957,-84.309301
1063,900417,54511,NORTH DEKALB HEALTH CENTER,33.871622,-84.308468
1064,900442,54512,CLAIRMONT RD NE @ GEORGIAN DR E,33.871067,-84.30955
1065,900443,54514,SHALLOWFORD RD NE @ 2739,33.867045,-84.289679
1066,900444,54516,NORTHEAST EXPY @ 2515 (EXIT),33.854667,-84.296475
1067,900448,55006,HENDERSON MILL RD NE@MILL RIDGE TRL,33.853652,-84.259259
1068,900449,55010,HENDERSON MILL RD NE@MIDVALE RD,33.85939,-84.253036
1069,900252,55012,HENDERSON MILL RD@HENDERSON RD,33.867443,-84.250397
1070,900253,55014,HENDERSON MILL RD@EVANS RD,33.871627,-84.250548
1071,900254,55016,HENDERSON MILL RD@HENDERSON RD,33.867813,-84.250961
1072,900255,55018,HENDERSON MILL RD @ BOLERO DR,33.865944,-84.251472
1073,900279,55020,HENDERSON MILL RD@HENDERSON CREEK,33.863287,-84.251685
1074,900280,55022,HENDERSON MILL RD@MIDVALE RD,33.861267,-84.251968
1075,900281,55024,HENDERSON MILL RD@LESLIE DR,33.859623,-84.25325
1076,900282,55026,HENDERSON MILL RD@LESLIE DR,33.857865,-84.254902
1077,900256,55028,HENDERSON MILL RD@KINGS ARMS DR,33.856542,-84.257058
1078,900257,55030,HENDERSON MILL RD@BRIARCLIFF WAY,33.855138,-84.259095
1079,900259,55034,HENDERSON MILL RD @ FIELDING DR,33.850976,-84.258652
1080,900284,55038,BRIARCLIFF RD@HAWTHORNE DR,33.854822,-84.271091
1081,900285,55040,MONTREAL RD @ LAVISTA RD,33.843421,-84.2567
1082,900260,55048,NORTHLAKE PKWY @ LAVISTA RD,33.847342,-84.244538
1083,900262,55052,NORTHLAKE PKWY @ NORTHLAKE CENTER DR,33.850761,-84.244546
1084,900263,55054,NORTHLAKE PKWY @ PARKLAKE DR,33.851454,-84.249476
1085,900287,55056,NORTHLAKE PKWY @ 3350,33.8515,-84.251424
1086,900288,55058,NORTHLAKE PKWY @ NORTHLAKE CT,33.852172,-84.253775
1087,900289,55060,NORTHLAKE PKWY @ HENDERSON MILL RD,33.85249,-84.25698
1088,900290,55064,FLOWERS RD S @ UNIVERSITY CIR,33.870622,-84.260606
1089,900264,55066,FLOWERS RD S @ UNIVERSITY CIR,33.870265,-84.263448
1090,900265,55070,FLOWERS RD S@HOLLINSWOOD DR,33.87027,-84.266113
1091,900266,55072,FLOWERS RD S @ 2971,33.870708,-84.266243
1092,900293,55084,NORTHLAKE PKY @ 2180,33.847935,-84.24474
1093,900294,55086,NORTHLAKE PKWY @ 2190,33.849634,-84.244656
1094,900269,55090,NORTHLAKE PKWY @ PARKLAKE DR,33.85131,-84.249269
1095,900270,55092,NORTHLAKE PKWY @ 3330,33.851419,-84.251871
1096,900495,55104,LAVISTA RD @ HENDERSON MILL RD,33.845899,-84.254793
1097,900273,55114,LAVISTA RD @ HENDERSON MILL RD NE,33.845908,-84.254923
1098,900274,55116,LAVISTA RD @ MONTREAL RD,33.844585,-84.256862
1099,900275,55118,LAVISTA RD @ 3888,33.843413,-84.258441
1100,900499,55120,LAVISTA RD @ MONTREAL RD,33.844066,-84.257428
1101,900500,55124,HENDERSON MILL RD NE @ LAVISTA RD,33.846222,-84.255467
1102,900501,55138,NORTHLAKE PKWY @ NORTHLAKE CT NE,33.852226,-84.254156
1103,900502,55140,NORTHLAKE PKWY @ HENDERSON MILL RD,33.852264,-84.256637
1104,900276,55142,HENDERSON MILL RD @ NORTHLAKE PKWY,33.852184,-84.258912
1105,900277,55144,FIELDING DR NE @ HENDERSON MILL RD,33.850797,-84.258631
1106,900278,55148,BRIARCLIFF RD NE @ RANDOLPH RD NE,33.849732,-84.258653
1107,900503,55152,FLOWERS RD S @ UNIVERSITY CIR E,33.870988,-84.259757
1108,900504,55154,BRIARCLIFF RD @ HAWTHORNE DR,33.854759,-84.271341
1109,900505,55158,LAVISTA RD @ 3850,33.84293,-84.258909
1110,900506,55160,HENDERSON MILL RD@MIDVALE RD,33.861038,-84.251534
1111,900511,55162,HENDERSON MILL RD@GLENROSE DR,33.862308,-84.251358
1112,900512,55164,BRIARCLIFF RD@CRAVEY DR,33.855732,-84.265201
1113,900513,55166,BRIARCLIFF RD @ CRAVEY DR,33.855803,-84.264983
1114,900507,55170,BRIARCLIFF RD @ BROOKDALE DR,33.855406,-84.276849
1115,900508,55172,LAVISTA RD @ RANCHWOOD DR,33.846497,-84.252038
1116,900509,55174,HENDERSON MILL RD@GLENROSE DR,33.862304,-84.25164
1117,900510,55176,BRIARCLIFF RD @ BRIARCLIFF WAY,33.854164,-84.262699
1118,900516,55180,BRIARCLIFF RD@BRIARCREST TRL,33.85508,-84.268271
1119,900543,55186,BRIARCLIFF RD @ BRIARCREST TRL,33.855062,-84.268075
1120,900544,55190,HENDERSON MILL RD@KINGS ARMS DR,33.856237,-84.257245
1121,900545,55192,HENDERSON MILL RD@LESLIE DR,33.857439,-84.255253
1122,900546,55194,HENDERSON MILL RD@HENDERSON CREEK,33.863127,-84.251557
1123,900306,55196,FLOWERS RD S @ 3155,33.8719,-84.25772
1124,900309,55202,FLOWERS RD @ 3330,33.872224,-84.257099
1125,900295,55204,NORTHLAKE PKWY @ 3421,33.851166,-84.247419
1126,900296,55206,NORTHLAKE PKY @ NORTHLAKE CENTER DR,33.851012,-84.244916
1127,900297,55208,HENDERSON MILL RD@AMBLEWOOD CT,33.854805,-84.259127
1128,900310,55212,BRIARCLIFF RD @ BROOKDALE DR,33.85546,-84.276762
1129,900311,56002,LAWRENCEVILLE HWY @ SHADY LN,33.84771,-84.227402
1130,900312,56004,LAWRENCEVILLE HWY @ 3591,33.845242,-84.230797
1131,900313,56006,LAWRENCEVILLE HWY @ WOODBRIAR CIR,33.844728,-84.231306
1132,900314,56008,IDLEWOOD RD @ LAWRENCEVILLE HWY,33.850001,-84.213358
1133,900300,56012,IDLEWOOD RD @ 2115,33.84577,-84.21341
1134,900329,56017,CHAMBLEE TUCKER RD@WEBB RD,33.872907,-84.217107
1135,900315,56018,CHAMBLEE TUCKER RD @ LIVSEY RD,33.869435,-84.217112
1136,900316,56020,CHAMBLEE TUCKER RD@ LIVSEY RD,33.868889,-84.217418
1137,900318,56022,CHAMBLEE TUCKER RD@CASTLE PINES CT,33.866259,-84.218096
1138,900302,56023,CHAMBLEE TUCKER RD@CASTLE PINES CT,33.866107,-84.217935
1139,900303,56024,CHAMBLEE TUCKER RD@PARK DR,33.863323,-84.218277
1140,900327,56037,CHAMBLEE TUCKER RD@HANNAH RD,33.860798,-84.219089
1141,900328,56040,CHAMBLEE TUCKER RD @ MORGAN RD,33.856682,-84.217837
1142,900330,56042,CHAMBLEE TUCKER RD@LAVISTA RD,33.855867,-84.217386
1143,900323,56044,LAWRENCEVILLE HWY@WOODBRIAR CIR,33.844594,-84.231252
1144,900324,56046,LAWRENCEVILLE HWY@3591,33.844986,-84.230263
1145,900325,56048,LAWRENCEVILLE HWY@SHADY LN,33.847222,-84.227508
1146,900326,56050,LAWRENCEVILLE HWY@BROCKETT RD,33.849447,-84.223181
1147,900332,56054,LAWRENCEVILLE HWY @ FELLOWSHIP RD,33.850016,-84.219381
1148,900333,56056,LAWRENCEVILLE HWY @ BROCKETT RD,33.849613,-84.222931
1149,900356,56060,LAWRENCEVILLE HWY @ MORRIS AVE,33.850159,-84.219543
1150,900358,56064,LAWRENCEVILLE HWY@TOWNSHIP LN,33.849997,-84.2166
1151,900369,56080,LAVISTA RD @ LEHAVEN DR,33.856731,-84.212481
1152,900372,56086,HUGH HOWELL RD @ LAWRENCEVILLE HWY,33.852026,-84.209279
1153,900359,56088,LAWRENCEVILLE @ MAIN ST,33.850731,-84.214897
1154,900346,56093,CHAMBLEE TUCKER RD@BALL PARK DR,33.857631,-84.218021
1155,900375,57004,MARIETTA BLVD @ CORONET WAY,33.817778,-84.448485
1156,900349,57008,MARIETTA BLVD NW @ MOORES MILL RD NW,33.819344,-84.451044
1157,900378,57012,BOLTON RD NW @ MOORES MILL RD,33.820737,-84.452113
1158,900379,57014,BOLTON RD NW @ CORONET WAY NW,33.820318,-84.449893
1159,900355,57022,BOLTON RD NW@MARIETTA BLVD NW,33.821359,-84.456238
1160,900383,57026,BOLTON RD NW@2356,33.819939,-84.460947
1161,900384,57032,HOWELL MILL RD NW @ DOWNWOOD CIR NW,33.840385,-84.426961
1162,900389,57034,HOWELL MILL RD NW @ WESTMINSTER CIR N,33.839407,-84.42438
1163,900388,57044,BOLTON RD NW@HOLLYWOOD RD,33.814087,-84.467949
1164,900393,57050,BOLTON RD NW@COLLINS RD NW,33.81654,-84.464951
1165,900394,57062,MARIETTA BLVD NW @ CORONET WAY NW,33.816713,-84.446824
1166,900418,57072,BOLTON RD NW@2353,33.820168,-84.460182
1167,900419,57074,BOLTON RD@BARNETT DR,33.821052,-84.458544
1168,900420,57078,BOLTON RD NW@BARNETT DR NW,33.821105,-84.45862
1169,900421,57082,BOLTON RD NW @ MARIETTA RD NW,33.818648,-84.46274
1170,900395,57086,BOLTON RD NW @ PAUL AVE NW,33.81493,-84.467354
1171,900365,57108,HOWELL MILL RD @ PEACHTREE BATTLE AV,33.825299,-84.416615
1172,900342,57116,HOWELL MILL RD NW@MOORES MILL RD NW,33.837253,-84.420108
1173,900624,57212,DEFOORS FERRY RD@PINE GROVE,33.820571,-84.447804
1174,900625,57214,BOLTON RD @ PAUL AVE,33.815223,-84.466551
1175,900630,57222,BOLTON RD@COLLINS RD,33.817134,-84.46455
1176,900626,57234,BOLTON RD NW @ MARIETTA BLVD NW,33.821198,-84.455792
1177,900627,57236,BOLTON RD@COLLINS DR,33.816166,-84.466056
1178,900633,57240,BOLTON RD@MARIETTA RD,33.818407,-84.462604
1179,900634,57242,DEFOORS FERRY RD@HILLS AVE,33.814512,-84.42981
1180,900635,57244,DEFOORS FERRY RD @ WESTOVER PLANTATION RD,33.821459,-84.437893
1181,900636,57246,DEFOORS FERRY RD @ WESTOVER PLANTATION RD,33.821371,-84.437911
1182,900661,57248,DEFOORS FERRY RD@HILLS AVE,33.814476,-84.4298
1183,900662,57250,DEFOORS FERRY RD@BOHLER RD,33.814057,-84.427416
1184,900664,58014,PEACHTREE RD NW@PHARR RD NW,33.83717,-84.381653
1185,900637,58016,PEACHTREE RD NW@PEACHTREE AVE,33.834173,-84.382922
1186,900638,58018,PEACHTREE RD NW@SHERIDAN,33.833595,-84.383653
1187,900639,58019,PEACHTREE RD NW@2820,33.832359,-84.384879
1188,900640,58020,PEACHTREE RD NW@RUMSON RD,33.831551,-84.385536
1189,900665,58022,PEACHTREE RD NW@ANDREWS DR NW,33.829742,-84.387474
1190,900666,58024,PEACHTREE RD NW@WESLEY RD NW,33.82846,-84.387532
1191,900668,58028,PEACHTREE RD NW@MUSCOGEE AVE NW,33.824795,-84.387764
1192,900641,58030,PEACHTREE RD@LINDBERGH DR,33.823036,-84.387741
1193,900642,58032,PEACHTREE RD NW @ TERRACE DR NE,33.821506,-84.38805
1194,900643,58034,PEACHTREE RD@PEACHTREE BATTLE AVE,33.819984,-84.388664
1195,900644,58036,PEACHTREE RD NW @ PEACHTREE HILLS AVE,33.818177,-84.38902
1196,900669,58038,PEACHTREE RD @ PEACHTREE MEMORIAL DR,33.816356999999996,-84.390526
1197,900451,58040,PEACHTREE RD @ PEACHTREE MEMORIAL DR,33.816032,-84.390892
1198,900452,58042,PEACHTREE RD NW @ BISCAYNE DR NW,33.815001,-84.391896
1199,900453,58044,PEACHTREE RD NW @ COLONIAL HOMES DR NW,33.813778,-84.392509
1200,900454,58056,PEACHTREE RD NW@BISCAYNE DR NW,33.814449,-84.391815
1201,900455,58058,PEACHTREE RD @ PEACHTREE MEMORIAL DR,33.816537,-84.389916
1202,900456,58060,PEACHTREE RD NW @ PEACHTREE HILLS AVE,33.817801,-84.388868
1203,900457,58064,PEACHTREE RD NE @ PEACHTREE BATTLE AVE,33.819576,-84.388374
1204,900649,58066,PEACHTREE RD NW@LINDBERGH DR NE,33.822285,-84.387527
1205,900650,58068,PEACHTREE RD NW@LAKEVIEW AVE NE,33.825489,-84.387399
1206,900458,58074,PEACHTREE RD NW@E WESLEY RD NE,33.828384,-84.387375
1207,900459,58076,PEACHTREE RD NW@2765,33.830227,-84.386565
1208,900460,58078,PEACHTREE RD NW@RUMSON RD NE,33.830853,-84.385811
1209,900461,58079,PEACHTREE RD NW@SHERIDAN DR NE,33.832816,-84.383682
1210,900653,58080,PEACHTREE RD NW @ DELMONT DR,33.833716,-84.383064
1211,900654,58081,PEACHTREE RD NW@PEACHTREE AVE NE,33.83479,-84.382422
1212,900658,58098,PEACHTREE RD@2626,33.825953,-84.387668
1213,900659,58100,PEACHTREE RD NW@TERRACE DR NE,33.821087,-84.387985
1214,900660,58102,HOWELL MILL RD NW@WESLEY RD NW,33.828861,-84.415863
1215,900467,58116,HOWELL MILL RD NW @ LONGWOOD DR NW,33.816295,-84.415514
1216,900468,58118,HOWELL MILL RD NW @ WOODLEY DR NW,33.818196,-84.416256
1217,900469,58120,HOWELL MILL RD NW@WELLESLEY DR NW,33.819683,-84.416774
1218,900473,58122,HOWELL MILL RD NW @ WESLEY DR NW,33.8225,-84.4158
1219,900474,58124,HOWELL MILL RD @ PEACHTREE BATTLE,33.82495,-84.416441
1220,900475,58126,HOWELL MILL RD NW @ WESLEY RD NW,33.828542,-84.41581
1221,900477,59004,PIEDMONT RD NE @ MIAMI CIR NE,33.82701,-84.367019
1222,900478,59006,PIEDMONT RD NE @ ALPINE RD NE,33.829409,-84.367652
1223,900479,59010,PIEDMONT RD NE @ ELLIOTT CIR NE,33.833553,-84.367959
1224,900480,59012,PIEDMONT RD NE @ BURKE RD NE,33.835906,-84.367927
1225,901702,59014,PIEDMONT RD NE @ PEACHTREE DR NE,33.837499,-84.368222
1226,901703,59016,PIEDMONT RD NE @ E PACES FERRY RD NE,33.838752,-84.368854
1227,901704,59018,PIEDMONT RD NE @ MARTINA DR NE,33.842269,-84.37063
1228,901705,59021,PIEDMONT RD NE @ MARTINA DR NE,33.84171,-84.37053
1229,900481,59022,PIEDMONT RD NE @ E PACES FERRY RD NE,33.839531,-84.369377
1230,900482,59023,PIEDMONT RD NE @ PHARR RD NE,33.837061,-84.368146
1231,900483,59024,PIEDMONT RD NE @ N HILLS DR NE,33.834197,-84.368046
1232,901706,59030,PIEDMONT RD NE @ WESLEY RD NE,33.831503,-84.368088
1233,901707,59032,PIEDMONT RD NE @ ALPINE RD NE,33.82965,-84.367782
1234,901755,59034,PIEDMONT RD NE @ MIAMI CIR NE,33.828013,-84.367303
1235,901756,59036,PIEDMONT RD NE @ SIDNEY MARCUS BLVD NE,33.825981,-84.367215
1236,900487,59042,PIEDMONT RD NE @ GARSON DR NE,33.817962,-84.366927
1237,901757,59052,PIEDMONT RD NE @ DARLINGTON RD,33.831619,-84.368001
1238,900490,59068,PEACHTREE RD NE@MAPLE DR NE,33.84259,-84.372604
1239,900492,59070,PEACHTREE RD NW @ W SHADOWLAWN AVE,33.842022,-84.374199
1240,901762,59072,PEACHTREE RD NE @ E SHADOWLAWN AVE,33.841644,-84.37426
1241,901763,59074,PEACHTREE RD NW @ 3180,33.841171,-84.375565
1242,901764,59075,PEACHTREE RD @ MATHIESON DR NE,33.840422,-84.377246
1243,900493,59076,PEACHTREE RD NE @ E PACES FERRY RD,33.839827,-84.37949
1244,900494,59077,PEACHTREE RD @ BOLLING WAY NE,33.840135,-84.37867
1245,901693,59078,PEACHTREE RD NW@MATHIESON DR NE,33.840317,-84.377192
1246,901765,59082,PEACHTREE RD @ E PACES FERRY RD NE,33.839284,-84.379912
1247,901766,59084,PEACHTREE RD @ BUCKHEAD AVE NE,33.838535,-84.380803
1248,900540,59216,SIDNEY MARCUS BLVD@740,33.82592,-84.364005
1249,900541,59218,SIDNEY MARCUS BLVD @ ADINA DR,33.825589,-84.362089
1250,900542,59220,SIDNEY MARCUS BLVD @ ADINA DR,33.825866,-84.362372
1251,900567,59222,SIDNEY MARCUS BLVD @ PINE TREE RD NE,33.82474,-84.358727
1252,900603,59224,SIDNEY MARCUS BLVD @ PINE TREE RD NE,33.824874,-84.358368
1253,900604,59226,BUFORD HWY NE @ LENOX RD,33.825215,-84.3537
1254,900605,59228,BUFORD HWY NE@LENOX RD,33.825744,-84.352688
1255,900580,59230,BUFORD HWY NE @ SHADY VALLEY DR NE,33.82552,-84.351437
1256,900581,59232,BUFORD HWY NE @ RIVERS EDGE DR NE,33.826873,-84.347955
1257,900582,59234,BUFORD HWY NE @ RIVERS EDGE DR,33.827034,-84.347629
1258,900583,59236,BUFORD HWY NE @ 2715,33.828468,-84.345892
1259,900609,59242,WOODLAND AVE NE@LENOX RD NE,33.814529,-84.351922
1260,900584,59244,WOODLAND AVE @ CHESHIRE BRIDGE RD,33.814777,-84.35228
1261,900585,59246,CHESHIRE BRIDGE RD NE @ WOODLAND AVE,33.814941,-84.353
1262,900586,59250,LAVISTA RD NE @ CITADEL DR NE,33.817287,-84.348529
1263,900587,59254,LAVISTA RD NE @ CHESHIRE BRIDGE RD,33.817859,-84.349737
1264,900610,59256,LAVISTA RD NE @ LAVISTA WALK,33.817931,-84.350433
1265,900611,59258,LINDBERGH DR NE @ CHESHIRE BRIDGE RD,33.818441,-84.351804
1266,900612,59260,LINDBERGH DR NE @ MELANTE DR NE,33.818897,-84.353012
1267,900613,59262,LINDBERGH DR NE @ MELANTE DR NE,33.818879,-84.353208
1268,900588,59264,LINDBERGH DR NE @ 1002,33.819584,-84.354927
1269,900589,59266,LINDBERGH DR NE @ LINDRIDGE DR NE,33.820518,-84.357434
1270,900590,59268,LINDBERGH DR NE @ STRATHMORE DR NE,33.820006,-84.356461
1271,900591,59310,LINDBERGH DR NE @ ADINA DR NE,33.820666,-84.363153
1272,900593,59316,LENOX RD NE @ CANTER RD NE,33.841343,-84.358269
1273,900615,59318,LENOX RD NE @ CRANE RD NE,33.839823,-84.358318
1274,900616,59320,LENOX RD NE @ 3071,33.838326,-84.358167
1275,900617,59322,LENOX RD NE @ EMBASSY CT,33.835301,-84.357752
1276,900618,59324,LENOX RD NE @ BURKE RD NE,33.834156,-84.357414
1277,900594,59326,LENOX RD NE @ CANTERBURY RD,33.828348,-84.354811
1278,900595,59328,LENOX RD NE @ CANTERBURY RD NE,33.827587,-84.354778
1279,900596,59330,LENOX RD NE @ LENOX POINTE  NE,33.826674,-84.353918
1280,900597,59332,CHANTILLY DR NE @ CHESHIRE BRIDGE RD NE,33.823131,-84.351044
1281,900619,59334,LENOX RD NE @ CANTERBURY RD NE,33.827358,-84.354561
1282,900620,59338,LENOX RD NE @ 2791,33.830471,-84.355568
1283,900621,59340,LENOX RD NE @ LENOX WAY,33.833523,-84.357071
1284,900622,59342,LENOX RD NE @ PLANTATION DR NE,33.83543,-84.357658
1285,900598,59344,LENOX RD NE @ 3016,33.836581,-84.358014
1286,900599,59346,LENOX RD NE @ CRANE RD NE,33.839606,-84.358058
1287,900600,59348,LENOX RD NE @ CANTER RD NE,33.841519,-84.358036
1288,900601,59352,SIDNEY MARCUS BLVD NE @ PIEDMONT RD NE,33.82574,-84.366322
1289,900568,59364,BUFORD HWY NE @ LENOX POINTE,33.825135,-84.354494
1290,900570,59371,LENOX RD NE @ VALE CLOSE,33.831796,-84.356458
1291,900573,59373,LENOX RD NE @ VALE CLOSE,33.832244,-84.35693
1292,900574,59374,LENOX RD NE @ LENOX POINTE  NE,33.826724,-84.353737
1293,900575,59376,LENOX RD NE @ 2770,33.830299,-84.35553
1294,900571,59380,PEACHTREE RD@3171,33.840947,-84.375471
1295,900579,59766,LENOX RD NE @ FERNCLIFF RD NE,33.843676,-84.35828
1296,902144,59900,LINDBERGH STATION - SOUTH LOOP/LINDBERGH DR,33.821192,-84.36941
1297,902145,59901,LINDBERGH CENTER STATION - NORTH LOOP/MOROSGO DR,33.823072,-84.36995
1298,902148,60004,BUFORD HWY NE @ W DRUID HILLS DR NE,33.830397,-84.343583
1299,902211,60010,BUFORD HWY NE @ 2865,33.831989,-84.341705
1300,902212,60011,BUFORD HWY NE @ W DRUID HILLS DR,33.830195,-84.344272
1301,902256,60012,BUFORD HWY NE @ 2858,33.832026,-84.342253
1302,902149,60016,BUFORD HWY NE @ N DRUID HILLS RD,33.834001,-84.339963
1303,902150,60018,BUFORD HWY NE @ N DRUID HILLS RD NE,33.834069,-84.339484
1304,902259,60026,BUFORD HWY @ CORPORATE BLVD NE,33.836379,-84.336879
1305,902260,60028,BUFORD HWY NE @ 3072,33.837337,-84.335584
1306,902153,60031,CLAIRMONT RD@2890,33.84189,-84.313682
1307,902154,60032,BUFORD HWY @ 3061,33.837588,-84.334942
1308,902155,60034,BUFORD HWY @ BRAMBLEWOOD DR NE,33.840031,-84.331841
1309,902264,60042,BUFORD HWY @ N CLIFF VALLEY  NE,33.842188,-84.329468
1310,902270,60046,BRIARCLIFF RD NE @ 2195,33.81727,-84.33511
1311,902312,60047,BRIARCLIFF RD NE @ SHEFFIELD DR NE,33.819759,-84.33494
1312,902313,60050,BRIARCLIFF RD NE @ MAYFAIR DR NE,33.822784,-84.334717
1313,902314,60052,BRIARCLIFF RD NE @ SHERIDAN RD NE,33.824583,-84.334026
1314,902267,60056,BRIARCLIFF RD NE @ DRUID VALLEY DR NE,33.826159,-84.332764
1315,902269,60060,N DRUID HILLS RD NE @ EXECUTIVE PARK DR,33.829935,-84.332939
1316,902316,60062,N DRUID HILLS RD @ W DRUID HILLS DR,33.83305,-84.338359
1317,902317,60064,N DRUID HILLS RD NE @ BUFORD HWY NE,33.833733,-84.340619
1318,901535,60068,N DRUID HILLS RD NE @ CHILDERS RD,33.836289,-84.342734
1319,901536,60072,LAVISTA RD NE @ WOODLAND HILLS DR,33.815041,-84.341195
1320,901537,60076,LAVISTA RD NE @ BROOKFOREST DR NE,33.815757,-84.343175
1321,901538,60078,BUFORD HWY @ N CLIFF VALLEY WAY,33.842054,-84.32974
1322,902319,60080,CLAIRMONT RD NE @ BRIARCLIFF RD NE,33.837102,-84.311868
1323,902321,60084,N DRUID HILLS RD NE @ BUFORD HWY NE,33.833591,-84.339637
1324,902322,60086,N DRUID HILLS RD NE @ W DRUID HILLS DR,33.833068,-84.338119
1325,901539,60088,N DRUID HILLS RD NE @ 2094,33.832516,-84.33595
1326,901540,60090,N DRUID HILLS RD NE @ WOODCLIFF DR,33.82665,-84.32471
1327,901541,60092,N DRUID HILLS RD NE @ 2415,33.826413,-84.32487
1328,901542,60094,N DRUID HILLS RD NE @ HOLLY LN NE,33.8256,-84.32267
1329,902323,60096,N DRUID HILLS RD NE @ HOLLY NE,33.825577,-84.322928
1330,902324,60098,N DRUID HILLS RD @ KNOB HILL DR NE,33.824333,-84.320371
1331,902325,60100,N DRUID HILLS RD NE @ HIGH HAVEN CT,33.822829,-84.318358
1332,902326,60102,N DRUID HILLS RD @ HIGH HAVEN CT NE,33.822812,-84.318122
1333,901543,60106,N DRUID HILLS RD NE @ LAVISTA RD NE,33.817736,-84.3122
1334,901544,60108,N DRUID HILLS RD NE @ LAVISTA RD NE,33.817441,-84.311797
1335,901546,60110,N DRUID HILLS RD NE @ DRUID OAKS,33.82222,-84.31628
1336,901475,60112,BRIARCLIFF RD NE @ SHERIDAN RD NE,33.8241,-84.334462
1337,901476,60113,BRIARCLIFF RD NE @ MAYFAIR DR NE,33.822918,-84.334864
1338,901477,60114,BRIARCLIFF RD NE @ HOPKINS TER NE,33.821585,-84.334755
1339,901478,60116,BRIARCLIFF RD NE @ CITADEL DR NE,33.819643,-84.335125
1340,901547,60118,BRIARCLIFF RD NE @ 2178,33.817092,-84.33519
1341,901595,60148,BRIARCLIFF RD NE@SOUTHLAND VISTA CT,33.813431,-84.333664
1342,901596,60150,LAVISTA RD NE @ BRIARCLIFF RD NE,33.815411,-84.335701
1343,901597,60152,LAVISTA RD NE @ VISTA VALLEY DR NE,33.814869,-84.336617
1344,901598,60154,LAVISTA RD NE @ BERNADETTE LN NE,33.814147,-84.338845
1345,901488,60158,LAVISTA RD NE @ WOODLAND HILLS DR,33.815018,-84.340805
1346,901489,60160,LAVISTA RD NE @ BROOKFOREST DR NE,33.815804,-84.342873
1347,901534,60162,LAVISTA RD NE @ CITADEL DR NE,33.817233,-84.347147
1348,901599,60164,LAVISTA RD@BRIARVISTA WAY,33.81668,-84.330239
1349,901600,60166,LAVISTA RD@ARBORVISTA DR,33.81668,-84.327987
1350,901601,60182,LAVISTA RD @ N DRUID HILLS RD,33.818219,-84.31133
1351,901602,60184,LAVISTA RD NE @ N DRUID HILLS RD NE,33.817716,-84.313869
1352,901652,60186,LAVISTA RD NE @ MERRY LN NE,33.815454,-84.317891
1353,901653,60188,LAVISTA RD @ CHRISTMAS LN,33.815141,-84.319664
1354,901654,60190,LAVISTA RD @ JODY LN,33.815094,-84.320908
1355,901603,60194,LAVISTA RD @ BILTMORE DR,33.815777,-84.323425
1356,901649,60196,LAVISTA RD @ BREEZY LN,33.816551,-84.325867
1357,901650,60198,LAVISTA RD @ CAROLYN DR,33.816757,-84.327271
1358,901651,60200,LAVISTA RD @ SHEFFIELD DR,33.81677,-84.329946
1359,901656,60202,LAVISTA RD @ 1688,33.816716,-84.331632
1360,901657,60208,LAVISTA RD NE@BREEZY LN NE,33.816502,-84.325996
1361,901658,60210,LAVISTA RD NE@BILTMORE DR NE,33.815651,-84.323428
1362,901775,60214,LAVISTA RD NE@EMPIRE RD NE,33.815016,-84.3211
1363,901776,60216,LAVISTA RD NE@HOUSTON MILL RD NE,33.815114,-84.319218
1364,901777,60218,LAVISTA RD NE@MERRY LN NE,33.815391,-84.317836
1365,901778,60220,LAVISTA RD NE @ N DRUID HILLS RD NE,33.817548,-84.312994
1366,901660,60228,NORTHEAST EXPY@BRIARWOOD RD NE,33.839809,-84.320351
1367,901661,60230,NORTHEAST EXPY@BRIARWOOD CT NE,33.838978,-84.322136
1368,901662,60232,NORTHEAST EXPY@1690,33.837593,-84.325066
1369,901782,60240,BRIARCLIFF RD NE @ WOODLAKE DR NE,33.82708,-84.33121
1370,901708,60242,BRIARCLIFF RD NE @ DRUID VALLEY DR NE,33.825809,-84.33321
1371,901710,60249,BRIARCLIFF RD@SOUTHLAND VISTA CT,33.813897,-84.33396
1372,901815,60258,CHANTILLY DR NE @ 1680,33.826399,-84.345126
1373,901701,60268,NORTHEAST EXPY @ CLIFF VALLEY WAY,33.836425,-84.325245
1374,901817,60270,NORTHEAST EXPY NE@1777,33.838306,-84.321274
1375,901819,60283,LAVISTA RD NE @ VISTA VALLEY DR NE,33.814756,-84.336517
1376,901820,60284,LAVISTA RD NE @ BRIARCLIFF RD NE,33.815615,-84.334896
1377,901823,60294,N DRUID HILLS RD NE @ DRUID OAKS DR,33.822194,-84.316443
1378,901927,60318,CHANTILLY DR NE @ 1700,33.825047,-84.347933
1379,901928,60320,LAVISTA RD@2133,33.816787,-84.316092
1380,901929,60340,LAVISTA RD NE@1679,33.816233,-84.333481
1381,901869,60342,CHANTILLY DR @ EXECUTIVE PARK S,33.826873,-84.343287
1382,901870,60344,EXECUTIVE PARK S @ EXECUTIVE PARK DR,33.828192,-84.339042
1383,901871,60346,WOODLAND HILLS DR@COUNTRY LN,33.81326,-84.341706
1384,901872,60348,LAVISTA RD NE @ BERNADETTE LN NE,33.814021,-84.338551
1385,901873,60356,N DRUID HILLS RD @ N CROSSING  DR,33.823984,-84.319979
1386,901875,60360,CLAIRMONT RD@CANNON FARM HILL RD,33.844006,-84.314696
1387,901978,60364,WOODLAND HILLS DR@LAVISTA RD,33.814758,-84.340994
1388,901979,60366,BUFORD HWY NE @ 3160,33.838948,-84.333288
1389,901980,60368,BUFORD HWY NE @ 2750,33.828878,-84.345736
1390,901877,61002,CLAIRMONT RD @ AZALEA CIR,33.815712,-84.306347
1391,901878,61005,CLAIRMONT RD @ LAVISTA RD,33.819726,-84.304071
1392,901879,61006,CLAIRMONT RD NE @ PINE FOREST DR,33.824558,-84.307132
1393,901880,61008,CLAIRMONT RD NE @ BLACK FOX DR,33.826553,-84.307814
1394,902029,61010,CLAIRMONT RD NE @ COUNCIL BLUFF DR,33.830377,-84.309255
1395,902030,61012,CLAIRMONT RD NE @ AUDUBON DR,33.833962,-84.310488
1396,902031,61014,N DRUID HILLS RD NE @ 2941,33.815633,-84.310494
1397,902032,61016,N DRUID HILLS RD NE @ 2960,33.81547,-84.31006
1398,902038,61040,LAVISTA RD @ WINSTON PL,33.821377,-84.30134
1399,902040,61048,LAVISTA RD @ OAK GROVE DR,33.824337,-84.294237
1400,902089,61050,LAVISTA RD @ LEAFMORE PL,33.824874,-84.290121
1401,902090,61052,LAVISTA RD@LAVISTA DR,33.824944,-84.285758
1402,902091,61054,LAVISTA RD@OAKRIDGE CIR,33.825373,-84.284071
1403,902092,61056,LAVISTA RD@RICHARD STOKES DR,33.826348,-84.282786
1404,902157,61058,LAVISTA RD@PANGBORN RD,33.828996,-84.280206
1405,902200,61062,LAVISTA RD @ HARTLAND DR,33.829113,-84.28014
1406,902201,61064,LAVISTA RD @ RICHARD STOKES DR,33.826482,-84.282819
1407,902093,61066,LAVISTA RD @ OAKRIDGE CIR,33.825424,-84.284325
1408,902094,61068,LAVISTA RD @ LAVISTA DR,33.825015,-84.285812
1409,902095,61070,LAVISTA RD @ LEAFMORE PL,33.825071,-84.290447
1410,902202,61074,LAVISTA RD @ BRIANWOOD RD,33.823354,-84.296944
1411,902203,61076,LAVISTA RD @ SAGAMORE DR,33.82267,-84.298836
1412,902205,61080,LAVISTA RD @ WINSTON PL,33.821198,-84.30158
1413,902097,61082,LAVISTA RD @ CLAIRMONT RD,33.820124,-84.30392
1414,902098,61084,LAVISTA RD @ 2396,33.82016,-84.306564
1415,902099,61088,LAVISTA RD @ 2284,33.819017,-84.310717
1416,902101,61101,CLAIRMONT RD NE @ MT BRIAN RD,33.832523,-84.310124
1417,901982,61105,NORTHEAST EXPY NE@1849,33.839593,-84.316429
1418,901985,61116,LAVISTA RD@NALLEY CIR,33.822522,-84.298914
1419,901881,61118,LAVISTA RD@BRIANWOOD RD,33.82322,-84.297053
1420,901917,61172,CLAIRMONT RD@AZALEA CIR,33.815445,-84.3063
1421,901918,61174,CLAIRMONT RD@TRAILMARK DR,33.817947,-84.305008
1422,901986,61176,CLAIRMONT RD @ LAVISTA RD,33.819864,-84.303888
1423,901987,61178,CLAIRMONT RD@PINE FOREST DR,33.824555,-84.306965
1424,901988,61180,CLAIRMONT RD@BLACK FOX DR,33.825638,-84.307281
1425,901989,61182,CLAIRMONT RD@COUNCIL BLUFF DR,33.830642,-84.309216
1426,901919,61184,CLAIRMONT RD@BRIARCLIFF RD,33.837077,-84.311693
1427,901920,61186,I-85 N@WILLIAMSBURG VILLAGE,33.840487,-84.310205
1428,901921,61188,LAVISTA RD@PANGBORN RD,33.829569,-84.279378
1429,901922,61190,LAVISTA RD@CLAIRMONT RD,33.820053,-84.304007
1430,901965,61192,CLAIRMONT RD@AUDUBON DR,33.833822,-84.310203
1431,901966,61200,LAVISTA RD@AMANDA CIR,33.82008,-84.308478
1432,901967,61202,CLAIRMONT RD NE @ GRACE ARBOR CT,33.829342,-84.308673
1433,901968,61204,CLAIRMONT RD @ WILANDREW DR,33.817999,-84.305177
1434,902074,61206,LAVISTA RD@2405,33.820062,-84.306368
1435,902076,61210,LAVISTA RD @ OAK GROVE RD,33.824463,-84.29424
1436,901970,61220,LAVISTA RD @ AMANDA CIR,33.820152,-84.308772
1437,902079,62002,LAWRENCEVILLE HWY @ VALLEY BROOK RD,33.815118,-84.268921
1438,902080,62004,LAWRENCEVILLE HWY @ ROBINWOOD RD,33.816444,-84.267929
1439,902298,62005,LAWRENCEVILLE HWY @ 2505,33.819898,-84.264734
1440,902299,62006,LAWRENCEVILLE HWY @ HARCOURT DR,33.817425,-84.267456
1441,902300,62007,LAWRENCEVILLE HWY @ MCLENDON DR,33.822409,-84.262947
1442,902191,62010,LAWRENCEVILLE HWY @ LINKWOOD,33.825342,-84.257488
1443,902192,62012,LAWRENCEVILLE HWY @ MONTREAL RD W,33.826245,-84.25518
1444,902193,62014,LAWRENCEVILLE HWY @ MONTREAL RD E,33.828086,-84.250489
1445,902194,62016,LAWRENCEVILLE HWY @ LEE WAY,33.829052,-84.249204
1446,902301,62018,LAWRENCEVILLE HWY @ LOVELY LN,33.831627,-84.246122
1447,902302,62020,LAWRENCEVILLE HWY @ SAINT LAWRENCE CV,33.833514,-84.243562
1448,902303,62022,LAWRENCEVILLE HWY @ SAINT LAWRENCE CV,33.833675,-84.243584
1449,902304,62024,LAWRENCEVILLE HWY @ LOVELY LN,33.831753,-84.246176
1450,902195,62026,LAWRENCEVILLE @ LEE WAY,33.830161,-84.248343
1451,902196,62028,LAWRENCEVILLE HWY @ MONTREAL RD E,33.828721,-84.250096
1452,902197,62030,LAWRENCEVILLE HWY @ MONTREAL RD W,33.826183,-84.25579
1453,901526,62034,LAWRENCEVILLE HWY @ FRAZIER RD,33.822356,-84.263277
1454,901527,62035,LAWRENCEVILLE HWY@2514,33.820017,-84.265033
1455,901636,62036,LAWRENCEVILLE@HARCOURT DR,33.817982,-84.267352
1456,901637,62038,LAWRENCEVILLE@ROBINWOOD RD,33.816826,-84.268295
1457,901638,62040,LAWRENCEVILLE HWY@VALLEY BROOK RD,33.815258,-84.269211
1458,901639,62042,MONTREAL RD @ NOBLE VINES DR,33.81531,-84.244343
1459,901528,62044,MONTREAL RD @ CLARKSTON INDUSTRIAL BLVD,33.817463,-84.245651
1460,901529,62046,MONTREAL RD @ JUNEAU CT,33.818919,-84.247418
1461,901530,62048,MONTREAL RD @ CANADIAN WAY,33.823683,-84.25095
1462,901531,62049,MONTREAL RD @ ALCAN WAY,33.822241,-84.250353
1463,901640,62050,MONTREAL RD @ 1215,33.820083,-84.248897
1464,901641,62054,MONTREAL RD @ KENNERSLY CLOSE,33.831478,-84.258522
1465,901642,62056,MONTREAL RD @ MONTREAL CIR N,33.835152,-84.256821
1466,901643,62060,MONTREAL RD @ MONTREAL CIR S,33.826792,-84.256997
1467,901532,62062,MONTREAL RD@WINDFIELD CIR,33.828643,-84.258969
1468,902503,62066,MONTREAL RD @ SIMPSON DR,33.834462,-84.257012
1469,902496,62067,MONTREAL RD @ KENNERSLY CLOSE,33.831322,-84.258723
1470,902472,62069,MONTREAL RD @ 1860,33.83755,-84.256759
1471,902473,62070,MONTREAL RD @ 1846,33.836933,-84.256912
1472,902474,62071,MONTREAL RD @ MONTREAL INDUSTRIAL WAY,33.839716,-84.256746
1473,902497,62072,MONTREAL RD @ MONTREAL INDUSTRIAL WAY,33.839931,-84.256877
1474,902498,62074,MONTREAL RD @ LAVISTA RD,33.843117,-84.256841
1475,902499,62076,MONTREAL RD @ 1468,33.826314,-84.250338
1476,902500,62078,MONTREAL RD @ 1200,33.820245,-84.249354
1477,902475,62079,MONTREAL RD @ ALCAN WAY,33.822153,-84.250457
1478,902476,62080,MONTREAL RD @ JUNEAU CT,33.818883,-84.247592
1479,902477,62082,MONTREAL RD @ CLARKSTON INDUSTRIAL BLVD,33.817459,-84.245831
1480,902478,62084,MONTREAL RD @ NOBLE VINES DR,33.815194,-84.244463
1481,902501,62088,LAVISTA RD@LAVISTA WAY,33.835284,-84.271017
1482,902502,62090,LAVISTA RD@CEDAR CANYON DR,33.837306,-84.269775
1483,902557,62092,LAVISTA RD@BRIARLAKE CIR,33.838747,-84.26849
1484,902558,62094,LAVISTA RD@CHESTERFIELD DR,33.840079,-84.266552
1485,902532,62096,LAVISTA RD@HUDSON RD,33.840767,-84.263471
1486,902533,62098,LAVISTA RD@HAROBI DR,33.841061,-84.260631
1487,902534,62100,LAVISTA RD@3825,33.842599,-84.259106
1488,902535,62104,LAVISTA RD @ HAROBI DR,33.841159,-84.260598
1489,902560,62108,LAVISTA RD @ CHESTERFIELD DR,33.840151,-84.266563
1490,902561,62110,LAVISTA RD @ CEDAR CANYON DR,33.837378,-84.269808
1491,902562,62112,LAVISTA RD @ FRAZIER RD,33.834237,-84.271889
1492,902536,62114,LAVISTA RD@CARTWRIGHT DR,33.832547,-84.273794
1493,902537,62116,MONTREAL RD @ SIMPSON DR,33.834239,-84.256947
1494,902539,62220,LAVISTA RD @ BONANZA DR,33.833672,-84.272451
1495,902563,62222,LAVISTA RD @ HOLLIDON RD,33.840839,-84.264255
1496,902564,62224,LAVISTA RD @ BRIARLAKE RD,33.83923,-84.26812
1497,902612,62226,LAVISTA RD @ LAVISTA WAY,33.835338,-84.271093
1498,902613,62228,LAVISTA RD @ WILSON GLN,33.832931,-84.273478
1499,902614,62230,MONTREAL RD @ CANADIAN WAY,33.823763,-84.251113
1500,902615,62232,MONTREAL RD @ 1475,33.827316,-84.249662
1501,902590,62234,LAVISTA RD@RESERVE WAY,33.831053,-84.275808
1502,902591,63002,LAWRENCEVILLE HWY @ TERRI LYNN CT,33.834989,-84.241852
1503,902592,63004,LAWRENCEVILLE HWY @ COOLEDGE RD,33.837457,-84.237975
1504,902616,63006,LAWRENCEVILLE HWY@HEBRON HILLS DR,33.840815,-84.234365
1505,902617,63008,LAWRENCEVILLE HWY@STEEL DR,33.842332,-84.233226
1506,902618,63010,LAWRENCEVILLE HWY @ STEEL DR,33.842381,-84.233673
1507,902619,63012,LAWRENCEVILLE HWY @ HEBRON HILLS DR,33.840659,-84.234666
1508,902593,63014,LAWRENCEVILLE HWY @ NORTHLAKE PKY,33.837133,-84.238933
1509,902594,63016,LAWRENCEVILLE HWY @ TERRI LYNN CT,33.835177,-84.241841
1510,902595,63018,IDLEWOOD RD @ FELLOWSHIP RD,33.842637,-84.213379
1511,902596,63020,IDLEWOOD RD @ ELMDALE DR,33.840782,-84.213654
1512,902433,63023,IDLEWOOD RD @ BROWNING CHASE DR,33.837659,-84.21339
1513,902440,63024,IDLEWOOD RD @ DUESENBERG DR,33.835638,-84.213498
1514,902441,63025,SARR PKY @ IDLEWOOD RD,33.8339,-84.21359
1515,902442,63026,SARR PKY @ 4401,33.834102,-84.210847
1516,902443,63028,SARR PKY @ GREER CIR,33.83424,-84.208427
1517,902434,63030,E PONCE DE LEON AVE@4352,33.814328,-84.236478
1518,902435,63032,E PONCE DE LEON AVE@COBBLE MILL LN,33.816073,-84.235246
1519,902436,63034,E PONCE DE LEON AVE @ CHURCH ST,33.817669,-84.233795
1520,902444,63038,E PONCE DE LEON AVE @ BROCKETT RD,33.818835,-84.231309
1521,902445,63040,E PONCE DE LEON AVE@BROCKETT RD,33.819004,-84.230184
1522,902446,63042,E PONCE DE LEON AVE@COUNTRY ADDRESS,33.818814,-84.226659
1523,902447,63044,E PONCE DE LEON AVE@IDLEWOOD RD,33.818283,-84.223106
1524,902439,63048,E PONCE DE LEON AVE @ RAYS RD,33.817704,-84.216977
1525,901882,63052,E PONCE DE LEON AVE @ ORCHARD PARK DR,33.818264,-84.212754
1526,901883,63054,E PONCE DE LEON AVE@HAMBRICK RD,33.818862,-84.211361
1527,901889,63058,E PONCE DE LEON AVE @ 5130,33.820873,-84.208181
1528,901890,63060,E PONCE DE LEON AVE@ROADHAVEN DR,33.824036,-84.203201
1529,901891,63064,E PONCE DE LEON AVE @ HAMBRICK RD,33.819065,-84.211578
1530,901892,63066,E PONCE DE LEON AVE @ ORCHARD PARK DR,33.818157,-84.213212
1531,901886,63070,E PONCE DE LEON AVE@RAYS RD,33.818046,-84.217884
1532,901888,63074,E PONCE DE LEON AVE@IDLEWOOD RD,33.818416,-84.222677
1533,901893,63076,E PONCE DE LEON AVE@COUNTRY ADDRESS,33.818921,-84.226985
1534,901894,63078,E PONCE DE LEON AVE@4600,33.819139,-84.229076
1535,901895,63080,E PONCE DE LEON AVE @ BROCKETT RD,33.818619,-84.232439
1536,902112,63082,E PONCE DE LEON AVE @ CHURCH ST,33.817516,-84.234383
1537,901995,63084,E PONCE DE LEON AVE @ COBBLE MILL,33.815979,-84.235619
1538,901996,63086,E PONCE DE LEON AVE @ 4352,33.814677,-84.236401
1539,901997,63088,E PONCE DE LEON AVE@W SMITH ST,33.813309,-84.23724
1540,902105,63092,E PONCE DE LEON AVE@4700,33.818711,-84.224694
1541,902107,63096,E PONCE DE LEON AVE @ 4700,33.818597,-84.22469
1542,902113,64004,GREER CIR @ 4478,33.832481,-84.20614
1543,902114,64006,GREER CIR @ ROADHAVEN DR,33.832404,-84.203724
1544,902115,64008,MOUNTAIN IND BLVD @ GREER CIR,33.831781,-84.197946
1545,902116,64010,MOUNTAIN IND BLVD @ LEWIS RD,33.829131,-84.196357
1546,902109,64012,MOUNTAIN INDUSTRIAL BLVD @ E PONCE DE LEON AVE,33.826246,-84.195958
1547,902110,64014,N HAIRSTON RD @ STONEGATE IND BLVD,33.822705,-84.195269
1548,902111,64016,N HAIRSTON RD @ SUMMIT LAKE DR,33.821091,-84.194449
1549,902327,64018,N HAIRSTON RD @ WEATHERLY DR,33.819005,-84.193778
1550,902219,64020,N HAIRSTON RD @ CHATFIELD DR N,33.817866,-84.193793
1551,902220,64022,N HAIRSTON RD @ CHATFIELD DR S,33.815219,-84.193763
1552,902221,64024,MOUNTAIN INDUSTRIAL BLVD@LEWIS RD,33.828638,-84.195988
1553,902222,64026,MOUNTAIN INDUSTRIAL BLVD @ GREER CIR,33.833115,-84.199043
1554,902328,64028,MOUNTAIN INDUSTRIAL BLVD@HAMMERMILL RD (S),33.837257,-84.200757
1555,902329,64030,MOUNTAIN INDUSTRIAL BLVD@ ROGER MARTEN WAY,33.840949,-84.200859
1556,902330,64032,MOUNTAIN INDUSTRIAL BLVD@2037,33.842915,-84.200807
1557,902331,64034,E PONCE DE LEON AVE@KELTON DR,33.825517,-84.199186
1558,902336,64038,E PONCE DE LEON AVE @ N HAIRSTON RD,33.825836,-84.19628
1559,902337,64040,E PONCE DE LEON AVE @ LITTON DR,33.825008,-84.19339
1560,901433,64042,E PONCE DE LEON AVE @ STONE RIDGE DR,33.823933,-84.190669
1561,902332,64048,E PONCE DE LEON AVE @ JULIETTE RD,33.816001,-84.181837
1562,901608,64054,E PONCE DE LEON AVE @ JULIETTE RD,33.816246,-84.181656
1563,901609,64056,E PONCE DE LEON AVE @ ROCK MTN BLVD,33.818722,-84.184166
1564,901498,64060,E PONCE DE LEON AVE @ 5650,33.82256,-84.187826
1565,901499,64062,E PONCE DE LEON AVE @STONE RIDGE DR,33.823953,-84.190443
1566,901500,64064,E PONCE DE LEON AVE @ LITTON DR,33.825405,-84.193367
1567,901501,64066,E PONCE DE LEON AVE @ MOUNTAIN INDUSTRIAL BLVD,33.82572,-84.194977
1568,901610,64068,E PONCE DE LEON AVE @ KELTON DR,33.825699,-84.198845
1569,901611,64070,E PONCE DE LEON AVE@ROADHAVEN DR,33.823875,-84.203574
1570,901612,64072,E PONCE DE LEON AVE @ 5130,33.820891,-84.208333
1571,901613,64088,N HAIRSTON RD@WEATHERLY DR,33.819145,-84.193451
1572,901618,64094,MOUNTAIN INDUSTRIAL BLVD @ E PONCE DE LEON AVE,33.826642,-84.195728
1573,901664,64098,E PONCE DE LEON AVE @ 5650,33.822351,-84.187981
1574,901731,64100,E PONCE DE LEON AVE @ BEVERAGE DR,33.820843,-84.186472
1575,901732,64102,E PONCE DE LEON AVE @ BEVERAGE DR,33.820713,-84.186221
1576,901845,64108,JULIETTE RD @ 1551,33.826211,-84.176822
1577,901846,64110,JULIETTE RD @ STONE MILL DR,33.824286,-84.179569
1578,901847,64112,JULIETTE RD @ WOOD BEND DR (N),33.824679,-84.179609
1579,901734,64114,JULIETTE RD @ STONE MILL WAY,33.818004,-84.180571
1580,901735,64116,JULIETTE RD @ WOOD BEND DR (S),33.817504,-84.181018
1581,901736,64118,JULIETTE RD @ TREE MOUNTAIN PKY,33.821111,-84.180092
1582,901737,64120,JULIETTE RD @ TREE MOUNTAIN PKY,33.821118,-84.179923
1583,901848,66003,ATLANTA INDUSTRIAL PKWY @ 3600,33.79785,-84.4964
1584,901849,66005,ATLANTA INDUSTRIAL PKWY@3555,33.797633,-84.49614
1585,902063,66016,PERRY BLVD NW @ MCCALLIE BLVD NW,33.799352,-84.454537
1586,901954,66018,PERRY BLVD NW @ MARY GEORGE AVE NW,33.802752,-84.458213
1587,901955,66020,PERRY BLVD NW @ 2210,33.803714,-84.459298
1588,901956,66022,PERRY BLVD NW @ 2250,33.804814,-84.460453
1589,901957,66024,PERRY BLVD NW @ 2245,33.805974,-84.463305
1590,902066,66030,BROWNTOWN RD NW @ HOLLYWOOD RD NW,33.803912,-84.47065
1591,902067,66032,BROWNTOWN RD NW @ 2571,33.80387,-84.47277
1592,902005,66040,BROWNTOWN RD NW@AUDREY PL,33.801957,-84.476243
1593,902068,66042,BROWNTOWN RD NW@2741,33.80165,-84.477863
1594,902069,66044,BROWNTOWN RD NW@2783,33.801514,-84.479364
1595,902289,66062,PERRY BLVD NW @ MCCALLIE BLVD NW,33.799485,-84.454983
1596,902180,66064,MCCALLIE BLVD NW@PERRY BLVD NW,33.799342,-84.454863
1597,902181,66066,MCCALLIE BLVD NW @ ABNER PL NW,33.800038,-84.457377
1598,902182,66068,MCCALLIE BLVD NW@ABNER PL NW,33.799867,-84.457551
1599,902183,66070,AJAX DR NW@MCCALLIE BLVD NW,33.798461,-84.458886
1600,902290,66072,AJAX DR@2208,33.799301,-84.459878
1601,902291,66074,AJAX DR NW @ ADDISON PL,33.799701,-84.461989
1602,902292,66076,AJAX DR NW @ ABNER TER NW,33.800094,-84.462294
1603,902293,66078,ABNER TER NW @ MARY GEORGE AVE NW,33.800945,-84.462002
1604,901625,66090,MARY GEORGE AVE NW @ ABNER PL NW,33.801826,-84.459186
1605,901626,66094,PERRY BLVD NW @ MARY GEORGE AVE NW,33.80249,-84.458397
1606,901627,66096,PERRY BLVD NW @ 2210,33.803696,-84.459396
1607,901517,66098,PERRY BLVD NW @ 2250,33.80476,-84.460485
1608,901518,66100,PERRY BLVD NW @ 2221,33.805439,-84.461291
1609,901562,66102,PERRY BLVD NW @ 2245,33.805911,-84.463229
1610,901628,66108,HOLLYWOOD RD NW@BROWNTOWN RD NW,33.804259,-84.470362
1611,901863,66128,HOLLYWOOD RD NW@FELKER WARD ST NW,33.809219,-84.472084
1612,901864,66130,HOLLYWOOD RD NW @ MAIN ST NW,33.810322,-84.471542
1613,901753,66132,HOLLYWOOD RD NW@SPINK ST NW,33.811722,-84.470581
1614,901754,66134,HOLLYWOOD RD NW@2081,33.812359,-84.469994
1615,901799,66136,HOLLYWOOD RD NW@BOLTON RD,33.813374,-84.468697
1616,901800,66138,HOLLYWOOD RD NW@ARNO DR NW,33.799111,-84.469953
1617,901865,66140,HOLLYWOOD RD NW@1730,33.801231,-84.47023
1618,901866,66142,HIGHTOWER RD NW @ SAINT JAMES AVE NW,33.78569,-84.472565
1619,901801,66162,MALDO DR NW@CARDO DR NW,33.800739,-84.481819
1620,902081,66164,MALDO DR NW@ARGYLE DR NW,33.799881,-84.482493
1621,901973,66168,ARGYLE DR NW@CARDO DR NW,33.799266,-84.480055
1622,901974,66170,ARGYLE DR NW @ MARCO DR NW,33.799492,-84.478381
1623,902017,66172,BRIDGEPORT DR NW@ARGYLE DR,33.79953,-84.476717
1624,902083,66180,HOLLYWOOD RD NW@1730,33.801856,-84.470324
1625,902084,66182,HOLLYWOOD RD NW @ ARNO DR NW,33.799405,-84.470146
1626,902085,66183,HOLLYWOOD RD NW@PERRY BLVD NW,33.805499,-84.470636
1627,902086,66192,DONALD L HOLLOWELL PKY @ WATTS RD NW,33.784344,-84.488571
1628,902087,66194,DONALD L HOLLOWELL PKY @ HARWELL RD,33.786094,-84.491199
1629,902135,66196,DONALD L HOLLOWELL PKY @ HARWELL RD NW,33.786017,-84.491481
1630,902306,66200,DONALD L HOLLOWELL PKWY @ BOLTON RD NW,33.787924,-84.494542
1631,902241,66220,HOLLYWOOD RD NW@BOLTON RD NW,33.813315,-84.469148
1632,902242,66222,HOLLYWOOD RD NW@SPINK ST NW,33.812328,-84.470604
1633,902243,66224,HOLLYWOOD RD NW@MAIN ST NW,33.810913,-84.471332
1634,902310,66228,HOLLYWOOD RD NW@PERRY BLVD NW,33.805356,-84.470701
1635,901459,66240,JAMES JACKSON PKY NW@BROWNTOWN RD N,33.801048,-84.475876
1636,902244,66242,JAMES JACKSON PKWY @ JAMES JACKSON CT,33.799317,-84.475552
1637,902480,66293,HIGHTOWER RD NW@ETHERIDGE DR NW,33.787788,-84.470459
1638,902505,66295,HIGHTOWER RD NW@WEST AVE NW,33.78876,-84.47013
1639,902481,66300,ATLANTA INDUSTRIAL PKWY @ 3755,33.802832,-84.49509
1640,902483,66303,ATLANTA INDUSTRIAL PKWY NW @ 3201,33.792711,-84.495357
1641,902541,66316,HOLLYWOOD RD NW @ BROOKS AVE NW,33.785265,-84.461256
1642,902542,66320,HOLLYWOOD RD NW@ALVIN DR NW,33.787991,-84.464415
1643,902543,66322,HOLLYWOOD RD NW@SPRING ST NW,33.788625,-84.465721
1644,902567,66324,HOLLYWOOD RD NW@SAINT PAUL AVE NW,33.789886,-84.466311
1645,902568,66328,HIGHTOWER RD NW@ETHERIDGE DR NW,33.787974,-84.470495
1646,902569,66330,HIGHTOWER RD @ SAINT JAMES AVE NW,33.785938,-84.472748
1647,902546,66338,NORTHWEST DR NW@1190,33.788421,-84.477257
1648,902547,66340,NORTHWEST DR NW@1285,33.789827,-84.478775
1649,902571,66342,NORTHWEST DR NW@1341,33.791595,-84.48053
1650,902572,66344,NORTHWEST DR NW@1375,33.792874,-84.481239
1651,902620,66346,NORTHWEST DR NW@MANGO CIR,33.793669,-84.48272
1652,902621,66348,BOLTON RD NW@PARROTT AVE,33.801808,-84.486783
1653,902404,66352,BOLTON RD NW@SAM ST,33.802832,-84.484501
1654,902406,66398,HOLLYWOOD RD NW@SMITH ST NW,33.809346,-84.472188
1655,902407,66400,BRIDGEPORT DR NW@MARCO DR NW,33.79876,-84.477596
1656,902408,66402,HOLLYWOOD RD NW @ BROWNTOWN RD NW,33.803436,-84.470552
1657,902409,66404,HOLLYWOOD RD@MILTON AVE,33.782869,-84.45862
1658,902601,66410,NORTHWEST DR@1415,33.794741,-84.484242
1659,902602,66412,NORTHWEST DR@1514,33.796426,-84.486118
1660,901998,66416,BOLTON RD@PEYTON RD,33.808001,-84.480726
1661,901999,66422,HOLLYWOOD RD@ALVIN DR,33.787937,-84.464459
1662,901930,66432,AJAX DR NW @ ABNER TER NW,33.800256,-84.462218
1663,902004,66448,BOLTON RD@REY ST,33.802159,-84.485696
1664,901935,66556,BOLTON RD@1051,33.78414,-84.497262
1665,902117,66558,DONALD L HOLLOWELL PKWY @ BOLTON RD,33.788087,-84.494642
1666,902118,66560,ATLANTA INDUSTRIAL PKWY @ DONALD L HOLLOWELL PKWY,33.790946,-84.496365
1667,902159,66562,ATLANTA IND PKWY @ATLANTA IND DRNW,33.796792,-84.495921
1668,902223,66568,ATLANTA INDUSTRIAL PKY @ 3710,33.800932,-84.496495
1669,902224,66570,ATLANTA INDUSTRIAL PKWY NW @ ATLANTA INDUSTRIAL DR,33.796147,-84.495963
1670,902161,66578,HOLLYWOOD RD@SPRING ST,33.788651,-84.465885
1671,902273,66590,BRIDGEPORT DR@MARCO DR,33.800166,-84.476718
1672,902334,66596,HIGHTOWER RD NW @ 7TH ST NW,33.784623,-84.473479
1673,901434,66598,HIGHTOWER RD@HOLLYWOOD RD,33.79272,-84.469332
1674,901436,66604,NORTHWEST DR@1304,33.790817,-84.479996
1675,901503,66608,HIGHTOWER RD@WEST AVE,33.788914,-84.470268
1676,901549,66610,JAMES JACKSON PKY @ NORTHWEST DR,33.789043,-84.476591
1677,901550,66612,HOLLYWOOD RD@GUN CLUB RD,33.794225,-84.469621
1678,901437,66614,HOLLYWOOD RD@GUN CLUB RD,33.794692,-84.469322
1679,901440,67002,MARIETTA ST NW @ MARIETTA BLVD NW,33.786346,-84.42887
1680,901552,67008,PERRY BLVD NW @ JOHNSON RD NW,33.788638,-84.437008
1681,901614,67010,PERRY BLVD @ W HIGHLANDS BLVD NW,33.793676,-84.447436
1682,901615,67028,MARIETTA ST NW@MARIETTA BLVD NW,33.786266,-84.428076
1683,901616,67030,MARIETTA ST NW@ROCKDALE ST NW,33.786905,-84.4337
1684,901617,67032,PERRY BLVD NW @ JOHNSON RD NW,33.78837,-84.436714
1685,901665,67035,PERRY BLVD NW @ W HIGHLANDS BLVD NW,33.793506,-84.447294
1686,901666,67050,DEFOORS FERRY RD NW @ GLENN AVE NW,33.812752,-84.425532
1687,901667,67052,DEFOOR AVE NW @ COLLIER RD NW,33.8116,-84.426369
1688,901668,67055,DEFOOR AVE NW@1990,33.810012,-84.426911
1689,901785,67057,DEFOOR AVE NW@RHOMBOID ST NW,33.807678,-84.425015
1690,901786,67058,DEFOOR AVE NW@MANTISSA ST NW,33.805852,-84.424697
1691,901787,67061,DEFOOR AVE NW@CLAREMONT ST NW,33.804727,-84.422433
1692,901669,67064,DEFOOR AVE NW@TAYLOR ST NW,33.801936,-84.420025
1693,901670,67066,DEFOOR AVE NW@MARVIN ST NW,33.801194,-84.418936
1694,901671,67069,BELLEMEADE AVE NW@BUCHANAN ST NW,33.80037,-84.41332
1695,901898,67071,DEFOOR AVE NW@SPRINGER ST NW,33.800488,-84.417163
1696,901899,67072,DEFOOR AVE NW@MARVIN ST NW,33.801328,-84.419013
1697,901900,67074,DEFOOR AVE NW@TAYLOR ST NW,33.802026,-84.420036
1698,901901,67076,DEFOOR AVE NW@HARPER ST NW,33.80462,-84.421649
1699,901851,67080,DEFOOR AVE NW@MANTISSA ST NW,33.806255,-84.42473
1700,901852,67082,DEFOOR AVE NW@1981,33.809726,-84.426497
1701,901897,67084,DEFOOR AVE NW @ COLLIER RD NW,33.810989,-84.426689
1702,901902,67086,DEFOORS FERRY RD @ GLENN AVE,33.812797,-84.425424
1703,902121,67114,W MARIETTA ST NW @ RICE ST NW,33.785946,-84.426788
1704,902123,67118,W MARIETTA ST NW @ LONGLEY AVE NW,33.785328,-84.424187
1705,902124,67120,W MARIETTA ST NW @ HERNDON ST NW,33.785076,-84.421493
1706,902119,67126,HUFF RD NW@BOYD AVE NW,33.789554,-84.419086
1707,902120,67128,HUFF RD NW@ENGLISH ST NW,33.789629,-84.420521
1708,902125,67130,HUFF RD NW@FAIRMONT AVE NW,33.789627,-84.422022
1709,902126,67132,HUFF RD NW@MENLO DR NW,33.789259,-84.423925
1710,902127,67134,HUFF RD NW@ELLSWORTH IND BLVD,33.788908,-84.426328
1711,902128,67135,ELLSWORTH INDUSTRIAL BLVD @ 1320,33.791051,-84.427208
1712,902230,67137,ELLSWORTH INDUSTRIAL BLVD @ ELAINE AVE NW,33.792651,-84.426788
1713,902294,67138,ELLSWORTH INDUSTRIAL BLVD @ 1425,33.793823,-84.426757
1714,902295,67140,ELLSWORTH INDUSTRIAL BLVD @ 1455,33.795799,-84.426957
1715,902296,67142,ELLSWORTH INDUSTRIAL BLVD @ 1611,33.797309,-84.426915
1716,901453,67147,ELLSWORTH INDUSTRIAL BLVD @ CHATTAHOOCHEE AVE,33.800198,-84.426944
1717,901454,67148,CHATTAHOOCHEE AVE NW@CARROLL DR NW,33.803268,-84.432123
1718,901455,67149,CHATTAHOOCHEE AVE@1391,33.804464,-84.433268
1719,901448,67150,CHATTAHOOCHEE AVE NW@LOGAN CIR NW,33.805316,-84.433932
1720,901450,67154,CHATTAHOOCHEE AVE NW @ COLLIER RD NW,33.808054,-84.43504
1721,901451,67157,CHATTAHOOCHEE AVE@1495,33.809388,-84.43706
1722,901456,67158,CHATTAHOOCHEE AVE NW@MARIETTA BLVD,33.810288,-84.438541
1723,901457,67160,MARIETTA BLVD@2095,33.812825,-84.439287
1724,901458,67161,MARIETTA BLVD @ BOLTON PL,33.814527,-84.440842
1725,901632,67165,HUFF RD NW@BOYD AVE NW,33.789292,-84.419208
1726,901633,67166,HUFF RD NW@ENGLISH ST NW,33.789557,-84.420391
1727,901677,67169,HUFF RD NW @ ELLSWORTH INDUSTRIAL BLVD NW,33.788863,-84.425991
1728,901678,67170,HUFF RD NW@FAIRMONT AVE NW,33.789456,-84.422297
1729,901683,67172,ELLSWORTH INDUSTRIAL BLVD @ ELAINE AVE NW,33.792049,-84.426963
1730,901684,67174,ELLSWORTH INDUSTRIAL BLVD @ 1510,33.796312,-84.427168
1731,901685,67176,ELLSWORTH INDUSTRIAL BLVD @ 1530,33.797324,-84.427144
1732,901679,67180,CHATTAHOOCHEE AVE NW @ ELLSWORTH INDUSTRIAL BLVD,33.80074,-84.427029
1733,901680,67182,CHATTAHOOCHEE AVE NW @ SOUTHLAND CIR NW,33.801638,-84.43018
1734,901681,67184,CHATTAHOOCHEE AVE NW@CARROLL DR NW,33.803187,-84.432156
1735,901682,67186,CHATTAHOOCHEE AVE NW@1396,33.804282,-84.433423
1736,901687,67188,CHATTAHOOCHEE AVE NW@LOGAN CIR NW,33.805182,-84.433995
1737,901689,67192,CHATTAHOOCHEE AVE NW@COLLIER RD NW,33.808485,-84.435925
1738,901802,67194,CHATTAHOOCHEE AVE NW@MARIETTA BLVD,33.809796,-84.43792
1739,901803,67196,MARIETTA BLVD NW @ 2130,33.813256,-84.439754
1740,901804,67200,HOWELL MILL RD NW@GARRAUX ST NW,33.797961,-84.416203
1741,901911,67232,W MARIETTA ST NW @ LONGLEY AVE NW,33.785523,-84.423791
1742,901912,67234,W MARIETTA ST NW @ HERNDON ST,33.785249,-84.421812
1743,902136,67236,PERRY BLVD@1600,33.790342,-84.440459
1744,902019,67238,PERRY BLVD@1600,33.790317,-84.440622
1745,902020,67240,DEFOOR AVE@HOWELL MILL RD,33.800328,-84.416249
1746,902137,67260,DEFOOR AVE@RHOMBOID ST,33.807624,-84.424917
1747,902139,67278,MARIETTA BLVD NW @ W MARIETTA ST NW,33.78558,-84.427901
1748,902247,67280,HUFF RD@BOOTH ST,33.788352,-84.416702
1749,901460,67282,HUFF RD @ N ASHBY ST,33.7882,-84.416485
1750,901461,67284,HUFF RD@FOSTER ST,33.78761,-84.413418
1751,901462,67286,CHATTAHOOCHEE AVE@ SOUTHLAND CIR,33.802303,-84.430817
1752,902248,67290,DEFOORS FERRY RD @ NOBLE CREEK DR,33.813674,-84.425816
1753,902249,67292,HUFF RD@1088,33.789129,-84.423675
1754,902451,68016,PEACHTREE RD NW @ BENNETT ST NW,33.81216,-84.392487
1755,902452,68018,PEACHTREE RD NW @ PEACHTREE VALLEY RD,33.810451,-84.392805
1756,902453,68020,PEACHTREE RD NW @ BRIGHTON RD,33.807977,-84.393872
1757,902454,68022,PEACHTREE RD NW @ COLLIER RD NW,33.806859,-84.393934
1758,901583,68024,PEACHTREE RD NW @ PALISADES RD NE,33.804908,-84.393725
1759,901584,68026,PEACHTREE ST NE @ 26TH ST NW,33.802605,-84.393143
1760,901585,68028,PEACHTREE ST NE @ 25TH ST NW,33.801495,-84.39299
1761,902455,68032,PEACHTREE ST @ BUFORD SPRING CONN,33.798102,-84.390793
1762,902456,68034,PEACHTREE ST NE @ PEACHTREE CIR NE,33.795818,-84.387745
1763,902457,68038,PEACHTREE ST NE @ PEACHTREE ST NW,33.795055,-84.387924
1764,902512,68042,PEACHTREE ST NE @ 17TH ST NE,33.792489,-84.386405
1765,902485,68044,PEACHTREE ST NE @ 16TH ST NE,33.790691,-84.385229
1766,902487,68050,15TH ST NE @ PEACHTREE ST NE,33.788435,-84.384803
1767,902513,68052,PEACHTREE RD @ PHARR RD NE,33.836966,-84.381379
1768,902514,68056,15TH ST NE @ ARTS CENTER WAY NE,33.788309,-84.384848
1769,902515,68057,15TH ST NE @ PEACHTREE ST NE,33.78831,-84.383976
1770,902516,68058,PEACHTREE ST NE @ 15TH ST NE,33.78955,-84.384343
1771,902489,68060,PEACHTREE ST NE @ 16TH ST NE,33.790215,-84.384773
1772,902490,68062,PEACHTREE ST NE@17TH ST NE,33.792347,-84.386177
1773,902491,68064,PEACHTREE ST NE@W PEACHTREE ST NW,33.794458,-84.387505
1774,902492,68066,PEACHTREE ST NW @ PEACHTREE CIR NE,33.795544,-84.387627
1775,902517,68067,PEACHTREE ST NE@SPRING ST NW,33.797304,-84.388911
1776,902573,68070,PEACHTREE ST NE @ DEERING RD,33.799852,-84.392317
1777,902574,68072,PEACHTREE ST NE @ 25TH ST NW,33.801308,-84.392715
1778,902548,68074,PEACHTREE ST NE @ HUNTINGTON RD NE,33.802181,-84.392693
1779,902549,68075,PEACHTREE RD @ PALISADES RD,33.804575,-84.393291
1780,902550,68076,PEACHTREE RD NW@COLLIER RD NW,33.806571,-84.393818
1781,902551,68078,PEACHTREE RD NW @ BRIGHTON RD NE,33.808643,-84.393374
1782,902575,68079,PEACHTREE RD NW @ BROOKWOOD VALLEY CIR NE,33.809901,-84.392823
1783,902576,68080,PEACHTREE RD NW @ PEACHTREE VALLEY RD,33.810714,-84.392485
1784,902577,68084,PEACHTREE RD NW@PEACHTREE PARK DR N,33.81205,-84.392128
1785,902578,68088,BELLEMEADE AVE NW@TALLULAH ST NW,33.800296,-84.411267
1786,902555,68138,BELLEMEADE AVE NW@BUCHANAN ST NW,33.80045,-84.4131
1787,902605,68160,HUFF RD NW @ HOWELL MILL RD NW,33.787729,-84.412134
1788,902610,68219,NORTHSIDE DR NW @ 17TH ST NW,33.790614,-84.407928
1789,901784,68220,HOWELL MILL RD NW @ MORRIS ST NW,33.796501,-84.416088
1790,901712,68225,HOLLYWOOD RD@SAINT PAUL AVE,33.78994,-84.46642
1791,901716,68242,HOWELL MILL RD NW @ HUFF RD NW,33.788155,-84.411858
1792,901717,68244,HOWELL MILL RD NW @ 17TH ST,33.790556,-84.4122
1793,901718,68248,HOWELL MILL RD NW@TRABERT AVE NW,33.793335,-84.41417
1794,901719,68250,HOWELL MILL RD NW @ TRABERT AVE NW,33.793488,-84.414374
1795,901830,68252,HOWELL MILL RD NW @ FORREST ST NW,33.796032,-84.4158
1796,901936,68254,HOWELL MILL RD NW @ ANTONE ST NW,33.79781,-84.4161
1797,902045,68256,HOWELL MILL RD NW @ BELLEMEADE AVE NW,33.801059,-84.415734
1798,902047,68258,HOWELL MILL RD NW @ WHITE ST NW,33.801454,-84.415643
1799,901937,68259,HOWELL MILL RD NW @ VERNER ST NW,33.798867,-84.41613
1800,901938,68260,HOWELL MILL RD NW @ 1775,33.803003,-84.414422
1801,901939,68262,HOWELL MILL RD NW@ CHANNING DR,33.80773,-84.412635
1802,902048,68266,HOWELL MILL RD NW @ COLLIER RD NW,33.810212,-84.412703
1803,902049,68267,HOWELL MILL RD NW@SPRING LAKE PL NW,33.812502,-84.414141
1804,902051,68276,HOWELL MILL RD NW@14TH ST NW,33.786304,-84.411605
1805,901941,68278,HOWELL MILL RD NW@HUFF RD NW,33.787646,-84.411742
1806,902276,68300,NORTHSIDE DR NW@NORTHSIDE CIR NW,33.797148,-84.407811
1807,902277,68302,BELLEMEADE AVE @ NORTHSIDE DR NW,33.80035,-84.40851
1808,902278,68304,BELLEMEADE AVE NW@COMMERCE DR NW,33.800419,-84.41111
1809,902167,68306,BELLEMEADE AVE NW@HOWELL MILL RD NW,33.800498,-84.415857
1810,901441,68340,HOWELL MILL RD NW @ 14TH ST NW,33.785957,-84.411749
1811,901442,68342,HOWELL MILL RD NW @ COLLIER RD NW,33.809113,-84.412922
1812,901444,68346,HOWELL MILL RD NW@BECK ST NW,33.807095,-84.412767
1813,901554,68348,HOWELL MILL RD NW @ SPRING GROVE AVE,33.803863,-84.414102
1814,901555,68350,HOWELL MILL RD NW @ RIDGEWAY AVE NW,33.802241,-84.415081
1815,901557,68354,HUFF RD NW@FOSTER ST NW,33.787799,-84.41333
1816,901446,68370,BELLEMEADE AVE @ NORTHSIDE DR,33.800217,-84.408053
1817,901789,68900,ARTS CENTER STATION,33.789283,-84.387125
1818,901790,69001,PIEDMONT RD NE @ PIEDMONT CIR NE,33.810954,-84.36676
1819,901673,69015,PIEDMONT RD NE @ GARSON DR NE,33.818159,-84.367123
1820,901676,69027,PIEDMONT AVE NE @ MORNINGSIDE DR NE,33.799479,-84.367897
1821,901723,69028,PIEDMONT AVE NE@MONROE DR NE,33.796811,-84.369266
1822,901903,69029,PIEDMONT AVE NE@1502,33.795468,-84.370614
1823,901904,69030,PIEDMONT AVE NE@AVERY DR NE,33.79446,-84.3717
1824,901905,69031,PIEDMONT AVE NE@WESTMINSTER DR NE,33.793247,-84.372777
1825,901906,69032,PIEDMONT AVE NE@THE PRADO  NE,33.792357,-84.373774
1826,902006,69034,PIEDMONT AVE NE @ 15TH ST NE,33.78826,-84.377483
1827,901908,69042,PIEDMONT RD NE@CHESHIRE BRIDGE RD N,33.807562,-84.366008
1828,901945,69056,PIEDMONT CIR NE @ 1911,33.809005,-84.366754
1829,902010,69058,MONROE DR NE @ PIEDMONT CIR,33.810461,-84.368044
1830,902011,69060,MONROE DR NE@MONROE PL NE,33.810693,-84.370383
1831,902238,69064,MONROE DR NE@1942,33.808561,-84.375201
1832,902231,69068,MONROE DR NE@ROCK SPRINGS RD NE,33.805554,-84.374732
1833,902232,69070,MONROE DR NE@PIEDMONT WAY NE,33.803657,-84.373588
1834,902129,69072,MONROE DR NE@MONTGOMERY FERRY DR NE,33.801894,-84.372401
1835,902130,69074,MONROE DR NE@1705,33.800677,-84.371791
1836,902131,69076,MONROE DR @ 1544,33.799299,-84.370757
1837,902233,69080,MONROE DR NE@PIEDMONT AVE NE,33.79733,-84.369222
1838,902235,69084,MONROE DR NE@YORKSHIRE RD NE,33.795621,-84.367775
1839,902133,69088,MONROE DR NE@PARK DR NE,33.785946,-84.367485
1840,902171,69092,MONROE DR NE@AMSTERDAM AVE NE,33.78829,-84.36741
1841,901568,69116,MONROE DR NE@YORKSHIRE RD NE,33.794891,-84.367134
1842,901571,69129,MONROE DR NE@DUTCH VALLEY RD NE,33.791763,-84.366737
1843,901505,69132,MONROE DR NE@AMSTERDAM AVE NE,33.787933,-84.366997
1844,901508,69140,MONROE DR NE @ 1605 (ANSLEY MALL),33.798869,-84.370289
1845,901805,69144,MONROE DR NE @ 1705,33.801536,-84.372075
1846,901806,69146,MONROE DR NE@ALLEN RD NE,33.802386,-84.37263
1847,901807,69148,MONROE DR NE@PIEDMONT WAY NE,33.803665,-84.373501
1848,901808,69150,MONROE DR NE@ROCK SPRINGS RD NE,33.805183,-84.374382
1849,901691,69152,MONROE DR NE@WIMBLEDON RD NE,33.806708,-84.375222
1850,901692,69154,MONROE DR NE@1925,33.808149,-84.375277
1851,901739,69156,MONROE DR NE@2075,33.810002,-84.373527
1852,901740,69158,MONROE DR NE@ARMOUR DR NE,33.810549,-84.371427
1853,901810,69160,MONROE DR NE@MONROE PL NE,33.810603,-84.370709
1854,901742,69166,CHESHIRE BRIDGE RD NE@WINDEMERE DR,33.808377,-84.364203
1855,901743,69168,CHESHIRE BRIDGE RD NE @ MANCHESTER ST,33.80912,-84.36243
1856,901913,69170,CHESHIRE BRIDGE RD NE@LIDDELL DR NE,33.810186,-84.359591
1857,901914,69174,CHESHIRE BRIDGE RD NE @ FAULKNER RD N,33.811539,-84.35611
1858,901964,69194,CHESHIRE BRIDGE RD NE @ FAULKNER RD NE,33.81158,-84.35641
1859,902027,69198,CHESHIRE BRIDGE NE@WELLBOURNE DR NE,33.810124,-84.359961
1860,902028,69200,CHESHIRE BRIDGE RD NE@MANCHESTER ST,33.80906,-84.36279
1861,902073,69202,CHESHIRE BRIDGE RD NE@WINDEMERE DR,33.80836,-84.36444
1862,902140,69204,CHESHIRE BRIDGE RD NE @ PIEDMONT RD NE,33.808166,-84.364993
1863,902253,69222,N HIGHLAND AVE NE @ AMSTERDAM AVE,33.787579,-84.355296
1864,902254,69224,N HIGHLAND AVE NE @ MCLYNN AVE NE,33.788418,-84.355362
1865,902255,69226,N HIGHLAND AVE NE @ COURTENAY DR NE,33.789513,-84.355576
1866,902187,69228,N HIGHLAND AVE NE @ MORNINGSIDE DR,33.790676,-84.355416
1867,902188,69230,N HIGHLAND AVE NE @ LANIER PL NE,33.791848,-84.353742
1868,902189,69232,N HIGHLAND AVE NE @ UNIVERSITY DR,33.793048,-84.351589
1869,902190,69234,N HIGHLAND AVE NE @ REEDER CIR NE,33.794399,-84.351021
1870,902297,69236,N HIGHLAND AVE NE @ CUMBERLAND RD,33.795311,-84.350655
1871,901519,69238,N HIGHLAND AVE @ E ROCK SPRINGS RD,33.79649,-84.35006
1872,901467,69240,JOHNSON RD NE@BEECH VALLEY RD NE,33.798052,-84.348925
1873,901468,69242,JOHNSON RD NE@PASADENA AVE NE,33.79867,-84.347827
1874,901469,69244,JOHNSON RD NE@NOBLE DR NE,33.799001,-84.346674
1875,901525,69270,E ROCK SPRINGS RD NE @ JOHNSON RD,33.796806,-84.349815
1876,902460,69284,JOHNSON RD NE@HOMESTEAD AVE,33.798688,-84.348023
1877,902461,69286,JOHNSON RD NE@BEECH VALLEY RD,33.798172,-84.348946
1878,902462,69288,N HIGHLAND AVE @  E ROCK SPRINGS RD,33.796566,-84.350187
1879,902467,69290,N HIGHLAND AVE NE @ CUMBERLAND RD,33.795725,-84.350622
1880,902468,69300,N HIGHLAND AVE NE @ REEDER CIR,33.794794,-84.351024
1881,902469,69302,N HIGHLAND AVE @ UNIVERSITY DR,33.793463,-84.351585
1882,902470,69304,N HIGHLAND AVE @ LANIER PL,33.791947,-84.353688
1883,902493,69306,N HIGHLAND AVE @ MORNINGSIDE DR,33.791016,-84.355438
1884,902494,69308,N HIGHLAND AVE NE @ COURTENAY DR NE,33.789941,-84.35571
1885,902495,69310,N HIGHLAND AVE NE @ MCLYNN AVE,33.788733,-84.355514
1886,902519,69312,N HIGHLAND AVE NE @ AMSTERDAM AVE,33.787623,-84.355394
1887,902525,69316,N HIGHLAND AVE NE @ GLEN ARDEN WAY,33.784938,-84.354925
1888,902526,69320,CHESHIRE BRIDGE RD @ 2170,33.813965,-84.353674
1889,902521,69325,PIEDMONT AVE NE @ 14TH ST NE,33.78709,-84.37807
1890,902522,69326,PIEDMONT AVE NE @ 15TH ST NE,33.788224,-84.377418
1891,902523,69328,PIEDMONT AVE NE@PRADO,33.7892,-84.376309
1892,902524,69330,PIEDMONT AVE NE@THE PRADO,33.791636,-84.374179
1893,902528,69332,PIEDMONT AVE NE@WESTMINSTER DR NE,33.793095,-84.37282
1894,902529,69334,PIEDMONT AVE NE@AVERY DR NE,33.79451,-84.371451
1895,902556,69341,PIEDMONT AVE NE@MORNINGSIDE DR NE,33.799792,-84.367744
1896,902581,69356,14TH ST@JUNIPER ST,33.78645,-84.381713
1897,902582,69360,MONROE DR@2025,33.809127,-84.374821
1898,902583,69362,N HIGHLAND AVE @ WESSYNGTON RD,33.791678,-84.354753
1899,902587,69366,MONROE DR@PIEDMONT AVE,33.796915,-84.368633
1900,902588,69368,CHESHIRE BRIDGE RD@ 2171,33.81426,-84.353358
1901,902418,69374,ARMOUR DR @ ARMOUR CIR,33.812795,-84.374181
1902,902420,69378,ARMOUR DR @ OTTLEY DR,33.812408,-84.376988
1903,902421,69380,OTTLEY DR@125,33.807061,-84.383438
1904,902426,69382,ARMOUR DR @ ARMOUR CIR,33.812705,-84.374127
1905,902428,69386,MONROE DR@WIMBLEDON RD,33.806672,-84.375298
1906,902429,69388,MONROE DR NE@DUTCH VALLEY RD NE,33.792141,-84.367139
1907,902422,69390,PIEDMONT AVE@PRADO  NE,33.789335,-84.376277
1908,902424,69394,MONROE DR@PARK DR,33.785406,-84.367281
1909,902432,70018,BRIARCLIFF RD NE@BRIARDALE LN NE,33.789193,-84.339025
1910,901831,70020,BRIARCLIFF RD NE @ N DECATUR RD NE,33.790759,-84.338123
1911,901834,70032,BRIARCLIFF RD NE @ JOHNSON RD NE,33.805044,-84.337146
1912,901835,70036,BRIARCLIFF RD NE@SHEPHERDS LN NE,33.806924,-84.335624
1913,901836,70040,BRIARCLIFF RD NE@STEPHENS DR NE,33.811772,-84.33422
1914,901837,70042,E ROCK SPRINGS RD @ ROCK SPRINGS CR,33.79305,-84.340516
1915,901771,70044,WOODLAND HILLS DR NE @ WOODLAND AVE,33.81223,-84.346275
1916,901772,70046,WOODLAND HILLS DR NE@PALAFOX DR,33.812159,-84.346297
1917,901773,70048,WOODLAND HILLS DR NE @ JANES LN,33.812132,-84.344491
1918,901774,70050,WOODLAND HILLS DR NE@VISTA TRL NE,33.811864,-84.342728
1919,901943,70052,WOODLAND HILLS DR NE @ RALPH RD,33.811721,-84.34312
1920,901944,70054,WOODLAND HILLS DR NE @ COUNTRY LN,33.813296,-84.341793
1921,902054,70064,BRIARCLIFF RD NE@1256,33.787888,-84.339737
1922,902055,70072,JOHNSON RD NE@MEADOWDALE AVE NE,33.799745,-84.344205
1923,901990,70074,JOHNSON RD NE@PASADENA AVE NE,33.80106,-84.342659
1924,901991,70076,JOHNSON RD NE@NOBLE DR,33.802618,-84.340997
1925,901993,70078,JOHNSON RD NE@HELEN DR NE,33.803514,-84.339876
1926,902058,70089,BRIARCLIFF RD@SHEPHERDS LN,33.80795,-84.33527
1927,902104,70090,BRIARCLIFF RD NE @ CLIFTON RD NE,33.805841,-84.336287
1928,902281,70108,BRIARCLIFF RD NE@UNIVERSITY DR NE,33.790025,-84.338712
1929,902217,70116,BRIARCLIFF RD NE@OAK PARK DR  NE,33.785451,-84.341015
1930,902218,70122,N DECATUR RD NE @ DOWMAN DR NE,33.788326,-84.325376
1931,901492,70144,CLIFTON RD NE @ GAMBRELL DR,33.79032,-84.320844
1932,901560,70148,CLIFTON RD NE @ UPPER GATE DR NE,33.792989,-84.320927
1933,901561,70150,CLIFTON RD NE @ HAYGOOD DR NE,33.79494,-84.32106
1934,901604,70152,CLIFTON RD NE @ GATEWOOD RD NE,33.796928,-84.322083
1935,901605,70154,CLIFTON RD NE @ HOUSTON MILL RD NE,33.798279,-84.323472
1936,901494,70156,CLIFTON RD NE @ 1599,33.799291,-84.324482
1937,901496,70160,CLIFTON RD NE @ TURNER LN,33.800597,-84.326725
1938,901497,70162,CLIFTON RD NE @ TURNER LN (CDC PKWY),33.800758,-84.328737
1939,901606,70164,CLIFTON RD NE @ 1749,33.801235,-84.330552
1940,902239,70166,CLIFTON RD NE @ OLD BRIARCLIFF WAY,33.803577,-84.333502
1941,902173,70168,CLIFTON RD NE @ BILTMORE DR NE,33.805027,-84.334949
1942,902174,70170,CLIFTON RD NE @ BRIARCLIFF RD NE,33.806038,-84.335874
1943,902175,70174,BRIARCLIFF RD NE@BRIAR VISTA TER NE,33.809448,-84.33434
1944,902283,70178,E ROCK SPRINGS RD NE @ CUMBERLAND RD NE,33.795126,-84.344606
1945,902284,70180,E ROCK SPRINGS RD NE @ MARKAN DR NE,33.794267,-84.343083
1946,902285,70181,E ROCK SPRINGS RD NE @ ROCK SPRINGS CIR NE,33.792988,-84.340451
1947,902176,70183,E ROCK SPRINGS RD NE @ N DECATUR RD NE,33.791457,-84.339015
1948,902177,70184,N DECATUR RD NE @ BRIARCLIFF RD NE,33.790974,-84.338134
1949,902178,70186,N DECATUR RD NE @ SPRINGDALE RD NE,33.789981,-84.334599
1950,902179,70188,N DECATUR RD NE @ OXFORD RD NE,33.789184,-84.332957
1951,902287,70190,N DECATUR RD NE @ OAKDALE RD NE,33.788648,-84.331836
1952,901724,70200,N DECATUR RD NE @ LULLWATER RD,33.787466,-84.328552
1953,901725,70201,N DECATUR RD @ WASH LIVELY CIR,33.791979,-84.283468
1954,901796,70202,N DECATUR RD NE @ S OXFORD RD NE,33.788227,-84.325147
1955,901797,70204,N DECATUR RD NE @ 1641,33.788263,-84.323331
1956,901798,70206,N DECATUR RD NE @ CLIFTON RD,33.788764,-84.321004
1957,901726,70210,N DECATUR RD NE @HEALTHGATE DR,33.790232,-84.317784
1958,901727,70212,N DECATUR RD NE @ RIDGEWOOD DR NE,33.791261,-84.316185
1959,901728,70216,N DECATUR RD NE @ PRINCETON WAY,33.792075,-84.31203
1960,901729,70218,N DECATUR RD @ HAYGOOD DR,33.79208,-84.314682
1961,901840,70220,N DECATUR RD NE @ RIDGEWOOD DR,33.79121,-84.31646
1962,901842,70224,N DECATUR RD NE @ HEALTHGATE DR,33.789802,-84.318622
1963,901843,70226,N DECATUR RD @ 1660,33.78834,-84.32359
1964,901730,70230,N DECATUR RD @ LULLWATER RD,33.787475,-84.328802
1965,901572,70232,N DECATUR RD NE @ OAKDALE RD,33.788648,-84.331738
1966,901573,70234,N DECATUR RD @ OXFORD RD,33.78915,-84.33258
1967,901619,70236,N DECATUR RD @ SPRINGDALE RD,33.78998,-84.33422
1968,901620,70238,N DECATUR RD NE @ BRIARCLIFF RD NE,33.79094,-84.3377
1969,901509,70240,N DECATUR RD @ E ROCK SPRINGS RD,33.791395,-84.338884
1970,901511,70246,E ROCK SPRINGS RD @ MARKAN DR,33.79414,-84.34264
1971,901512,70248,E ROCK SPRINGS RD @ BEECH VALLEY WY,33.79526,-84.34474
1972,901621,70260,BRIARCLIFF RD NE@1259,33.78853,-84.339319
1973,901622,70264,BRIARCLIFF RD NE@OAK PARK DR NE,33.78538,-84.340982
1974,901623,70274,JOHNSON RD NE@NOBLE DR NE,33.803308,-84.340299
1975,901624,70276,JOHNSON RD NE@PASADENA AVE,33.801687,-84.342324
1976,901513,70278,JOHNSON RD NE@MEADOWDALE AVE,33.799915,-84.344096
1977,901514,70280,JOHNSON RD NE@NOBLE DR NE,33.799057,-84.346664
1978,902013,70284,BRIARCLIFF RD NE@BRIAR VISTA TER NE,33.810379,-84.334819
1979,901946,70288,CLIFTON RD@BRIARCLIFF RD,33.80585,-84.335841
1980,901947,70290,CLIFTON RD@OLD BRIARCLIFF WAY,33.803434,-84.333578
1981,901948,70292,CLIFTON RD @ 1762,33.801402,-84.331337
1982,901949,70294,CLIFTON RD @ CDC PKWY,33.800634,-84.328764
1983,902014,70296,CLIFTON RD @ CLIFTON WAY,33.800597,-84.326975
1984,902015,70298,CLIFTON RD NE @ 1615,33.799773,-84.32555
1985,902016,70300,CLIFTON RD @ HOUSTON MILL RD,33.798565,-84.323799
1986,901950,70304,CLIFTON RD @ EAGLE ROW,33.794662,-84.321199
1987,901952,70308,CLIFTON RD @ WOODRUFF CIR,33.793403,-84.32109
1988,901953,70354,CLIFTON RD @ FISHBURNE DR,33.790637,-84.321059
1989,902061,70358,N DECATUR RD NE @ HAYGOOD DR NE,33.792048,-84.314282
1990,901813,71002,CHURCH ST @ GLENLAKE COMMONS DR,33.785504,-84.291787
1991,901853,71004,CHURCH ST @ FORKNER DR,33.786593,-84.290171
1992,901854,71005,WINN WAY @ 455,33.788057,-84.27924
1993,901855,71006,CHURCH ST @ 1391,33.788307,-84.288651
1994,901856,71008,CHURCH ST @ 1429,33.789127,-84.287773
1995,901745,71010,CHURCH ST @ 1471,33.79012,-84.28664
1996,901746,71012,CHURCH ST @ SYCAMORE DR,33.791019,-84.285912
1997,901747,71013,N DECATUR RD @ WINN WAY,33.79247,-84.28145
1998,901748,71014,N DECATUR RD @ 2787,33.792962,-84.28002
1999,901858,71020,DEKALB INDUSTRIAL WAY @ 685,33.797115,-84.279093
2000,901859,71022,DEKALB INDUSTRIAL WAY @ 751,33.798619,-84.27993
2001,901860,71024,DEKALB INDUSTRIAL WAY @ LAWRENCEVILLE HWY,33.80011,-84.28046
2002,901750,71026,LAWRENCEVILLE HWY @ JORDAN LN,33.801635,-84.279493
2003,903671,71028,NORTH DEKALB MALL,33.810021,-84.277388
2004,903672,71030,N DRUID HILLS RD @ DRUID WOODS CT,33.811775,-84.278366
2005,903958,71062,CLAIREMONT AVE @ MAEDIRIS DR,33.786907,-84.306618
2006,903959,71064,CLAIREMONT AVE @ CLAIRMONT RUN,33.788837,-84.307114
2007,903960,71066,CLAIRMONT RD @ N DECATUR RD,33.790347,-84.306462
2008,903961,71068,CLAIRMONT RD @ POWELL LN,33.791972,-84.305947
2009,903996,71070,CLAIRMONT RD @ LADSON CT,33.793532,-84.30564
2010,903997,71072,CLAIRMONT RD @ CLAIRMONT CIR,33.795195,-84.305702
2011,903998,71074,CLAIRMONT RD @ STARVINE WAY,33.798326,-84.307055
2012,903992,71082,CLAIRMONT RD @ BUTLER LN,33.804958,-84.31077
2013,903993,71084,CLAIRMONT RD @ MASON MILL RD,33.806687,-84.310513
2014,903994,71086,CLAIRMONT RD @ MCCONNELL DR,33.80977,-84.30921
2015,904142,71088,CLAIRMONT RD @ N DRUID HILLS RD,33.813194,-84.307741
2016,904143,71090,N DRUID HILLS RD @ JAMESTOWN RD,33.812652,-84.306885
2017,904084,71092,N DRUID HILLS RD @ BLACKSHEAR DR,33.812623,-84.300734
2018,904085,71094,N DRUID HILLS RD @ MOORESTOWN CIR,33.812587,-84.299494
2019,904086,71096,N DRUID HILLS RD @ SPRING CREEK RD,33.812569,-84.297568
2020,904087,71098,N DRUID HILLS RD @ N CROSSING WAY,33.810742,-84.292064
2021,904144,71100,N DRUID HILLS RD @ WILLIVEE DR,33.810213,-84.289496
2022,904145,71102,N DRUID HILLS RD @ HILLS DR,33.810991,-84.287157
2023,904176,71104,N DRUID HILLS RD @ VALLEY DR,33.811814,-84.285405
2024,904177,71106,N DRUID HILLS RD @ DRUID HILLS CIR,33.812537,-84.281271
2025,904182,71108,N DRUID HILLS RD @ LAUREL HILL DR,33.812699,-84.282043
2026,904183,71112,N DRUID HILLS RD @ VALLEY DR,33.811921,-84.285351
2027,904184,71114,N DRUID HILLS RD @ ARBORDALE DR,33.810875,-84.287549
2028,904185,71116,N DRUID HILLS RD @ WILLIVEE DR,33.81039,-84.289261
2029,904178,71118,N DRUID HILLS RD @ N CROSSING WAY,33.810634,-84.291672
2030,903498,71120,N DRUID HILLS RD @ SPRING CREEK RD,33.812658,-84.297187
2031,903565,71122,N DRUID HILLS RD @ AZALEA CIR,33.812686,-84.300516
2032,903566,71124,N DRUID HILLS RD @ CLAIRMONT RD,33.812862,-84.306929
2033,903568,71134,N DECATUR RD NE @ PRINCETON WAY,33.791332,-84.31029
2034,903499,71136,N DECATUR RD @ CLAIRMONT RD,33.790268,-84.30679
2035,903500,71138,N DECATUR RD @ WEBSTER DR,33.790284,-84.304417
2036,903501,71140,N DECATUR RD @ SHERMAN WAY,33.790641,-84.301981
2037,903502,71142,N DECATUR RD @ CLAIRMONT CIR,33.790704,-84.302122
2038,903614,71144,N DECATUR RD @ CLAIRMONT CIR,33.79097,-84.30139
2039,903615,71146,N DECATUR RD @ N SUPERIOR AVE,33.791161,-84.299706
2040,903617,71150,N DECATUR RD @ WENDAN DR,33.792457,-84.296781
2041,903622,71152,N DECATUR RD @ WENDAN DR,33.79268,-84.29674
2042,903624,71156,N DECATUR RD @ SUZANNE DR,33.79364,-84.294075
2043,905562,71158,N DECATUR RD @ SUZANNE DR,33.793513,-84.293996
2044,905432,71160,N DECATUR RD @ SUNSTEDE DR,33.793691,-84.29094
2045,905433,71162,N DECATUR RD @ SCOTT BLVD,33.793506,-84.290441
2046,905505,71167,N DECATUR RD @ SCOTT BLVD,33.793225,-84.289167
2047,905552,71170,N DECATUR RD @ BLACKMON DR,33.792812,-84.288342
2048,905434,71172,N DECATUR RD @ CHURCH ST,33.792248,-84.28597
2049,905435,71180,N DECATUR RD @ WEBSTER DR,33.790405,-84.304222
2050,905436,71182,N DECATUR RD @ CLAIRMONT RD,33.790436,-84.30681
2051,905437,71184,N DECATUR RD @ PRINCETON WAY,33.791377,-84.310192
2052,905553,71186,N DECATUR RD @ PRINCETON WAY,33.79206,-84.31178
2053,905554,71188,WINN WAY @ 440,33.786535,-84.279414
2054,905555,71192,WINN WAY @ IRVIN WAY,33.788791,-84.279446
2055,905556,71194,WINN WAY @ IRVIN WAY,33.788934,-84.27937
2056,905561,71196,WINN WAY @ BILL THRASHER DR,33.78983,-84.27982
2057,905669,71198,WINN WAY @ BILL THRASHER DR,33.78999,-84.279989
2058,905670,71200,WINN WAY @ N DECATUR RD,33.79246,-84.28112
2059,905671,71206,WINN WAY @ RUFUS EVANS DR,33.791656,-84.280771
2060,905741,71208,RUFUS EVANS DR @ SYCAMORE DR,33.790521,-84.285329
2061,905786,71212,SYCAMORE DR @ RUFUS EVANS DR,33.790464,-84.285429
2062,905675,71234,N DECATUR RD @ 2806,33.793756,-84.27817
2063,905789,71244,CHURCH ST @ SYCAMORE DR,33.790478,-84.286774
2064,905790,71246,CHURCH ST @ 1438,33.789568,-84.287683
2065,905791,71248,CHURCH ST @ 1380,33.7883,-84.289352
2066,905984,71250,CHURCH ST @ MEDLOCK RD,33.786745,-84.290127
2067,905985,71252,CHURCH ST @ GLENLAKE COMMONS DR,33.785806,-84.29165
2068,905986,71282,CLAIREMONT AVE@MAEDIRIS DR,33.78651,-84.305992
2069,905912,71284,CLAIREMONT AVE @ CLAIRMONT RUN,33.788453,-84.306807
2070,905913,71286,CLAIRMONT RD @ N DECATUR RD,33.789457,-84.306586
2071,905914,71288,CLAIRMONT RD @ POWELL LN,33.791398,-84.305945
2072,905915,71300,CLAIRMONT RD @ LADSON CT,33.79253,-84.30559
2073,906029,71302,CLAIRMONT RD@CLAIRMONT CIR,33.794874,-84.305411
2074,906030,71304,CLAIRMONT RD@DESMOND DR,33.797167,-84.305742
2075,906031,71306,CLAIRMONT RD@STARVINE WAY,33.798608,-84.307123
2076,906032,71312,CLAIRMONT RD @ BUTLER LN,33.805232,-84.310462
2077,905916,71314,CLAIRMONT RD@MASON MILL RD,33.807595,-84.310015
2078,905917,71316,CLAIRMONT RD@MCCONNELL DR,33.809577,-84.309092
2079,905918,71318,CLAIRMONT RD@WILLIAMSBURG DR,33.810856,-84.308552
2080,905919,71320,CLAIRMONT RD @ N DRUID HILLS RD,33.812435,-84.307831
2081,906033,71328,DEKALB INDUSTRIAL WAY@MILSCOTT DR,33.796124,-84.278786
2082,903578,71330,N DECATUR RD @ SUPERIOR AVE,33.79099,-84.299783
2083,903579,71332,CLAIRMONT RD@CLAIRMONT LK,33.801409,-84.309463
2084,903580,71334,DEKALB INDUSTRIAL WAY @ MILSCOTT DR,33.79623,-84.27808
2085,903697,71342,N DECATUR RD @ WINN WAY,33.7929,-84.2807
2086,903698,71344,CHURCH ST @ N DECATUR RD,33.792033,-84.285253
2087,903699,71350,CHURCH ST @ WILLOW LN,33.78501,-84.29305
2088,903700,71352,CLAIRMONT RD @ N WILLIAMSBURG DR,33.811175,-84.308672
2089,903581,71354,VA HOSPITAL,33.802142,-84.310897
2090,903582,71356,CLAIRMONT RD @ CLAIRMONT LAKE,33.801213,-84.309559
2091,903702,71364,CLAIRMONT RD @ SOUTHERN LN,33.803493,-84.310773
2092,903703,71366,CLAIRMONT RD@BUTLER LN,33.806257,-84.310386
2093,903631,72002,N DRUID HILLS RD @ MISTLETOE RD,33.811219,-84.276136
2094,903880,72004,N DRUID HILLS RD @ MISTLETOE RD,33.810897,-84.275603
2095,903881,72008,N DRUID HILLS RD @ OAK TREE RD,33.811238,-84.276843
2096,903793,72010,N DRUID HILLS RD @ ORION DR,33.807681,-84.268436
2097,903794,72012,VALLEY BROOK RD @ 908,33.80512,-84.267764
2098,903795,72014,VALLEY BROOK RD@HOLLYWOOD DR,33.804404,-84.267492
2099,903796,72016,VALLEY BROOK RD@VISTA BROOK DR,33.802363,-84.266852
2100,903882,72018,VALLEY BROOK RD@FANTASY LN,33.800761,-84.266342
2101,903883,72020,VALLEY BROOK RD@WESTBURY DR,33.798451,-84.265593
2102,903884,72022,VALLEY BROOK RD@CEDAR BROOK DR,33.796857,-84.263821
2103,903885,72024,VALLEY BROOK RD @ E PONCE DE LEON AVE,33.795434,-84.263148
2104,903827,72026,E PONCE DE LEON AVE @ LAREDO DR,33.785229,-84.268987
2105,903828,72028,E PONCE DE LEON AVE @ PATTERSON AVE,33.785742,-84.265918
2106,903829,72030,E PONCE DE LEON AVE @ EXCHANGE AVE,33.790941,-84.264772
2107,903886,72034,VALLEY BROOK RD @ E PONCE DE LEON AVE,33.79588,-84.26323
2108,903887,72036,VALLEY BROOK RD@FORD PL,33.79709,-84.263821
2109,904061,72038,VALLEY BROOK RD@JUDYLYN DR,33.797842,-84.265006
2110,904062,72040,VALLEY BROOK RD@FANTASY LN,33.80058,-84.26611
2111,904063,72042,VALLEY BROOK RD@VISTA BROOK DR,33.802151,-84.266594
2112,904064,72044,VALLEY BROOK RD@HOLLYWOOD DR,33.804297,-84.267318
2113,903976,72046,VALLEY BROOK RD @ 923,33.805147,-84.267633
2114,904008,72048,VALLEY BROOK RD@CEDAR CREEK DR,33.807645,-84.268328
2115,904009,72049,N DRUID HILLS RD @ LAWRENCEVILLE HWY,33.81057,-84.273753
2116,904010,72050,E PONCE DE LEON AVE @ N DECATUR RD,33.793748,-84.263997
2117,904065,72052,E PONCE DE LEON AVE @ EXCHANGE AVE,33.790834,-84.264881
2118,904066,72053,E PONCE DE LEON AVE @ PALOMA DR,33.786967,-84.264808
2119,904067,72056,E PONCE DE LEON AVE @ LAREDO DR,33.785342,-84.269297
2120,904068,72058,LAWRENCEVILLE HWY @ WHITE BLVD,33.811474,-84.271667
2121,904011,72060,LAWRENCEVILLE HWY @ 2295,33.814125,-84.269683
2122,904012,72062,LAWRENCEVILLE HWY@2260,33.81287,-84.271233
2123,904013,72064,LAWRENCEVILLE HWY@WHITE BLVD,33.811946,-84.272006
2124,904159,72066,DEKALB INDUSTRIAL WAY @ STRATFORD CMNS,33.791491,-84.276276
2125,904160,72068,DEKALB INDUSTRIAL WAY @ N DECATUR RD,33.791506,-84.275817
2126,904192,72070,DEKALB INDUSTRIAL WAY @ IRVIN WAY,33.788248,-84.276301
2127,904193,72072,DEKALB INDUSTRIAL WAY@IRVIN WAY,33.788379,-84.276726
2128,904249,72074,DEKALB INDUSTRIAL WAY @ 375,33.786436,-84.27663
2129,904250,72076,DEKALB INDUSTRIAL WAY @ RIMINGTON LN,33.785326,-84.276446
2130,904251,72078,N DECATUR RD @ JORDAN LN,33.793675,-84.271818
2131,904252,72080,N DECATUR RD @ E PONCE DE LEON AVE,33.793437,-84.264532
2132,904194,72082,N DECATUR RD @ GIFFORD DR,33.791949,-84.258278
2133,904195,72084,N DECATUR RD @ GLENDALE RD,33.789762,-84.252755
2134,904196,72086,N DECATUR RD @ CREEKVIEW CT,33.78882,-84.249971
2135,904197,72088,N DECATUR RD @ NORTHERN AVE,33.787235,-84.247505
2136,904253,72090,N DECATUR RD @ NORTHERN AVE,33.786499,-84.245515
2137,903465,72092,N INDIAN CREEK DR @ HILL ST,33.808488,-84.242435
2138,903466,72094,MONTREAL RD @ MONTREAL CREEK CT,33.813152,-84.242952
2139,903655,72098,MONTREAL RD @ SAMS RD,33.812418,-84.242572
2140,903536,72100,N INDIAN CREEK DR @ HILL ST,33.808649,-84.242479
2141,903584,72102,N DECATUR RD @ 3711,33.785746,-84.243188
2142,903585,72104,N DECATUR RD @ NORTHERN AVE,33.786723,-84.245775
2143,903586,72105,N DECATUR RD @ NORTHERN AVE,33.78764,-84.247358
2144,903657,72108,N DECATUR RD @ GLENDALE RD,33.789864,-84.252419
2145,903658,72110,N DECATUR RD @ PARKDALE DR,33.791259,-84.256288
2146,903659,72112,N DECATUR RD @ GIFFORD DR,33.792119,-84.258311
2147,903587,72114,N DECATUR RD @ CHURCH ST,33.793611,-84.262917
2148,903588,72116,N DECATUR RD @ KENTUCKY ST,33.793808,-84.269379
2149,903589,72118,N DECATUR RD @ JORDAN LN,33.793737,-84.271612
2150,903590,72120,N DECATUR RD @ DEKALB INDUSTRIAL WAY,33.793922,-84.276115
2151,903855,72150,N CLARENDON AVE @ CEDAR ST,33.785267,-84.26325
2152,903799,72152,CEDAR ST @ N CLARENDON AVE,33.785437,-84.263192
2153,903800,72154,CEDAR ST @ 3RD AVE,33.785363,-84.260491
2154,903801,72158,CEDAR ST @ REED ST,33.785353,-84.258392
2155,903802,72160,7TH AVE@CHAPEL ST,33.786497,-84.256282
2156,903856,72162,GLENDALE RD @ BROWNELL AVE,33.78672,-84.25519
2157,903857,72164,GLENDALE RD@BROWNELL AVE,33.786568,-84.254911
2158,903888,72166,GLENDALE RD@HATTON DR,33.78714,-84.25416
2159,903889,72170,GLENDALE RD @ N DECATUR RD,33.78944,-84.25263
2160,904070,72204,DEKALB INDUSTRIAL WAY @ N DECATUR RD,33.7939,-84.276495
2161,904071,72205,N DECATUR RD @ DEKALB INDUSTRIAL WAY,33.793802,-84.276615
2162,904073,72208,E PONCE DE LEON AVE @ VALLEY BROOK RD,33.794941,-84.262942
2163,903985,72210,E PONCE DE LEON AVE@MILTON ST,33.796185,-84.261635
2164,904223,72212,E PONCE DE LEON AVE@NEEDHAM DR,33.797855,-84.25946
2165,904164,72214,E PONCE DE LEON AVE@MCLENDON DR,33.799387,-84.257684
2166,904165,72216,E PONCE DE LEON AVE@VERDI WAY,33.801181,-84.255259
2167,904167,72220,E PONCE DE LEON AVE@MILAM CIR,33.802319,-84.253166
2168,903481,72222,E PONCE DE LEON AVE@CREEKDALE DR,33.802738,-84.251877
2169,903482,72224,E PONCE DE LEON AVE @ MELL AVE,33.803452,-84.248131
2170,903483,72226,E PONCE DE LEON AVE @ PECAN ST,33.803772,-84.246407
2171,903484,72228,E PONCE DE LEON AVE @ JOLLY AVE,33.805115,-84.243178
2172,904168,72230,E PONCE DE LEON AVE @ N INDIAN CREEK DR,33.807258,-84.241349
2173,904169,72232,E PONCE DE LEON AVE @ JOLLY AVE,33.80532,-84.24308
2174,904170,72234,E PONCE DE LEON AVE @ PECAN ST,33.80397,-84.246445
2175,904171,72236,E PONCE DE LEON AVE @ MELL AVE,33.803638,-84.248131
2176,903485,72238,E PONCE DE LEON AVE@CREEKDALE DR,33.802972,-84.251546
2177,903486,72240,E PONCE DE LEON AVE @ MILAM CIR,33.802418,-84.253472
2178,903674,72244,E PONCE DE LEON AVE@VERDI WAY,33.801395,-84.255363
2179,903722,72246,E PONCE DE LEON AVE @ GLENDALE RD,33.800219,-84.256835
2180,903723,72248,E PONCE DE LEON AVE @ MURPHEY ST,33.797517,-84.260231
2181,903605,72250,E PONCE DE LEON AVE@MILTON ST,33.796215,-84.261993
2182,903606,72252,E PONCE DE LEON AVE@VALLEY BROOK RD,33.795366,-84.262882
2183,903724,72260,N DECATUR RD @ MCHENRY AVE,33.791304,-84.256604
2184,903725,72262,N DECATUR RD @ KENTUCKY ST,33.793629,-84.269578
2185,903726,72264,N DECATUR RD @ CHURCH ST,33.793518,-84.262736
2186,903727,72268,N DECATUR RD @ FRANCES ST,33.793601,-84.267783
2187,903609,72270,N DECATUR RD @ DEKALB INDUSTRIAL WAY,33.793757,-84.275451
2188,903610,72272,N DECATUR RD @ E PONCE DE LEON AVE,33.793689,-84.26477
2189,903611,72274,N DECATUR RD @ FRANCES ST,33.793751,-84.267647
2190,903612,72276,DEKALB INDUSTRIAL WAY @ N DECATUR RD,33.794455,-84.276614
2191,903818,72278,N DRUID HILLS RD @ LAWRENCEVILLE HWY,33.810243,-84.27348
2192,903904,72284,DEKALB INDUSTRIAL WAY@IRVIN WAY,33.79017,-84.276414
2193,903905,72286,DEKALB INDUSTRIAL WAY @ 455,33.790114,-84.276171
2194,903907,73004,N DECATUR RD @ 3799,33.785608,-84.238729
2195,903820,73006,N INDIAN CREEK DR @ 449,33.788344,-84.235485
2196,903821,73007,N INDIAN CREEK DR @ MILLIGAN DR,33.790216,-84.236016
2197,903822,73008,N INDIAN CREEK DR @ 555,33.791656,-84.235731
2198,903823,73010,N INDIAN CREEK DR @ INDIAN CREEK LN,33.793939,-84.236088
2199,903908,73012,N INDIAN CREEK DR @ MEMORIAL COLLEGE AVE,33.796159,-84.236357
2200,903910,73016,N INDIAN CREEK DR @ JAMISON PL,33.802041,-84.238385
2201,903911,73020,N INDIAN CREEK DR @ DEBELLE ST,33.803796,-84.238818
2202,903824,73022,N INDIAN CREEK DR @ ROGERS ST,33.80513,-84.239273
2203,903995,73024,N INDIAN CREEK DR @ CHURCH ST,33.806384,-84.241001
2204,904000,73026,N INDIAN CREEK DR @ MARKET ST,33.810215,-84.241541
2205,904002,73030,N INDIAN CREEK DR @ MARKET ST,33.81034,-84.24165
2206,904003,73032,N INDIAN CREEK DR @ E PONCE DE LEON AVE,33.806725,-84.241904
2207,904088,73034,N INDIAN CREEK DR @ ROWLAND ST,33.806178,-84.24086
2208,904090,73038,N INDIAN CREEK DR @ DEBELLE ST,33.803948,-84.239013
2209,904091,73042,N INDIAN CREEK DR @ JAMISON PL,33.802247,-84.238569
2210,904004,73044,N INDIAN CREEK DR @ 752,33.798018,-84.237047
2211,904005,73046,N INDIAN CREEK DR @ MEMORIAL COLLEGE AVE,33.795837,-84.236466
2212,904007,73050,N INDIAN CREEK DR @ INDIAN CREEK LN,33.793877,-84.236251
2213,904092,73052,N INDIAN CREEK DR @ 555,33.791576,-84.235884
2214,904093,73053,N INDIAN CREEK DR @ MILLIGAN DR,33.790251,-84.236114
2215,904094,73056,N INDIAN CREEK DR @ DIAL DR,33.786868,-84.236041
2216,904179,73057,N INDIAN CREEK DR @ DIAL DR,33.78654,-84.236119
2217,904180,73058,N DECATUR RD @ N INDIAN CREEK DR,33.785697,-84.237946
2218,904186,73060,N DECATUR RD @ 3770,33.785858,-84.241158
2219,904187,73062,MEMORIAL DR @ VILLAGE SQUARE DR,33.800919,-84.213448
2220,904188,73064,MEMORIAL DR @ 5400,33.799866,-84.217262
2221,904189,73066,MEMORIAL DR @ RAYS RD,33.799202,-84.220444
2222,903503,73068,MEMORIAL DR @ 5158 (MEMORIAL BEND SC),33.797243,-84.224025
2223,903504,73070,MEMORIAL DR @ MEMORIAL COLLEGE AVE,33.79528,-84.226341
2224,903505,73072,MEMORIAL DR @ WOODCROFT DR,33.790436,-84.230827
2225,903506,73074,MEMORIAL DR @ GEORGIA PIEDMONT TECH COLLEGE DR,33.788646,-84.2322
2226,904190,73076,MEMORIAL DR @ ROCKBRIDGE RD,33.786204,-84.234411
2227,904191,73078,MEMORIAL DR @ ROCKBRIDGE RD,33.785122,-84.234782
2228,904224,73080,MEMORIAL DR @ GEORGIA PIEDMONT TECH COLLEGE DR,33.788056,-84.232299
2229,904225,73084,MEMORIAL DR@DOYAL MILLS CT,33.794595,-84.226177
2230,903507,73086,MEMORIAL DR @ 5211 (STONEMONT VILLAGE SC),33.797287,-84.223366
2231,903618,73090,MEMORIAL DR@5405,33.799478,-84.217729
2232,903619,73092,MEMORIAL DR @ VILLAGE SQUARE DR,33.800622,-84.211725
2233,903677,73118,ROCKBRIDGE RD@SUSAN CREEK DR,33.785816,-84.226013
2234,905563,73120,ROCKBRIDGE RD @ KENRIDGE CIR,33.786015,-84.222393
2235,905564,73122,ROCKBRIDGE RD @ ALLGOOD RD,33.78696,-84.20869
2236,905557,73124,ROCKBRIDGE RD @ HAMBRICK RD,33.7873,-84.212456
2237,905558,73126,ROCKBRIDGE RD@RAYS RD,33.786915,-84.217674
2238,905559,73128,ROCKBRIDGE RD @ KENRIDGE CIR,33.786205,-84.222298
2239,905565,73132,ROCKBRIDGE RD @ N INDIAN CREEK DR,33.78635,-84.23532
2240,905566,73134,N INDIAN CREEK DR @ ROCKBRIDGE RD,33.785258,-84.236826
2241,905611,73138,E PONCE DE LEON AVE @ MARKET ST,33.809033,-84.240215
2242,905676,73140,E PONCE DE LEON AVE @ MONTREAL RD,33.810598,-84.239093
2243,905677,73142,E PONCE DE LEON AVE@SMITH ST,33.812351,-84.237862
2244,905679,73146,E PONCE DE LEON AVE @ MONTREAL RD,33.810589,-84.239441
2245,905613,73152,E PONCE DE LEON AVE @ N INDIAN CREEK DR,33.806995,-84.241704
2246,905792,73154,MEMORIAL DR@WOODCROFT DR,33.789978,-84.230502
2247,905797,73156,N INDIAN CREEK DR @ 819,33.799731,-84.237571
2248,905799,73162,N INDIAN CREEK DR @ 450,33.788094,-84.235463
2249,905800,73167,ROCKBRIDGE RD@HAMBRICK RD,33.78699,-84.212234
2250,905793,73170,MEMORIAL DR @ 4988 (GPTC - NORTH ENTRANCE),33.791397,-84.229589
2251,905794,73172,ROCKBRIDGE RD @ S INDIAN CREEK DR,33.786673,-84.231539
2252,905795,73174,N DECATUR RD @ 3770,33.785556,-84.240708
2253,905796,73176,N INDIAN CREEK DR @ 751,33.797735,-84.236785
2254,905801,73178,N INDIAN CREEK DR @ 816,33.800456,-84.238006
2255,905848,73182,ROCKBRIDGE RD@ALLGOOD CIR,33.787024,-84.210124
2256,905920,73186,ROCKBRIDGE RD @ N INDIAN CREEK DR,33.784614,-84.237479
2257,905921,73188,N DECATUR RD @ 3711,33.785854,-84.244123
2258,906034,73192,ROCKBRIDGE RD@ROCKBRIDGE TRL,33.786873,-84.230408
2259,906041,74003,ROCKBRIDGE RD@WINLEY DR,33.79017,-84.18091
2260,906042,74004,N HAIRSTON RD @ CENTRAL DR,33.810994,-84.193824
2261,906043,74006,N HAIRSTON RD @ MARINERS CT,33.809034,-84.193784
2262,906044,74008,N HAIRSTON RD @ FELLSRIDGE CT,33.807412,-84.193772
2263,906037,74010,N HAIRSTON RD @ FELLSRIDGE DR,33.805264,-84.193779
2264,906039,74014,MEMORIAL DR @ LAUREN PKY,33.800491,-84.196982
2265,906040,74016,MEMORIAL DR @ HEARTHSTONE DR,33.80068,-84.201355
2266,906088,74018,MEMORIAL DR @ HAMBRICK RD,33.801198,-84.206687
2267,906089,74022,ROCKBRIDGE RD @ S HAIRSTON RD,33.787063,-84.196192
2268,906090,74024,ROCKBRIDGE RD@MARTIN RD,33.790169,-84.175529
2269,905219,74026,ROCKBRIDGE RD@ROCKBOROUGH TER,33.790646,-84.173622
2270,903632,74028,ROCKBRIDGE RD @ ROCKBOROUGH DR,33.790486,-84.17688
2271,903633,74030,ROCKBRIDGE RD@SAN MARCOS WAY,33.790257,-84.179359
2272,903634,74032,ROCKBRIDGE RD@SHELTON WOODS CT,33.789903,-84.183233
2273,903705,74034,ROCKBRIDGE RD@FOND DU LAC DR,33.788495,-84.188021
2274,903706,74036,ROCKBRIDGE RD@HICKORY HILLS DR,33.78777,-84.19209
2275,903738,74040,ROCKBRIDGE RD@HALWICK WAY,33.78688,-84.19889
2276,903635,74042,ROCKBRIDGE RD@THOMAS JEFFERSON DR,33.786424,-84.20088
2277,903636,74044,ROCKBRIDGE RD@POPLAR RD,33.78637,-84.20341
2278,903637,74046,ROCKBRIDGE RD@CLUB HOUSE DR,33.7864,-84.20621
2279,903638,74048,E PONCE DE LEON AVE @ TUGGLE DR,33.812671,-84.174249
2280,903740,74054,MEMORIAL DR @ MOUNTAIN VIEW DR,33.805402,-84.187926
2281,903741,74056,W MOUNTAIN ST @ MEADOW ROCK DR,33.806883,-84.183931
2282,903742,74058,W MOUNTAIN ST @ PINE ROC WAY,33.806778,-84.181648
2283,903917,74059,W MOUNTAIN ST @ SEXTON DR,33.806448,-84.178451
2284,903831,74064,W MOUNTAIN ST @ 5100,33.806924,-84.180548
2285,903832,74066,W MOUNTAIN ST @ MEADOW ROCK DR,33.807035,-84.183257
2286,903833,74068,MEMORIAL DR @ MOUNTAIN VIEW DR,33.806207,-84.187109
2287,903918,74088,MEMORIAL DR@SUMMIT CREEK DR,33.800484,-84.201997
2288,903919,74092,N HAIRSTON RD @ ANDERSON RD,33.803869,-84.193553
2289,903920,74096,N HAIRSTON RD@FELLSRIDGE CT,33.807485,-84.193558
2290,903921,74100,N HAIRSTON RD @ CENTRAL DR,33.812131,-84.193539
2291,903835,74104,N HAIRSTON RD@CHATFIELD DR,33.814911,-84.193487
2292,903836,74112,N HAIRSTON RD @ STONEGATE IND BLVD,33.82236,-84.1946
2293,903837,74117,ROCKBRIDGE RD@EDDINGTON WAY,33.789747,-84.181506
2294,903838,74119,ROCKBRIDGE RD@SAN MARCOS WAY,33.789955,-84.179867
2295,903922,74121,ROCKBRIDGE RD@FOND DU LAC DR,33.788245,-84.18811
2296,903923,74123,ROCKBRIDGE RD@MAPLECLIFF DR,33.787417,-84.192362
2297,904014,74125,ROCKBRIDGE RD@ROWLAND RD,33.78623,-84.20303
2298,904100,74127,ROCKBRIDGE RD@CLUB HOUSE DR,33.786334,-84.206513
2299,904101,74129,ROCKBRIDGE RD@RAYS RD,33.786599,-84.218066
2300,904102,74131,W MOUNTAIN ST @ SEXTON DR,33.806518,-84.178068
2301,904103,74132,ROCKBRIDGE RD @ ROCKBOROUGH DR,33.790335,-84.177577
2302,907457,74134,W MOUNTAIN ST @ 5105,33.806713,-84.18035
2303,904015,74136,W MOUNTAIN ST @ RIDGE AVE,33.80778,-84.172491
2304,904017,74262,E PONCE DE LEON AVE @ TUGGLE DR,33.812789,-84.173893
2305,904104,74264,ROCKBRIDGE RD@SHEPPARD RD,33.78911,-84.185736
2306,904105,74270,W MOUNTAIN ST @ RIDGE AVE,33.808091,-84.172152
2307,904107,75002,ROCKBRIDGE RD@RIDGE AVE,33.790175,-84.171443
2308,904018,75006,ROCKBRIDGE RD@ORCHARD DR,33.78696,-84.16603
2309,903471,75024,ROCKBRIDGE RD@ROCK MEADOW DR,33.788586,-84.168063
2310,904202,75026,ROCKBRIDGE RD @ RIDGE AVE,33.790421,-84.17186
2311,904204,75030,MAIN ST @ W MOUNTAIN ST,33.808218,-84.170668
2312,903475,75068,E PONCE DE LEON AVE @ JAMES B RIVERS MEMORIAL DR,33.811907,-84.171911
2313,903710,75071,ROCKBRIDGE RD @ ORCHARD DR,33.787622,-84.166279
2314,903591,75073,ROCKBRIDGE RD @ OROARKE DR,33.788972,-84.1689
2315,903592,75075,ROCKBRIDGE RD@BARBASHELA DR,33.788675,-84.186639
2316,903593,75077,ROCKBRIDGE RD@SHELTON WOODS CT,33.78942,-84.183557
2317,903595,77002,DELMAR LN NW@STRATFORD DR,33.755475,-84.487582
2318,903596,77003,KINGSTON RD @ HARWELL RD,33.779573,-84.494621
2319,903597,77004,DELMAR LN NW@DELMOOR DR NW,33.755699,-84.489656
2320,903598,77006,DELMAR LN NW@ALLEN TEMPLE CT NW,33.755711,-84.491028
2321,903715,77008,DELMAR LN NW@HARWELL RD NW,33.756061,-84.493038
2322,903716,77010,DELMAR LN NW@HARWELL RD NW,33.756271,-84.496017
2323,211509,77012,DELMAR LN @ 3362,33.756409,-84.49794
2324,903808,77024,DELMAR LN NW@STRATFORD DR NW,33.75571,-84.488199
2325,903809,77025,DELMAR LN NW@DELMOOR DR NW,33.755937,-84.4895
2326,903810,77026,MARTIN L KING JR DR SW @ HOWELL DR SW,33.758078,-84.503055
2327,903894,77027,DELMAR LN NW@ALLEN TEMPLE CT NW,33.756084,-84.490514
2328,903895,77029,DELMAR LN NW@ARLINGTON DR NW,33.75628,-84.492809
2329,903896,77031,DELMAR LN NW@HARWELL RD NW,33.756555,-84.495661
2330,903811,77033,DELMAR LN NW@3345,33.756735,-84.497343
2331,903842,77035,DELMAR LN NW@BROWNLEE RD NW,33.756854,-84.49926
2332,903991,77058,DONALD L HOLLOWELL PKY @ WATTS RD NW,33.784335,-84.488214
2333,904023,77060,DONALD L HOLLOWELL PKY @ AZLEE PL NW,33.78277,-84.486809
2334,904078,77062,DONALD L HOLLOWELL PKY @ AZLEE PL NW,33.782761,-84.486896
2335,904210,77094,BAKERS FERRY RD@CORNELL BLVD,33.759581,-84.514485
2336,904211,77096,BAKERS FERRY RD SW@3796,33.760204,-84.513428
2337,903728,77098,BAKERS FERRY RD SW@OAKSIDE DR SW,33.760436,-84.511878
2338,903729,77100,BAKERS FERRY RD SW@CHARTER OAK DR S,33.760258,-84.511147
2339,903730,77102,BAKERS FERRY RD SW@WISTERIA LN SW,33.760216,-84.509735
2340,903731,77104,BAKERS FERRY RD SW @ KENNER DR,33.760281,-84.508279
2341,903733,77116,COLLIER DR NW@HARWELL RD NW,33.767944,-84.494013
2342,903734,77118,COLLIER DR NW@COLLIER CT,33.767978,-84.496999
2343,903735,77120,COLLIER DR NW@3368,33.768361,-84.498033
2344,903661,77122,FAIRBURN RD NW@FAIRLANE DR NW,33.767042,-84.500124
2345,903662,77124,MARTIN L KING JR DR SW @ BOLTON RD NW,33.766148,-84.51125
2346,903914,77140,CROFT PL NW@BOLTON RD NW,33.774973,-84.505736
2347,903861,77148,MERCURY DR NW@SATURN DR NW,33.77691,-84.508927
2348,903862,77150,MERCURY DR NW@BOLFAIR DR NW,33.779533,-84.508683
2349,903916,77152,FAIRBURN RD NW@1076,33.779392,-84.507405
2350,903948,77156,FAIRBURN RD NW@992,33.779413,-84.505096
2351,904039,77160,FAIRBURN RD NW @ SANDY CREEK DR NW,33.779686,-84.502604
2352,904042,77166,BOLTON RD NW@901,33.779617,-84.49898
2353,904096,77168,BOLTON RD NW@1020,33.78342,-84.497502
2354,904098,77172,BOLTON RD NW@1020,33.783386,-84.497841
2355,904043,77178,BOLTON RD NW@BOLTON PKY,33.780623,-84.498332
2356,904044,77180,BOLTON RD NW @ 902,33.779351,-84.49933
2357,904045,77182,BOLTON RD NW@FAIRBURN RD NW,33.778956,-84.499753
2358,904046,77184,FAIRBURN RD NW @ NEPTUNE PL NW,33.778973,-84.50655
2359,904132,77186,MERCURY DR NW@BOLFAIR DR NW,33.779224,-84.508995
2360,904134,77190,MERCURY DR NW@SATURN DR NW,33.776894,-84.509217
2361,903508,77192,CROFT PL NW@CLOVIS CT NW,33.775139,-84.508074
2362,903509,77194,CROFT PL NW @ BOLTON RD NW,33.774785,-84.505616
2363,903510,77196,BOLTON RD NW@CLOVIS CT NW,33.774265,-84.506234
2364,904226,77198,BOLTON RD NW@FAIRBURN CIR NW,33.773306,-84.507124
2365,904227,77200,BOLTON RD NW@ADKINS RD NW,33.772374,-84.507676
2366,905443,77228,BOLTON RD NW @ MARTIN L KING JR DR,33.76588,-84.510619
2367,905444,77230,BOLTON RD NW @ FAIRLANE DR NW,33.766392,-84.509228
2368,905491,77231,FAIRLANE DR NW@FAIRLOCK LN NW,33.766525,-84.50779
2369,903679,77232,FAIRLANE DR NW@CAMROSE WAY NW,33.766554,-84.506443
2370,903680,77234,FAIRLANE DR NW@3572,33.766642,-84.504542
2371,903681,77236,FAIRLANE DR NW@3524,33.76685,-84.502847
2372,903682,77238,FAIRLANE DR NW@FAIRLANE CIR NW,33.766897,-84.501205
2373,905492,77240,FAIRLANE DR NW@FAIRBURN RD NW,33.766899,-84.500107
2374,905493,77244,FAIRBURN RD NW@COLLIER DR NW,33.768904,-84.500057
2375,905495,77248,COLLIER DR NW@COLLIER CT NW,33.767933,-84.497032
2376,903683,77250,COLLIER DR NW @ HARWELL RD NW,33.767893,-84.493781
2377,903684,77254,COLLIER DR NW@3075,33.764929,-84.488316
2378,905729,77278,HARWELL RD NW @ SKIPPER DR NW,33.782709,-84.492355
2379,905620,77282,HARWELL RD NW @ DOGWOOD DR NW,33.780673,-84.494863
2380,905923,77284,KINGSTON RD NW @ SKIPPER DR NW,33.77981,-84.491088
2381,905973,77298,MARTIN L KING JR DR SW @ BROWNLEE RD SW,33.755978,-84.500419
2382,905855,77304,MARTIN L KING JR DR SW @ FAIRBURN RD NW,33.76032,-84.506115
2383,905856,77306,MARTIN L KING JR DR SW @ ADAMSVILLE DR SW,33.762008,-84.508022
2384,905975,77310,MARTIN L KING JR DR SW @ ADAMSVILLE PLACE PKY,33.76402,-84.509592
2385,905976,77318,MARTIN L KING JR DR SW @ OLD GORDON RD,33.768266,-84.513321
2386,905220,77320,MARTIN LUTHER KING JR DR @ WENDELL DR,33.769672,-84.515999
2387,905269,77321,FULTON INDUSTRIAL BLVD @ MARTIN L KING JR DR,33.769192,-84.521511
2388,906091,77323,FULTON INDUSTRIAL BLVD @ WENDELL DR,33.76815,-84.524143
2389,906092,77324,WENDELL DR @ INTERCHANGE DR,33.769202,-84.525914
2390,906093,77326,WENDELL DR @ 4295,33.769735,-84.528014
2391,906094,77328,FULTON INDUSTRIAL BLVD@SHIRLEY DR,33.765238,-84.530547
2392,905272,77332,FULTON INDUSTRIAL BLVD@FREDERICK DR,33.764007,-84.533132
2393,903516,77344,FULTON INDUSTRIAL BLVD@PATTON DR,33.761394,-84.537474
2394,903512,77346,FULTON INDUSTRIAL BLVD @ MARVIN MILLER DR,33.759769,-84.540057
2395,903513,77347,FULTON INDUSTRIAL BLVD @ ROBINSON DR,33.757597,-84.543062
2396,903514,77350,FULTON INDUSTRIAL BLVD @ WHARTON DR,33.755032,-84.546012
2397,903520,77360,FULTON INDUSTRIAL BLVD @ MENDEL DR,33.754799,-84.545896
2398,903639,77362,FULTON INDUSTRIAL BLVD @ ROBINSON DR,33.757715,-84.542486
2399,903640,77364,FULTON INDUSTRIAL BLVD @ MARVIN MILLER DR,33.759833,-84.539448
2400,903641,77366,FULTON INDUSTRIAL BLVD @ PATTON DR,33.76135,-84.536973
2401,903569,77368,FULTON INDUSTRIAL BLVD @ COMMERCE DR (S),33.762077,-84.535779
2402,903570,77369,FULTON INDUSTRIAL BLVD @ COMMERCE DR (N),33.76425,-84.532067
2403,903749,77380,FULTON INDUSTRIAL BLVD @ SHIRLEY DR,33.765077,-84.530123
2404,903750,77382,FULTON INDUSTRIAL BLVD @ WENDELL DR,33.767638,-84.52429
2405,903743,77384,MARTIN L KING JR DR @ FULTON INDUSTRIAL BLVD,33.769732,-84.519072
2406,903744,77386,MARTIN L KING JR DR SW @ WENDELL DR SW,33.769497,-84.515716
2407,903745,77388,MARTIN L KING JR DR SW @ OLD GORDON RD SW,33.768087,-84.513277
2408,903746,77392,MARTIN L KING JR DR SW @ BOLTON RD NW,33.765933,-84.511217
2409,903751,77394,MARTIN L KING JR DR SW @ 3724,33.764011,-84.509755
2410,903783,77398,MARTIN L KING JR DR SW @ ADAMSVILLE DR SW,33.76166,-84.507803
2411,903784,77400,MARTIN L KING JR DR SW @ FAIRBURN RD SW,33.75998,-84.505951
2412,903839,77402,MARTIN L KING JR DR SW @ HOWELL DR SW,33.758042,-84.503261
2413,903840,77404,MARTIN L KING JR DR SW @ BROWNLEE RD SW,33.755451,-84.499831
2414,903967,77450,BAKERS FERRY RD@CORNELL BLVD,33.759474,-84.514604
2415,904151,77454,FAIRBURN RD @ BONNEVILLE TER,33.779858,-84.50379
2416,904020,77456,FAIRBURN RD@MARK PL,33.77397,-84.500188
2417,904021,77458,FAIRBURN RD @ MARK PL,33.773523,-84.500089
2418,904109,77460,COLLIER DR@3114,33.766493,-84.490255
2419,904110,77462,COLLIER DR@FAIRBURN RD,33.768976,-84.500003
2420,904111,77464,FAIRLANE DR@FAIRLANE CIR,33.766969,-84.501194
2421,904112,77466,FAIRLANE DR@3523,33.766922,-84.502781
2422,904147,77468,FAIRLANE DR@FEDORA WAY,33.766611,-84.506902
2423,904148,77470,FAIRLANE DR@FAIRLOCK LN,33.766592,-84.507815
2424,904149,77472,FAIRLANE DR@BOLTON RD,33.766536,-84.509174
2425,904150,77474,BOLTON RD@MARTIN LUTHER KING J DR,33.765942,-84.511064
2426,904206,77484,BOLTON RD NW @ FAIRBURN CIR,33.773524,-84.506857
2427,904207,77486,BOLTON RD@CLOVIS CT,33.774229,-84.506074
2428,904239,77488,BOLTON RD@BOLTON PKY,33.780871,-84.498014
2429,903476,77492,FAIRBURN RD @ BOLTON PL,33.779554,-84.500864
2430,903477,77494,FAIRBURN RD@1001,33.779386,-84.5053
2431,903479,77498,MERCURY DR@CLOVIS CT,33.775439,-84.509194
2432,903718,77518,BAKERS FERRY RD@WISTERIA LN,33.760287,-84.509735
2433,903599,77520,BAKERS FERRY RD@OAKSIDE DR,33.760499,-84.511791
2434,903645,77522,BAKERS FERRY RD@3783,33.760326,-84.513486
2435,903720,77530,CORNELL BLVD@CANDLELIGHT LN,33.758928,-84.519528
2436,903721,77532,CANDLELIGHT LN@KENORA DR,33.757916,-84.519841
2437,903752,77534,CANDLELIGHT LN @ SARNIA LN,33.756761,-84.520044
2438,903757,77536,CANDLELIGHT LN@BAKERS FERRY RD,33.754593,-84.521431
2439,903758,77538,WILSON MILL RD@606,33.746138,-84.517683
2440,903760,77542,WENDELL DR @ 4050,33.766465,-84.519764
2441,903753,77544,WENDELL DR@4050,33.766602,-84.518242
2442,903754,77546,WENDELL DR @ FULTON INDUSTRIAL BLVD,33.767737,-84.524051
2443,903847,77562,FAIRBURN RD@762,33.776174,-84.500185
2444,903901,77564,FAIRBURN RD@795,33.775933,-84.500013
2445,903939,78002,BURTON RD NW@HAMILTON E HOLMES DR N,33.755745,-84.468717
2446,903941,78004,BURTON RD NW@WESTLAND BLVD NW,33.755704,-84.472718
2447,904024,78006,BURTON RD NW@HOLLIS TER NW,33.755826,-84.475186
2448,904026,78008,BURTON RD NW@HEDGEWOOD DR NW,33.755834,-84.476132
2449,904082,78010,BURTON RD NW@2736,33.755841,-84.477567
2450,904083,78012,BURTON RD NW@2811,33.755802,-84.480078
2451,904116,78014,BURTON RD NW @ LINKWOOD RD NW,33.755835,-84.481709
2452,904117,78016,BURTON RD NW@HOLLIS TER NW,33.755947,-84.474976
2453,904029,78018,BURTON RD NW@HEDGEWOOD DR NW,33.755981,-84.475807
2454,904030,78019,HIGHTOWER RD NW @ WHITING ST NW,33.778969,-84.475037
2455,904031,78020,BURTON RD NW@2746,33.755981,-84.477913
2456,904118,78022,BURTON RD NW@2811,33.755939,-84.479889
2457,904119,78023,BURTON RD NW@LINKWOOD RD NW,33.756079,-84.481878
2458,904121,78026,JOSEPH E BOONE BLVD @ ANDERSON AVE NW,33.764698,-84.451424
2459,903494,78030,JOSEPH E BOONE BLVD @ SPELLMAN ST NW,33.763675,-84.45364
2460,904219,78062,HAMILTON E HOLMES DR @ HARVEL DR NW,33.759262,-84.46917
2461,903664,78064,HAMILTON E HOLMES DR NW @ JOSEPH E BOONE BLVD NW,33.763184,-84.469719
2462,903736,78066,HAMILTON E HOLMES DR@SANTA BARBARA,33.764736,-84.469795
2463,903767,78068,HAMILTON E HOLMES DR NW@RYNE ST,33.766405,-84.469867
2464,903768,78074,HAMILTON E HOLMES DR NW @ BAKER RD NW,33.769106,-84.471873
2465,903769,78076,HAMILTON E HOLMES DR NW @ OLDKNOW DR,33.771653,-84.473444
2466,903665,78078,HAMILTON E HOLMES DR NW @ WASHINGTON ST,33.773282,-84.473467
2467,903667,78082,DONALD L HOLLOWELL PKY @ CHARLOTTE PL NW,33.776809,-84.450878
2468,903668,78084,DONALD L HOLLOWELL PKY @ EMILY PL NW,33.776754,-84.452194
2469,903770,78086,DONALD L HOLLOWELL PKY @ EUGENIA PL NW,33.776717,-84.452814
2470,903772,78090,DONALD L HOLLOWELL PKY @ WOOD ST NW,33.776578,-84.457163
2471,903773,78092,DONALD L HOLLOWELL PKY @ COMMODORE DR NW,33.776737,-84.45898
2472,903669,78094,DONALD L HOLLOWELL PKY @ GARY RD NW,33.777195,-84.461372
2473,903956,78098,DONALD L HOLLOWELL PKY @ OAK ST NW,33.777269,-84.463178
2474,903863,78102,DONALD L HOLLOWELL PKY @ HALL ST NW,33.776326,-84.465884
2475,903864,78104,DONALD L HOLLOWELL PKY @ PEYTON AVE NW,33.775902,-84.467339
2476,903865,78106,DONALD L HOLLOWELL PKY @ WOODS DR NW,33.775517,-84.469167
2477,903866,78108,DONALD L HOLLOWELL PKY @ BELLVIEW AVE NW,33.775413,-84.471575
2478,903950,78110,DONALD L HOLLOWELL PKY @ HAMILTON E HOLMES DR,33.776651,-84.474323
2479,903951,78112,DONALD L HOLLOWELL PKWY @ OZBURN RD NW,33.777646,-84.476772
2480,903952,78114,DONALD L HOLLOWELL PKY @ PEEK RD NW,33.778152,-84.477638
2481,903953,78116,DONALD L HOLLOWELL PKY @ YATES DR NW,33.779522,-84.47956
2482,903867,78118,HAMILTON E HOLMES DR NW @ DONALD L HOLLOWELL PKY,33.775699,-84.473582
2483,903868,78120,JAMES JACKSON PKY @ HIGHTOWER RD,33.777623,-84.47414
2484,903869,78122,HIGHTOWER RD NW @ NORTHWEST DR NW,33.784435,-84.47349
2485,903870,78124,JOSEPH E BOONE BLVD @ DIXIE HILLS CIR NW,33.763698,-84.449358
2486,903954,78126,JOSEPH E BOONE BLVD @ ANDERSON AVE NW,33.764662,-84.45113
2487,903497,78182,TIGER FLOWERS DR NW @ CARVER CIR NW,33.760288,-84.457039
2488,903685,78184,TIGER FLOWERS DR NW @ WADLEY ST NW,33.760841,-84.458822
2489,905499,78194,VERBENA ST NW @ PENELOPE ST NW,33.755087,-84.457344
2490,903687,78196,VERBENA ST NW @ 2208,33.755817,-84.46077
2491,903688,78198,VERBENA ST NW @ 2240,33.756559,-84.461272
2492,903689,78200,HYACINTH AVE NW @ PANSY ST NW,33.758197,-84.46122
2493,903690,78202,CARVER DR NW @ HYACINTH AVE NW,33.759898,-84.461223
2494,905500,78204,CARVER DR NW @ DAHLIA AVE NW,33.759897,-84.462202
2495,905501,78206,TIGER FLOWERS DR NW @ JOE LOUIS DR NW,33.760975,-84.460495
2496,905502,78208,TIGER FLOWERS DR NW @ 2269,33.761002,-84.462685
2497,905503,78210,TIGER FLOWERS DR NW @ 2219,33.760784,-84.46373
2498,905430,78212,CARVER DR NW @ FAIRFIELD PL NW,33.759905,-84.463158
2499,905624,78232,JOSEPH E BOONE BLVD @ SPELLMAN ST NW,33.763541,-84.45364
2500,905625,78234,DONALD L HOLLOWELL PKY @ WOODMERE DR NW,33.781677,-84.484499
2501,905667,78236,DONALD L HOLLOWELL PKY @ WOODMERE DR,33.781851,-84.484904
2502,905738,78242,DONALD L HOLLOWELL PKY @ KINGS GRANT DR NW,33.779232,-84.479836
2503,905739,78244,DONALD L HOLLOWELL PWKY @ PEEK RD NW,33.777672,-84.477124
2504,905740,78245,DONALD L HOLLOWELL PKY @ HAMILTON E HOLMES DR,33.776724,-84.474768
2505,905977,78246,DONALD L HOLLOWELL PKY @ REGINA DR NW,33.775761,-84.473244
2506,905978,78250,DONALD L HOLLOWELL PKY @ COMMERCIAL AVE NW,33.775169,-84.47168
2507,905859,78254,DONALD L HOLLOWELL PKY @ PEYTON AVE NW,33.775669,-84.467369
2508,905860,78258,DONALD L HOLLOWELL PKY @ CENTER HILL AVE NW,33.776585,-84.464508
2509,905861,78260,DONALD L HOLLOWELL PKY @ OAK ST NW,33.776997,-84.463348
2510,905980,78264,DONALD L HOLLOWELL PKY @ GARY RD NW,33.776968,-84.460818
2511,905981,78266,DONALD L HOLLOWELL PKY @ COMMODORE DR NW,33.776675,-84.459034
2512,905982,78268,DONALD L HOLLOWELL PKY @ WOOD ST NW,33.776507,-84.456978
2513,905909,78272,DONALD L HOLLOWELL PKY @ EUGENIA PL NW,33.776436,-84.454239
2514,905910,78274,DONALD L HOLLOWELL PKY @ EMILY PL NW,33.776682,-84.452226
2515,905983,78278,HIGHTOWER RD NW @ JAMES DR NW,33.782764,-84.47374
2516,903643,78284,JAMES JACKSON PKWY @ HIGHTOWER RD,33.777497,-84.474233
2517,903644,78286,HAMILTON E HOLMES DR NW @  DONALD L HOLLOWELL PKWY,33.775609,-84.473767
2518,903691,78288,HOLLYWOOD RD NW @ BROOKS AVE NW,33.785229,-84.461322
2519,903573,78292,HOLLYWOOD RD NW@GRAND AVE NW,33.783039,-84.458979
2520,903574,78294,HOLLYWOOD RD NW@HOLLYWOOD DR NW,33.782565,-84.45825
2521,903575,78296,HOLLYWOOD RD NW@MILDRED PL NW,33.781913,-84.456629
2522,903576,78298,HOLLYWOOD RD NW@CATO ST NW,33.780957,-84.455811
2523,903693,78300,HOLLYWOOD RD NW @ SUMLIN AVE NW,33.780045,-84.455481
2524,903696,78306,HOLLYWOOD RD NW@EUGENIA PL NW,33.778149,-84.453121
2525,903577,78308,HOLLYWOOD RD NW@843,33.777676,-84.451782
2526,903873,78312,LINKWOOD RD NW@HEDGEWOOD DR NW,33.75737,-84.482925
2527,903786,78314,LINKWOOD RD NW@TRIBBLE LN NW,33.759235,-84.482716
2528,903787,78316,LINKWOOD RD NW @ 183,33.760686,-84.48248
2529,903788,78317,LINKWOOD RD NW@LINKWOOD PL NW,33.761831,-84.482754
2530,903874,78320,COLLIER DR NW@LARCHMONT DR NW,33.763027,-84.485355
2531,903875,78323,LINKWOOD RD NW@HEDGEWOOD DR NW,33.757401,-84.482581
2532,903876,78324,COLLIER DR NW@HAMILTON E HOLMES DR,33.763682,-84.470721
2533,904155,78378,COLLIER DR NW@HAMILTON E HOLMES DR,33.763521,-84.470417
2534,904156,78380,HOLLYWOOD RD NW@829,33.777748,-84.451793
2535,904157,78382,HOLLYWOOD RD NW@EUGENIA PL NW,33.778149,-84.452979
2536,904158,78384,HOLLYWOOD RD NW@LOUISE PL NW,33.778632,-84.453861
2537,904246,78388,HOLLYWOOD RD NW@JOHNSON RD NW,33.77969,-84.455231
2538,904247,78390,HOLLYWOOD DR NW@CATO ST NW,33.781163,-84.455746
2539,903942,78392,HOLLYWOOD RD NW@GUN CLUB RD NW,33.781887,-84.456357
2540,903936,78396,BAKER RD NW@CENTER HILL AVE NW,33.769508,-84.463762
2541,903938,78400,BAKER RD NW@GARY RD NW,33.770138,-84.461469
2542,903945,78406,BAKER RD NW @ BAKER CIR,33.770154,-84.457443
2543,903651,78436,COLLIER DR NW @ CHALMERS DR,33.76378,-84.477452
2544,903532,78438,COLLIER DR NW@COLLIER RIDGE DR NW,33.763808,-84.476658
2545,904162,78472,HAMILTON E HOLMES DR NW @ BAKER RIDGE DR NW,33.770177,-84.472887
2546,904163,78474,BAKER RD NW @ HAMILTON E HOLMES DR NW,33.769391,-84.4717
2547,904220,78476,BAKER RD NW@HOOD AVE NW,33.769465,-84.470232
2548,904221,78478,BAKER RD NW@HOOD AVE NW,33.769566,-84.470024
2549,903756,78484,BAKER RD NW@CHURCH ST NW,33.769585,-84.466883
2550,903761,78486,BAKER RD NW@LINCOLN DR NW,33.769496,-84.466687
2551,903764,78492,BAKER RD NW@CENTER HILL AVE,33.769768,-84.463502
2552,903848,78494,BAKER RD NW@GARY RD NW,33.77021,-84.461187
2553,903850,78497,HAMILTON E HOLMES DR NW @ HIGHTOWER CT,33.761741,-84.469524
2554,903851,78498,BAKER RD NW@TWILLEY RD NW,33.77034,-84.458656
2555,903765,78500,HAMILTON E HOLMES DR NW@RYNE ST NW,33.767769,-84.470775
2556,903766,78502,LINKWOOD RD@TRIBBLE LN,33.759069,-84.483036
2557,903797,78510,HIGHTOWER RD NW @ WHITING ST NW,33.778947,-84.474752
2558,903798,78512,HIGHTOWER RD @ 954,33.781283,-84.474419
2559,903542,78516,HIGHTOWER RD NW @ JAMES DR NW,33.782673,-84.473399
2560,903545,78522,COLLIER DR@LARCHMONT DR,33.763412,-84.485483
2561,903551,78524,COLLIER DR@3075,33.765163,-84.488237
2562,903552,78526,COLLIER DR@LINKWOOD RD,33.762871,-84.484435
2563,903553,78528,LINKWOOD RD@LINKWOOD PL,33.761858,-84.483066
2564,903600,78530,DONALD L HOLLOWELL PKY @ CENTER HILL AVE,33.776784,-84.464667
2565,903546,78532,DONALD L HOLLOWELL PKY @ HALL ST,33.776135,-84.466081
2566,903548,79001,LENA ST @ MAYSON TURNER RD,33.75658,-84.41673
2567,903549,79002,CARTER ST @ LEACH ST,33.7564,-84.414
2568,903601,79004,DONALD L HOLLOWELL PKWY @ STIFF ST,33.771792,-84.427103
2569,903602,79008,MARIETTA BLVD NW @ JEFFERSON ST NW,33.775518,-84.426017
2570,903603,79009,JAMES P BRAWLEY DR @ CARTER ST,33.756257,-84.412784
2571,903604,79010,MARIETTA BLVD NW @ RICE ST NW,33.7778,-84.4265
2572,904708,79012,MARIETTA BLVD NW @ 860,33.779687,-84.428299
2573,904709,79013,DONALD L HOLLOWELL PKWY @ ADDIE ST,33.773259,-84.419599
2574,904711,79020,MARIETTA BLVD NW @ JEFFERSON ST NW,33.775625,-84.426094
2575,904712,79022,MARIETTA BLVD NW @ RICE ST,33.777424,-84.426491
2576,904713,79024,MARIETTA BLVD NW @ 860,33.779552,-84.428366
2577,904641,79026,MARIETTA BLVD NW @ 930,33.782658,-84.429801
2578,904642,79028,ASHBY STATION - NORTHBOUND,33.756066,-84.417371
2579,904644,79040,JOSEPH E LOWERY BLVD @ WHEELER ST,33.774334,-84.417408
2580,904837,79050,JOSEPH E LOWERY BLVD NW @ NEAL ST NW,33.766449,-84.417481
2581,904957,79058,JOSEPH E LOWERY BLVD NW @ THURMOND ST NW,33.760434,-84.417529
2582,904958,79064,JOSEPH E BOONE BLVD @ FLOWERS PL,33.763572,-84.421501
2583,904960,79068,JOSEPH E BOONE BLVD @ ARCHER WAY NW,33.76357,-84.42432
2584,904888,79072,JOSEPH E BOONE BLVD @ TROY ST NW,33.76366,-84.427091
2585,904889,79073,JOSEPH E BOONE BLVD @ MAYSON TURNER RD NW,33.763601,-84.429775
2586,904961,79076,JOSEPH E BOONE BLVD @ CHAPPELL RD NW,33.763718,-84.432652
2587,904962,79080,JOSEPH E BOONE BLVD NW @ WOODLAWN AVE NW,33.763605,-84.435135
2588,904963,79082,HOLLY RD NW @ JOSEPH E BOONE BLVD,33.763316,-84.437777
2589,904964,79084,HOLLY RD NW@236,33.761169,-84.438019
2590,904891,79086,HOLLY RD NW@ANDREWS ST NW,33.760178,-84.438011
2591,905082,79088,HOLLY RD NW@WILLIS ST NW,33.758984,-84.437996
2592,905084,79092,HOLLY RD NW @ EZRA CHURCH DR NW,33.756709,-84.437891
2593,905132,79094,JOSEPH E BOONE BLVD @ SIMPSON TER NW,33.763755,-84.447159
2594,904279,79098,JOSEPH E BOONE BLVD @ DIXIE HILLS CIR NW,33.763734,-84.449205
2595,905133,79106,W LAKE AVE NW @ PORTER DR NW,33.755961,-84.444159
2596,905134,79108,W LAKE AVE NW @ CALLOWAY DR NW,33.758019,-84.444194
2597,904283,79126,DONALD L HOLLOWELL PKY @ MATILDA PL NW,33.773595,-84.443316
2598,904325,79128,DONALD L HOLLOWELL PKY @ GERTRUDE PL NW,33.774103,-84.444719
2599,904326,79130,DONALD L HOLLOWELL PKY @ EVELYN PL NW,33.774255,-84.4456
2600,904393,79132,DONALD L HOLLOWELL PKY @ ELIZABETH PL NW,33.775049,-84.447548
2601,904394,79134,DONALD L HOLLOWELL PKY @ EDWIN PL NW,33.776131,-84.448952
2602,904546,79154,DONALD L HOLLOWELL PKWY @ SIMMONS ST,33.773151,-84.420229
2603,904436,79158,DONALD L HOLLOWELL PKWY @ PAINES AVE,33.772985,-84.414227
2604,904605,79176,MARIETTA BLVD @ DONALD L HOLLOWELL PKWY,33.77332,-84.425452
2605,904657,79184,DONALD L HOLLOWELL PKY @ CHAPPELL RD NW,33.771349,-84.433787
2606,904659,79188,DONALD L HOLLOWELL PKY @ PIERCE AVE NW,33.771852,-84.431178
2607,904660,79190,JOSEPH E BOONE BLVD @ JOSEPH E LOWERY BLVD,33.763566,-84.416662
2608,904778,79192,JOSEPH E BOONE BLVD @ JOSEPH E LOWERY BLVD,33.763527,-84.4179
2609,904779,79194,JOSEPH E BOONE BLVD @ CAIRO ST NW,33.763545,-84.419542
2610,904780,79202,ANDERSON AVE NW @ 83,33.75617,-84.449269
2611,904781,79204,ANDERSON AVE NW @ CALLOWAY DR NW,33.758201,-84.45012
2612,904662,79208,TIGER FLOWERS DR @ ANDERSON AVE NW,33.760133,-84.451004
2613,904854,79218,JOSEPH E BOONE BLVD NW @ SIMPSON TER NW,33.763584,-84.447269
2614,905026,79232,W LAKE AVE NW @ CALLOWAY DR NW,33.7581,-84.444249
2615,905027,79234,W LAKE AVE NW @ PORTER DR NW,33.755907,-84.444235
2616,905098,79246,EASON ST NW@HOLLY RD NW,33.757507,-84.437605
2617,905099,79247,HOLLY RD NW@AKRIDGE ST NW,33.758375,-84.437737
2618,905100,79248,HOLLY RD NW@ANDREWS ST NW,33.760246,-84.43774
2619,905152,79252,JOSEPH E BOONE BLVD @ WOODLAWN AVE,33.763488,-84.435287
2620,905153,79254,JOSEPH E BOONE BLVD @ CHAPPELL RD,33.763479,-84.433143
2621,905154,79256,JOSEPH E BOONE BLVD @ BURBANK DR NW,33.763484,-84.429862
2622,905155,79258,JOSEPH E BOONE BLVD NW @ TROY ST NW,33.76348,-84.42689
2623,904341,79262,JOSEPH E BOONE BLVD @ MAYSON TURNER,33.763402,-84.425488
2624,904342,79264,JOSEPH E BOONE BLVD @ ARCHER WAY NW,33.763481,-84.423479
2625,904343,79266,JOSEPH E BOONE BLVD NW @ TEMPLE ST NW,33.763437,-84.422177
2626,905157,79270,JOSEPH E BOONE BLVD @ CAIRO ST NW,33.763441,-84.419947
2627,905158,79272,JOSEPH E BOONE BLVD @ JOSEPH E LOWERY BLVD,33.763426,-84.417669
2628,905159,79274,DONALD L HOLLOWELL PKY @ EDWIN PL NW,33.776095,-84.449039
2629,902347,79276,DONALD L HOLLOWELL PKY @  ELIZABETH PL NW,33.774933,-84.447526
2630,902348,79278,DONALD L HOLLOWELL PKY @ EVELYN PL NW,33.774263,-84.446013
2631,902349,79280,DONALD L HOLLOWELL PKY @ GERTRUDE PL NW,33.774014,-84.444599
2632,902350,79282,DONALD L HOLLOWELL PKY @ MATILDA PL NW,33.773395,-84.443431
2633,902374,79284,DONALD L HOLLOWELL PKY @ W LAKE AVE NW,33.772942,-84.442282
2634,902375,79286,DONALD L HOLLOWELL PKY @ HORTENSE PL,33.77198,-84.440559
2635,902376,79288,DONALD L HOLLOWELL PKY @ ELMWOOD RD NW,33.77142,-84.438904
2636,902377,79290,DONALD L HOLLOWELL PKY @ HOLLY ST NW,33.77142,-84.437791
2637,902352,79294,DONALD L HOLLOWELL PKY @ CHAPPELL RD NW,33.771137,-84.434227
2638,902354,79298,LAKE AVE NW@MADRONA ST NW,33.770616,-84.441887
2639,902379,79304,LAKE AVE NW@NORTH AVE NW,33.768074,-84.441035
2640,902380,79306,W LAKE AVE NW @ NEKOMA ST NW,33.76683,-84.441011
2641,904613,79308,W LAKE AVE NW @ CARLISLE ST,33.76581,-84.441031
2642,904614,79310,W LAKE AVE NW @ JOSEPH E BOONE BLVD,33.764494,-84.441073
2643,904501,79316,W LAKE AVE NW @ LAKE CT NW,33.7593,-84.443696
2644,904502,79318,W LAKE AVE NW @ TIGER FLOWERS DR NW,33.759586,-84.443686
2645,904503,79322,W LAKE AVE NW @ SPRINGVIEW RD NW,33.760571,-84.443078
2646,904504,79324,W LAKE AVE NW @ EZRA CHURCH DR NW,33.761522,-84.441732
2647,904615,79326,W LAKE AVE NW @ EZRA CHURCH DR NW,33.761665,-84.441688
2648,904618,79332,W LAKE AVE NW @ JOSEPH E BOONE BLVD NW,33.763366,-84.440973
2649,904547,79334,JOSEPH E BOONE BLVD @ W LAKE AVE NW,33.763608,-84.440474
2650,904548,79336,W LAKE AVE NW @ 359,33.76461,-84.440926
2651,904549,79338,W LAKE AVE NW @ CARLISLE ST NW,33.76581,-84.440944
2652,904550,79340,W LAKE AVE NW @ NEKOMA ST NW,33.766594,-84.440903
2653,904619,79342,W LAKE AVE NW @ NORTH AVE NW,33.767765,-84.440918
2654,904862,79348,LAKE AVE NW@MADRONA ST NW,33.770607,-84.441789
2655,904864,79352,HOLLYWOOD RD NW@MARGARET PL NW,33.777221,-84.450379
2656,904865,79362,NORTH AVE NW@MARKTWO PL NW,33.768399,-84.447124
2657,904866,79364,NORTH AVE NW@BLANCHE ST NW,33.768366,-84.444482
2658,904867,79366,NORTH AVE NW@1676,33.768028,-84.442568
2659,904868,79368,NORTH AVE NW @ W LAKE AVE NW,33.768012,-84.441013
2660,904796,79372,NORTH AVE NW @ ELMWOOD RD,33.768005,-84.438936
2661,905111,79382,NORTH AVE NW @ MARKTWO PL NW,33.768471,-84.446961
2662,905112,79384,NORTH AVE NW @ EVELYN PL NW,33.768472,-84.445994
2663,904996,79386,NORTH AVE NW @ BLANCHE ST NW,33.76842,-84.444384
2664,905040,79388,NORTH AVE NW @ 1667,33.7681,-84.442307
2665,905041,79389,NORTH AVE NW @ WLAKE AVE NW,33.768083,-84.440904
2666,905115,79393,NORTH AVE NW@WOODLAWN AVE NW,33.768017,-84.436109
2667,905116,79394,NORTH AVE NW@CHAPPELL RD NW,33.767939,-84.43313
2668,904406,79431,NORTH AVE NW@ CHAPPELL RD,33.767867,-84.43314
2669,904457,79434,NORTH AVE NW@EVELYN PL NW,33.768401,-84.445874
2670,904505,79438,DONALD L HOLLOWELL PKY @ HOLLY ST NW,33.771542,-84.437528
2671,904506,79440,DONALD L HOLLOWELL PKY @ ELMWOOD RD NW,33.77171,-84.439061
2672,904696,79442,DONALD L HOLLOWELL PKY @ FLORENCE PL NW,33.772781,-84.441757
2673,904575,79444,HOLLYWOOD RD NW@BANKHEAD HWY NW,33.776774,-84.449878
2674,904624,79448,DONALD L HOLLOWELL PKY @ PIERCE AVE NW,33.771772,-84.431232
2675,904625,79450,JOSEPH E LOWERY BLVD NW @ FOX ST NW,33.771989,-84.417423
2676,904698,79454,JOSEPH E LOWERY BLVD NW @ NORTH AVE NW,33.770083,-84.417431
2677,904748,79460,JOSEPH E LOWERY BLVD NW @ JOSEPH E BOONE BLVD,33.763164,-84.41751
2678,904627,79464,JOSEPH E LOWERY BLVD NW @ THURMOND ST NW,33.760255,-84.417441
2679,904628,79466,JOSEPH E LOWERY BLVD NW @ MAYSON TURNER RD NW,33.75808,-84.417569
2680,904629,79468,JOSEPH E LOWERY BLVD NW @ MAGNOLIA ST NW,33.75842,-84.417483
2681,904750,79472,JOSEPH E LOWERY BLVD NW @ JOSEPH E BOONE BLVD,33.763459,-84.417391
2682,904946,79480,JOSEPH E LOWERY BLVD NW @ NEAL ST NW,33.766332,-84.417405
2683,904873,79484,JOSEPH E LOWERY BLVD NW @ NORTH AVE NW,33.76994,-84.417355
2684,904875,79488,JOSEPH E LOWERY BLVD NW @ FOX ST NW,33.772124,-84.417336
2685,904948,79496,ASHBY STATION - SOUTHBOUND,33.756281,-84.417724
2686,904880,79512,W LAKE AVE@DONALD L HOLLOWELL PKWY,33.772352,-84.441944
2687,904999,79516,MARIETTA BLVD @ DONALD L HOLLOWELL PKY,33.77299,-84.425327
2688,904268,79528,JOSEPH E LOWERY BLVD NW @ WHEELER ST NW,33.774039,-84.417305
2689,904313,79554,MARIETTA BLVD NW @ 1079,33.783307,-84.429201
2690,904519,79900,BANKHEAD STATION,33.772621,-84.428966
2691,904421,80060,HOWELL MILL RD NW @ 17TH ST,33.790316,-84.411986
2692,904521,80082,MARIETTA ST@615,33.769058,-84.398489
2693,904523,80101,MARIETTA ST@HOWELL MILL RD,33.778529,-84.409557
2694,904763,80116,DONALD L HOLLOWELL PKWY @ ECHO ST NW,33.773196,-84.410063
2695,904765,80120,DONALD L HOLLOWELL PKWY @ JAMES P BRAWLEY DR,33.773131,-84.412786
2696,904646,80124,DONALD L HOLLOWELL PKWY @ PAINES AVE,33.773057,-84.414368
2697,904647,80126,DONALD L HOLLOWELL PKWY @ OLIVER ST,33.773065,-84.415401
2698,904648,80128,DONALD L HOLLOWELL PKWY @ JOSEPH E LOWERY BLVD,33.773081,-84.417304
2699,904766,80130,DONALD L HOLLOWELL PKWY @ LINDSAY ST,33.77301,-84.416565
2700,904767,80132,DONALD L HOLLOWELL PKWY @ OLIVER ST,33.772993,-84.415488
2701,904769,80136,DONALD L HOLLOWELL PKWY @ JAMES P BRAWLEY DR,33.773017,-84.411816
2702,905012,80171,10TH ST NW @ HIRSCH ST NW,33.781538,-84.401956
2703,904898,80236,ENGLISH AVE NW @ PELHAM ST NW,33.771223,-84.413398
2704,905017,80240,10TH ST NW @ STATE ST NW,33.78146,-84.39863
2705,905018,80243,10TH ST NW @ STATE ST NW,33.781554,-84.39975
2706,905019,80247,10TH ST NW @ GREENFIELD ST NW,33.78148,-84.400936
2707,904327,80251,10TH ST NW@HEMPHILL AVE NW,33.781558,-84.404656
2708,905142,80296,MARIETTA ST NW@HAMPTON ST NW,33.777245,-84.408516
2709,905143,80298,MARIETTA ST NW@NORTHSIDE DR NW,33.775141,-84.406688
2710,905144,80302,MARIETTA ST NW @ BOSS ST NW,33.774307,-84.406029
2711,904332,80304,MARIETTA ST NW@BANKHEAD AVE NW,33.773623,-84.405052
2712,904333,80306,MARIETTA ST NW@MEANS ST NW,33.773163,-84.403484
2713,904334,80308,MARIETTA ST NW@WALLACE ST NW,33.772287,-84.401766
2714,904439,80330,MARIETTA ST NW@WALLACE ST NW,33.772252,-84.401482
2715,904440,80332,MARIETTA ST NW@MEANS ST NW,33.773172,-84.403081
2716,904537,80334,MARIETTA ST NW @ BANKHEAD AVE,33.773712,-84.404716
2717,904538,80336,MARIETTA ST NW@MCMILLAN ST NW,33.774585,-84.406193
2718,904539,80338,MARIETTA ST NW @ NORTHSIDE DR NW,33.775792,-84.406901
2719,904540,80340,MARIETTA ST NW @ HAMPTON ST,33.777161,-84.408066
2720,904665,80386,BRADY AVE@HOWELL MILL RD,33.783683,-84.412597
2721,904668,80392,10TH ST@HEMPHILL AVE,33.781498,-84.404319
2722,904786,80394,10TH ST NW @ NORTHSIDE DR NW,33.781501,-84.407777
2723,904787,80396,10TH ST@NORTHSIDE DR,33.781565,-84.407092
2724,904788,80398,MARIETTA ST @ HOWELL MILL RD,33.778554,-84.40937
2725,904789,80400,BRADY AVE @ HOWELL MILL RD,33.78367,-84.41254
2726,904669,80402,10TH ST @ IMAGE AVE,33.781581,-84.410169
2727,904731,80404,10TH ST NW @ IMAGE AVE,33.781514,-84.410336
2728,904716,80406,10TH ST@BRADY AVE,33.781625,-84.413197
2729,904717,80408,10TH ST@BRADY AVE,33.781531,-84.412936
2730,905030,81005,10TH ST NE @ WILLIAMS ST,33.781629,-84.390228
2731,905031,81013,PEACHTREE ST NE @ NORTH AVE NE,33.770967,-84.385088
2732,904917,81018,NORTH AVE @ PIEDMONT AVE,33.771266,-84.381521
2733,905034,81022,NORTH AVE @ PIEDMONT AVE,33.77144,-84.382238
2734,905036,81028,PONCE DE LEON AVE NE @ PIEDMONT AVE,33.772451,-84.381855
2735,904966,81038,NORTH AVE NW @ SPRING ST NW,33.771331,-84.388609
2736,904967,81039,NORTH AVE NW @ TECHWOOD DR NW,33.771318,-84.392043
2737,904968,81040,NORTH AVE NW @ FOWLER ST,33.771275,-84.394047
2738,904344,81044,NORTH AVE NW @ TECH PKWY NW,33.771351,-84.395848
2739,904345,81045,NORTH AVE NW@STRONG ST NW,33.770103,-84.402763
2740,904347,81047,NORTH AVE NW @ LUCKIE ST NW,33.771311,-84.39643
2741,905161,81053,CENTENNIAL OLYMPIC PARK DR @ NORTH AVE NW,33.770915,-84.391944
2742,905162,81055,CENTENNIAL OLYMPIC PARK DR@NORTH AVE,33.7707,-84.39214
2743,904284,81056,NORTH AVE @ CENTENNIAL OLYMPIC PARK DR,33.771246,-84.392554
2744,904349,81080,10TH ST NW @ WILLIAMS ST NW,33.781431,-84.38998
2745,904350,81082,10TH ST NW @ TECHWOOD DR NW,33.781557,-84.392606
2746,904285,81083,10TH ST@HOLLY ST,33.781528,-84.396467
2747,904286,81086,10TH ST NW@FOWLER ST NW,33.781467,-84.393324
2748,904287,81090,10TH ST NW@HOLLY ST NW,33.781484,-84.39571
2749,902384,81122,PEACHTREE ST @ 3RD ST,33.773552,-84.384715
2750,902385,81124,PEACHTREE ST @ 3RD ST NE,33.773846,-84.384873
2751,902390,81126,PEACHTREE ST @ 4TH ST,33.77486,-84.384575
2752,902391,81128,PEACHTREE ST @ 5TH ST,33.77621,-84.384538
2753,902392,81130,PEACHTREE ST @ 6TH ST,33.77739,-84.384425
2754,902393,81132,PEACHTREE ST @ PEACHTREE PL,33.780929,-84.384181
2755,902386,81134,PEACHTREE ST NE @ 10TH ST NE,33.781895,-84.38412
2756,902387,81136,PEACHTREE ST @ 11TH ST,33.78283,-84.383842
2757,904621,81138,PEACHTREE ST @ 12TH ST NE,33.784498,-84.383125
2758,904551,81142,PEACHTREE ST@14TH ST,33.786098,-84.382998
2759,904552,81144,PEACHTREE ST @ 14TH ST NE,33.786153,-84.383073
2760,904553,81145,NORTH AVE NW @ FOWLER ST,33.771335,-84.39363
2761,904554,81146,NORTH AVE @ CHERRY ST,33.771342,-84.395446
2762,904671,81149,PONCE DE LEON AVE NE @ JUNIPER ST NE,33.772543,-84.383141
2763,904672,81150,PONCE DE LEON AVE NE @ PIEDMONT AVE NE,33.772678,-84.38142
2764,904673,81152,PEACHTREE ST @ NORTH AVE,33.771554,-84.384888
2765,904680,81162,LUCKIE ST @ NORTH AVE,33.770759,-84.395875
2766,904681,81166,LUCKIE ST @ NORTH AVE,33.77091,-84.396237
2767,907473,81900,NORTH AVE STATION,33.77191,-84.38717
2768,904800,81910,MIDTOWN STATION,33.78111,-84.386697
2769,904923,82006,PEACHTREE ST @ 12TH ST,33.784221,-84.383049
2770,904924,82007,PEACHTREE ST NE @ 11TH ST NE,33.78352,-84.383805
2771,904929,82008,PEACHTREE ST @ 10TH ST,33.781452,-84.383912
2772,904930,82009,PEACHTREE ST NE @ 8TH ST NE,33.779431,-84.384154
2773,904931,82010,PEACHTREE ST @ 7TH ST,33.778581,-84.384339
2774,904932,82011,PEACHTREE ST NE @ 5TH ST NE,33.776066,-84.3845
2775,904925,82014,PEACHTREE ST NE @ PONCE DE LEON AVE,33.772376,-84.385003
2776,904295,82016,PEACHTREE ST @ 4TH ST NE,33.774978,-84.384737
2777,904296,82018,PEACHTREE ST NE @ 6TH ST NE,33.777273,-84.384377
2778,904297,82019,PEACHTREE ST NE @ 7TH ST NE,33.778357,-84.384262
2779,904298,82020,PEACHTREE ST NE @ 8TH ST NE,33.779651,-84.384282
2780,905047,82026,NORTH AVE NE @ HUNT ST NE,33.771219,-84.374655
2781,905049,82030,PONCE DE LEON AVE NE @ MYRTLE ST NE,33.772514,-84.379995
2782,905050,82032,PONCE DE LEON  AVE NE @ ARGONNE AVE NE,33.772498,-84.377146
2783,904299,82034,PONCE DE LEON AVE NE @ DURANT PL NE,33.772257,-84.375363
2784,904300,82036,PONCE DE LEON AVE NE @ PARKWAY DR NE,33.77292,-84.373297
2785,904301,82038,PONCE DE LEON AVE NE @ BOULEVARD  NE,33.773548,-84.371014
2786,904302,82040,PONCE DE LEON AVE NE @ KENNESAW AVE NE,33.773781,-84.369666
2787,904307,82042,PONCE DE LEON AVE NE@GLEN IRIS DR NE,33.773273,-84.367828
2788,904308,82044,PONCE DE LEON AVE NE @ 675,33.773308,-84.365808
2789,904409,82046,PONCE DE LEON AVE NE @ PONCE DE LEON PL,33.773649,-84.363402
2790,904410,82048,PONCE DE LEON AVE NE @ BONAVENTURE AVE,33.773579,-84.361183
2791,904508,82058,10TH ST NE @ ARGONNE AVE NE,33.781753,-84.377446
2792,904509,82070,VIRGINIA AVE NE @ 630,33.781551,-84.366636
2793,904510,82072,PONCE DE LEON AVE NE @ ARGONNE AVE NE,33.772633,-84.377579
2794,904412,82074,PONCE DE LEON AVE NE @ DURANT PL NE,33.772436,-84.376255
2795,904413,82076,PONCE DE LEON AVE NE @ CHARLES ALLEN DR NE,33.773373,-84.372429
2796,904414,82078,PONCE DE LEON AVE NE @ MONROE DR NE,33.773743,-84.370636
2797,904415,82080,PONCE DE LEON AVE NE @ PONCE DE LEON CT,33.773666,-84.368042
2798,904512,82084,PONCE DE LEON AVE NE @ 680,33.77344,-84.365329
2799,904513,82086,BOULEVARD NE @ NORTH AVE NE,33.771286,-84.371986
2800,904514,82088,MONROE DR NE @ SAINT CHARLES AVE NE,33.776421,-84.37072
2801,904752,82090,MONROE DR NE @ GREENWOOD AVE NE,33.776878,-84.370309
2802,904630,82092,MONROE DR NE @ SEAL PL NE,33.778149,-84.369853
2803,904631,82098,MONROE DR NE@COOLEDGE AVE NE,33.78231,-84.36866
2804,904753,82104,MONROE DR NE@COOLEDGE AVE NE,33.78223,-84.36835
2805,904755,82110,MONROE DR NE @ SEAL PL NE,33.777752,-84.369736
2806,904756,82112,MONROE DR NE @ GREENWOOD AVE NE,33.776447,-84.370079
2807,904634,82114,MONROE DR NE @ SAINT CHARLES AVE NE,33.775192,-84.370598
2808,904635,82116,MONROE DR NE @ PONCE DE LEON AVE NE,33.77403,-84.37067
2809,904636,82118,BOULEVARD NE @ PONCE DE LEON AVE NE,33.773109,-84.371068
2810,904637,82125,10TH ST NE @ TAFT AVE NE,33.781656,-84.374575
2811,904758,82130,8TH ST NE @ VEDADO WAY NE,33.779446,-84.371191
2812,905000,82132,MONROE DR NE @ VIRGINIA AVE NE,33.780163,-84.369115
2813,905001,82134,VIRGINIA AVE NE@MONROE DR NE,33.780655,-84.368767
2814,904881,82136,VIRGINIA AVE NE@660,33.781552,-84.365755
2815,904882,82140,MONROE DR NE @ 8TH ST NE,33.779841,-84.369321
2816,904883,82141,8TH ST NE @ VEDADO WAY NE,33.779536,-84.370595
2817,904884,82142,8TH ST NE @ CHARLES ALLEN DR NE,33.779545,-84.372307
2818,905006,82170,NORTH AVE @ HUNT ST,33.771074,-84.37483
2819,904314,82174,NORTH AVE @ PENN AVE,33.77119,-84.378808
2820,904315,82176,NORTH AVE @ PENN AVE,33.77128,-84.379114
2821,904316,82178,PONCE DE LEON AVE NE @ PENN AVE NE,33.772595,-84.379539
2822,905128,82180,NORTH AVE NE @ PARKWAY DR NE,33.771041,-84.373315
2823,905129,82181,NORTH AVE NE @ BOULEVARD NE,33.771048,-84.372206
2824,904317,82192,CHARLES ALLEN DR@8TH ST,33.779804,-84.372964
2825,904257,83006,VIRGINIA AVE NE@MARYLAND AVE NE,33.782172,-84.356881
2826,904526,83026,BRIARCLIFF RD NE@BRIARCLIFF PL NE,33.776691,-84.347496
2827,904527,83030,PONCE DE LEON AVE NE @ PONCE DE LEON PL,33.773699,-84.36362
2828,904528,83032,PONCE DE LEON AVE NE @ BONAVENTURE AVE,33.77396,-84.360657
2829,904428,83034,PONCE DE LEON AVE NE @ BARNETT ST NE,33.773975,-84.358505
2830,904429,83036,PONCE DE LEON AVE NE @ FREEDOM PKY NE,33.77374,-84.359401
2831,904529,83042,PONCE DE LEON AVE NE @ FREDERICA ST NE,33.77363,-84.3558
2832,904530,83045,PONCE DE LEON AVE NE @ N HIGHLAND AVE NE,33.77376,-84.351974
2833,904531,83046,PONCE DE LEON AVE NE @ FREDERICA ST NE,33.773941,-84.355507
2834,904532,83048,PONCE DE LEON AVE @ N HIGHLAND AVE NE,33.773849,-84.352322
2835,904462,83054,PONCE DE LEON AVE NE @ BRIARCLIFF RD,33.773921,-84.349245
2836,904463,83056,PONCE DE LEON AVE NE @ MORELAND AVE NE,33.773728,-84.349186
2837,904652,83058,VIRGINIA AVE NE @ PONCE DE LEON PL NE,33.781669,-84.363613
2838,904770,83060,VIRGINIA AVE NE@GREENCOVE AVE NE,33.781929,-84.360307
2839,904771,83062,VIRGINIA AVE@BARNETT ST,33.782019,-84.358741
2840,904772,83066,VIRGINIA AVE NE@TODD RD NE,33.78225,-84.35515
2841,904701,83076,N HIGHLAND AVE NE @ LOS ANGELES AVE,33.783372,-84.354413
2842,904702,83078,N HIGHLAND AVE NE @ GLEN ARDEN WAY,33.784965,-84.354849
2843,904777,83086,VIRGINIA AVE NE @ MARYLAND AVE NE,33.78233,-84.356705
2844,904703,83088,VIRGINIA AVE @ BARNETT ST,33.782162,-84.358597
2845,904704,83090,VIRGINIA AVE NE @ PARK DR NE,33.781767,-84.363428
2846,904901,83095,MORELAND AVE NE@FAIRVIEW RD NE,33.7721,-84.34885
2847,904902,83098,MORELAND AVE NE@BLUE RIDGE AVE NE,33.772462,-84.349005
2848,905020,83100,MORELAND AVE NE@PONCE DE LEON AVE N,33.773529,-84.348824
2849,905021,83102,BRIARCLIFF RD NE @ PONCE DE LEON AVE,33.773903,-84.348983
2850,905022,83108,BRIARCLIFF RD NE@SAINT LOUIS PL NE,33.77632,-84.347995
2851,905023,83112,BRIARCLIFF RD NE@BRIARCLIFF PL NE,33.77709,-84.347386
2852,904950,83113,BRIARCLIFF RD NE @ VIRGINIA AVE,33.778791,-84.345625
2853,904951,83114,BRIARCLIFF RD NE@869,33.778156,-84.346331
2854,904952,83116,BRIARCLIFF RD NE@869,33.778039,-84.346331
2855,905024,83118,N HIGHLAND AVE NE @ ST AUGUSTINE PL,33.774547,-84.352572
2856,905145,83132,BRIARCLIFF RD @SAINT CHARLES PL NE,33.77573,-84.348386
2857,905146,83138,N HIGHLAND AVE NE @ VIRGINIA AVE NE,33.78212,-84.354118
2858,904269,83140,N HIGHLAND AVE NE @ LOS ANGELES AVE,33.7839,-84.354685
2859,904270,83141,N HIGHLAND AVE NE @ ADAIR AVE NE,33.780311,-84.353553
2860,904336,83142,N HIGHLAND AVE NE @ ROSEDALE DR,33.779747,-84.353379
2861,904337,83144,N HIGHLAND AVE NE @ DREWRY ST,33.778494,-84.352932
2862,904338,83146,N HIGHLAND AVE NE @ BRIARCLIFF PL,33.776974,-84.3526
2863,904339,83150,N HIGHLAND AVE NE @ BLUE RIDGE AVE NE,33.772471,-84.352528
2864,904271,83152,N HIGHLAND AVE @ NORTH AVE,33.770857,-84.352298
2865,904272,83154,N HIGHLAND AVE NE @ BLUE RIDGE AVE,33.772171,-84.352325
2866,904273,83156,N HIGHLAND AVE @ PONCE DE LEON AVE,33.77364,-84.352341
2867,904274,83158,N HIGHLAND AVE NE @ ST CHARLES PL,33.775154,-84.352386
2868,904383,83160,N HIGHLAND AVE NE @ BRIARCLIFF PL,33.777188,-84.352442
2869,904384,83161,N HIGHLAND AVE NE @ HUDSON DR NE,33.780768,-84.353618
2870,904542,83162,N HIGHLAND AVE NE @ HIGHLAND VW NE,33.778772,-84.352878
2871,904543,83165,BRIARCLIFF RD @SAINT CHARLES PL NE,33.775479,-84.348668
2872,904544,83166,N HIGHLAND AVE NE @ DREWRY ST NE,33.777931,-84.352519
2873,904476,83170,VIRGINIA AVE NE @ ARCADIA ST NE,33.781994,-84.360832
2874,904595,83190,N HIGHLAND AVE NE@ ROSEDALE DR,33.779729,-84.353281
2875,904480,83192,N HIGHLAND AVE @ VIRGINIA AVE,33.782677,-84.354515
2876,904481,83194,N HIGHLAND AVE N@SAINT CHARLES AVE,33.775618,-84.352642
2877,904482,83196,N HIGHLAND AVE @ NORTH AVE,33.77111,-84.35256
2878,904483,83198,N HIGHLAND AVE N@VIRGINIA AVE,33.781719,-84.354142
2879,904399,84130,BRIARCLIFF RD NE@VIRGINIA CT,33.778903,-84.345384
2880,904289,84132,BRIARCLIFF RD@939,33.780078,-84.344382
2881,904290,84134,BRIARCLIFF RD NE@STILLWOOD DR,33.782318,-84.343298
2882,904291,84136,BRIARCLIFF RD NE@STILLWOOD DR NE,33.783007,-84.342896
2883,904292,84137,BRIARCLIFF RD@THE BY WAY NE,33.78342,-84.34244
2884,904400,84142,PONCE DE LEON AVE @ SPRINGDALE RD,33.774647,-84.345058
2885,904401,84146,PONCE DE LEON AVE NE @ OAKDALE RD NE,33.775122,-84.341611
2886,904402,84148,PONCE DE LEON AVE @ SPRINGDALE RD,33.774918,-84.344826
2887,904293,84151,PONCE DE LEON AVE @ OAKDALE RD NE,33.7752,-84.341356
2888,904294,84154,PONCE DE LEON AVE @ LULLWATER RD NE,33.77406,-84.336597
2889,902400,84162,PONCE DE LEON AVE NE @ CLIFTON RD,33.773664,-84.330954
2890,902360,84167,PONCE DE LEON AVE NE @ FAIRVIEW RD NE,33.773852,-84.337326
2891,902361,84168,PONCE DE LEON AVE @ CLIFTON RD,33.773664,-84.330693
2892,902362,84170,PONCE DE LEON AVE @ S PONCE DE LEON AVE,33.772427,-84.327248
2893,902401,84172,PONCE DE LEON AVE NE @ LAKESHORE DR NE,33.771404,-84.324661
2894,902402,84173,PONCE DE LEON AVE @ N PONCE DE LEON AVE,33.771805,-84.324557
2895,902403,84174,PONCE DE LEON AVE @ PONCE DE LEON MNR,33.771561,-84.321374
2896,902363,84178,PONCE DE LEON AVE @ PONCE DE LEON MNR,33.771695,-84.321744
2897,902364,84179,PONCE DE LEON AVE @ S PONCE DE LEON AVE,33.772189,-84.327485
2898,902395,84189,MAYSON AVE NE@WATSON ST NE,33.756746,-84.338585
2899,902396,84190,MAYSON AVE NE@2ND ST NE,33.75791,-84.338531
2900,904555,84194,MAYSON AVE NE@1ST ST NE,33.75938,-84.338387
2901,904557,84198,MAYSON AVE NE@LA FRANCE ST NE,33.760488,-84.338477
2902,904443,84316,BRIARCLIFF RD NE@STILLWOOD DR NE,33.783106,-84.342907
2903,904444,84318,BRIARCLIFF RD@STILLWOOD DR,33.782372,-84.343407
2904,904759,84364,BRIARCLIFF RD@980,33.780984,-84.344135
2905,904809,84372,MARION PL NE @ CAROLINE ST NE,33.75851,-84.345185
2906,904812,84378,MARION PL NE @ LA FRANCE ST NE,33.760204,-84.345009
2907,904760,84380,LA FRANCE ST NE @ MARION PL NE,33.760523,-84.344967
2908,904761,84382,LA FRANCE ST NE @ FLORA AVE NE,33.760151,-84.343971
2909,904762,84384,LA FRANCE ST NE @ FLORA AVE NE,33.760407,-84.343761
2910,904808,84386,LA FRANCE ST NE @ WHITEFOORD AVE,33.76073,-84.341074
2911,904813,84388,LA FRANCE ST NE @ WHITEFOORD AVE NE,33.760246,-84.342117
2912,904815,84394,MAYSON AVE NE@1ST ST NE,33.759646,-84.338564
2913,904816,84396,MAYSON AVE NE@2ND ST NE,33.757982,-84.338607
2914,905055,84454,CAROLINE ST @ MARION PL,33.758235,-84.345365
2915,904258,84508,MAYSON AVE NE @ CHIPLEY ST NE,33.757006,-84.338683
2916,904464,84900,EDGEWOOD/CANDLER PARK STATION - NORTH LOOP,33.762363,-84.340671
2917,904323,84902,EAST LAKE STATION - SOUTH LOOP,33.764534,-84.31272
2918,904370,85003,WINN WAY @ PINEHURST ST,33.78,-84.27948
2919,904533,85024,CHURCH ST @ 711,33.778825,-84.294763
2920,904576,85030,CHURCH ST @ LUCERNE ST,33.78363,-84.293953
2921,904577,85032,CHURCH ST @ NORRIS ST,33.78486,-84.29279
2922,904582,85050,CLAIREMONT AVE@HUNTER ST,33.779119,-84.296802
2923,904587,85052,CLAIREMONT AVE@446,33.780029,-84.297256
2924,904588,85054,CLAIREMONT AVE@PONCE DE LEON PL,33.781002,-84.298286
2925,904589,85056,CLAIREMONT AVE@WILTON DR,33.782066,-84.29958
2926,904590,85058,CLAIREMONT AVE@LAMONT DR,33.782818,-84.300874
2927,904705,85060,CLAIREMONT AVE@GARDEN LN,33.783499,-84.302059
2928,904706,85062,CLAIREMONT AVE @ SCOTT BLVD,33.78497,-84.304253
2929,904824,85066,W TRINITY PL @ COMMERCE DR,33.773634,-84.297897
2930,904825,85068,N MCDONOUGH ST @ E MAPLE ST,33.771826,-84.296636
2931,904826,85070,N MCDONOUGH ST @ E MAPLE ST,33.77172,-84.296337
2932,904832,85076,S MCDONOUGH ST @ E COLLEGE AVE,33.76966,-84.296485
2933,904833,85078,S MCDONOUGH ST@ANSLEY ST,33.767878,-84.296312
2934,904834,85080,S MCDONOUGH ST@ANSLEY ST,33.767582,-84.296562
2935,904827,85082,S MCDONOUGH ST@DOUGHERTY ST,33.766813,-84.296301
2936,904828,85084,S MCDONOUGH ST@DOUGHERTY ST,33.765972,-84.296646
2937,904829,85086,S MCDONOUGH ST@HANCOCK ST,33.764736,-84.296621
2938,904830,85088,S MCDONOUGH ST@ W HANCOCK ST,33.764289,-84.296287
2939,904835,85090,S MCDONOUGH ST@DAVIS ST,33.763473,-84.296527
2940,904836,85092,S MCDONOUGH ST@OAKVIEW RD,33.76256,-84.296511
2941,904953,85094,S MCDONOUGH ST@BENSON ST,33.760815,-84.296547
2942,904954,85096,W HILL ST @ S MCDONOUGH ST,33.759836,-84.29729
2943,904955,85098,W HILL ST @ MCKOY ST,33.759716,-84.300185
2944,904956,85100,W HILL ST @ 317,33.759682,-84.301064
2945,905070,85102,W HILL ST @ OAKVIEW RD,33.759723,-84.302997
2946,905079,85114,E PONCE DE LEON AVE @ GROVE PL,33.776743,-84.279203
2947,905080,85124,W HOWARD AVE @ GREENWOOD CIR,33.767904,-84.303102
2948,905081,85126,COMMERCE DR @ W HOWARD AVE,33.769532,-84.299423
2949,905074,85134,COMMERCE DR @ W TRINITY PL,33.772485,-84.298931
2950,905075,85136,W HOWARD AVE @ GREENWOOD CIR,33.76814,-84.30296
2951,905076,85138,COMMERCE DR @ ROBIN ST,33.771626,-84.298818
2952,904385,85145,COMMERCE DR @ W PONCE DE LEON AVE,33.775343,-84.298798
2953,904277,85152,COMMERCE DR@CLAIREMONT AVE,33.77785,-84.296536
2954,904278,85158,COMMERCE DR @ W HOWARD AVE,33.76919,-84.29957
2955,904485,85198,E LAKE DR @ FAYETTEVILLE RD,33.758866,-84.302708
2956,904486,85200,E LAKE DR@UNDERWOOD ST,33.757576,-84.301758
2957,904487,85202,E LAKE DR@SPRING ST,33.756298,-84.301735
2958,904655,85216,E LAKE DR @ SPRING ST,33.756001,-84.301292
2959,904726,85218,E LAKE DR @ UNDERWOOD ST,33.757532,-84.301414
2960,904843,85220,E LAKE DR @ OAKVIEW RD,33.759277,-84.302994
2961,904849,85242,S COLUMBIA DR @ TALLEY ST,33.769433,-84.28647
2962,904850,85244,S COLUMBIA DR @ DERRYDOWN WAY,33.768079,-84.284885
2963,904903,85246,S COLUMBIA DR @ MISSIONARY DR,33.766702,-84.282703
2964,904904,85248,S COLUMBIA DR @ INMAN DR,33.765153,-84.280567
2965,904905,85250,S COLUMBIA DR @ KIRK RD,33.763279,-84.279067
2966,904906,85252,S COLUMBIA DR @THOMAS RD,33.760648,-84.277356
2967,904976,85254,COLUMBIA DR@CONWAY RD,33.761445,-84.277407
2968,905090,85256,COLUMBIA DR@KIRK RD,33.763372,-84.278613
2969,905091,85258,COLUMBIA DR@INMAN DR,33.765464,-84.280102
2970,905092,85260,COLUMBIA DR@MISSIONARY DR,33.766984,-84.282147
2971,905093,85262,COLUMBIA DR@DERRYDOWN WAY,33.768123,-84.284122
2972,904977,85264,COLUMBIA DR@TALLEY ST,33.769413,-84.28601
2973,904978,85266,2ND AVE @ E LAKE DR,33.759663,-84.31076
2974,904979,85268,2ND AVE @ BRYAN PL,33.758347,-84.31076
2975,904980,85270,2ND AVE @ 342,33.755035,-84.310234
2976,905094,85272,2ND AVE @ BEATY PL,33.756519,-84.310448
2977,905095,85274,2ND AVE @ BRYAN PL,33.758282,-84.310463
2978,905096,85276,2ND AVE @ E LAKE DR,33.759621,-84.310471
2979,905097,85278,E LAKE DR @ JOHNSTON PL,33.761114,-84.311122
2980,905148,85280,E LAKE DR @ 3RD AVE,33.76297,-84.311035
2981,905149,85282,E LAKE DR @ 3RD AVE,33.763263,-84.311176
2982,904608,85332,WINN WAY @ PINEHURST ST,33.78027,-84.279386
2983,904609,85336,WINN WAY @ COALTER WAY,33.782848,-84.279449
2984,904610,85338,WINN WAY @ 320,33.78479,-84.279437
2985,904855,85360,W HILL ST @ OAKVIEW RD,33.759627,-84.302903
2986,904856,85364,W HILL ST @ MCKOY ST,33.759327,-84.300507
2987,904737,85366,W HILL ST @ MCDONOUGH ST,33.759373,-84.296646
2988,904738,85368,S MCDONOUGH ST@BENSON ST,33.760578,-84.296288
2989,904739,85370,S MCDONOUGH ST@GREEN ST,33.762302,-84.296265
2990,904740,85372,S MCDONOUGH ST@DAVIS ST,33.762993,-84.296219
2991,904857,85376,CHURCH ST @ LUCERNE ST,33.78431,-84.29394
2992,904858,85378,CHURCH ST @ GENEVA ST,33.78345,-84.29458
2993,904859,85380,CHURCH ST @ 921,33.781116,-84.295349
2994,904860,85381,COMMERCE DR @ CLAIREMONT AVE,33.777996,-84.297453
2995,904741,85382,CHURCH ST @ BELL ST,33.779747,-84.294883
2996,904742,85383,COMMERCE DR @ BEAUMONT AVE,33.777492,-84.29869
2997,904743,85385,COMMERCE DR @ W PONCE DE LEON AVE,33.775872,-84.298918
2998,904744,85400,CLAIREMONT AVE @ WILLIAMS ST,33.778973,-84.296422
2999,904861,85402,CLAIREMONT AVE @ 441,33.78018,-84.297069
3000,905101,85404,CLAIREMONT AVE @ ERIE AVE,33.78127,-84.298151
3001,905102,85406,CLAIREMONT AVE @ MICHIGAN AVE,33.781943,-84.299105
3002,905103,85410,CLAIREMONT AVE @ GARDEN LN,33.783635,-84.302071
3003,905104,85411,CLAIREMONT AVE@SCOTT BLVD,33.784836,-84.303697
3004,904988,85416,E TRINITY PL @ CHURCH ST,33.772738,-84.294798
3005,904989,85420,S CANDLER ST @ COLLEGE AVE,33.770584,-84.292389
3006,904990,85422,S CANDLER ST @ 184,33.76811,-84.292658
3007,904991,85424,S CANDLER ST @ 206,33.767815,-84.292582
3008,905105,85426,S CANDLER ST @ E DOUGHERTY ST,33.766884,-84.292713
3009,905106,85428,S CANDLER ST @ DOUGHERTY ST,33.766812,-84.292615
3010,905107,85430,S CANDLER ST @ E HANCOCK ST,33.764548,-84.292714
3011,905108,85432,S CANDLER ST @ HANCOCK ST,33.764172,-84.292465
3012,904992,85434,S CANDLER ST @ E DAVIS ST,33.763348,-84.292562
3013,904993,85436,S CANDLER ST @ DAVIS ST,33.763027,-84.292313
3014,904994,85440,S CANDLER ST @ KIRK RD,33.761254,-84.292606
3015,904995,85441,S CANDLER ST @ MIDWAY RD,33.757682,-84.291184
3016,904938,85442,S CANDLER ST @ BUCHANAN TER,33.759016,-84.291335
3017,904939,85446,S CANDLER ST @ BUCHANAN TER,33.759123,-84.291488
3018,904817,85447,S CANDLER ST @ MIDWAY RD,33.757945,-84.291384
3019,904818,85450,S CANDLER ST @ BROWER ST,33.756357,-84.291532
3020,904820,85456,N ARCADIA AVE @ E PONCE DE LEON AVE,33.777307,-84.28061
3021,904940,85458,N ARCADIA AVE @ E PONCE DE LEON AVE,33.776657,-84.280273
3022,904941,85460,E PONCE DE LEON AVE @ N ARCADIA AVE,33.77669,-84.279725
3023,904942,85462,CHURCH ST @ BELL ST,33.781288,-84.294746
3024,904943,85464,W HOWARD AVE @ ADAIR ST,33.766932,-84.306968
3025,904821,85466,W HILL ST @ ADAMS ST,33.75972,-84.298393
3026,904822,85468,W HILL ST @ ADAMS ST,33.759418,-84.298393
3027,904357,85506,WINN WAY @ 341,33.784933,-84.279307
3028,904448,85522,S COLUMBIA DR @ FORREST BLVD,33.757188,-84.272065
3029,904360,85524,COLUMBIA DR@LEELAND RD,33.751272,-84.265077
3030,904451,85536,E COLLEGE AVE @ NEW ST,33.77363,-84.285033
3031,904365,85546,S CANDLER ST @ KIRK RD,33.760701,-84.292503
3032,904259,85548,2ND AVE @ BEATY PL,33.756966,-84.310725
3033,904260,85550,COMMERCE DR @ E COLLEGE AVE,33.77219,-84.2876
3034,905066,85556,WINN WAY @ COALTER WAY,33.783,-84.279325
3035,904262,85900,DECATUR STATION - BUS LOOP,33.774663,-84.297516
3036,904264,85902,AVONDALE STATION - NORTH LOOP,33.775634,-84.28177
3037,210548,85904,AVONDALE STATION - E COLLEGE AVE (SOUTH),33.774493,-84.282238
3038,905117,86002,E PONCE DE LEON AVE @ 2775,33.778713,-84.276131
3039,905118,86004,E PONCE DE LEON AVE @ DEKALB INDUSTRIAL WAY,33.780895,-84.274429
3040,905119,86006,E PONCE DE LEON AVE @ 2947,33.782887,-84.27285
3041,904266,86008,E PONCE DE LEON AVE @ 2995,33.784183,-84.271538
3042,904688,86012,KENSINGTON RD@MEMORIAL DR,33.772144,-84.248454
3043,904568,86019,MEMORIAL DR @ NOTTINGHAM DR,33.766276,-84.254005
3044,904569,86020,MEMORIAL DR @ COVINGTON HWY,33.76929,-84.251056
3045,904570,86024,COVINGTON HWY @ MIDWAY RD,33.765997,-84.251537
3046,904689,86026,MIDWAY RD @ COVINGTON HWY,33.764201,-84.251553
3047,904690,86028,COVINGTON DR @ LA COSTA DR,33.76201,-84.256393
3048,904691,86030,COVINGTON DR @ 3246,33.76163,-84.254154
3049,904692,86032,MIDWAY RD @ COVINGTON DR,33.761507,-84.251633
3050,904571,86034,MIDWAY RD @ LARK LN,33.760281,-84.251549
3051,904572,86036,MIDWAY RD @ CRESCENTWOOD LN,33.759531,-84.251652
3052,904573,86038,MIDWAY RD @ BEECH DR,33.758449,-84.251668
3053,904574,86040,MIDWAY RD @ BEECH DR,33.758122,-84.251589
3054,904693,86042,PEACHCREST RD @ BENNINGTON DR,33.756634,-84.251447
3055,904694,86044,MIDWAY RD @ PEACHCREST RD,33.757598,-84.251692
3056,904695,86046,E PONCE DE LEON AVE @ 2995,33.784429,-84.271585
3057,904465,86048,E PONCE DE LEON AVE @ 2942,33.782917,-84.273098
3058,904466,86050,E PONCE DE LEON AVE @ DEKALB INDUSTRIAL WAY,33.781306,-84.274382
3059,904467,86052,E PONCE DE LEON AVE @ 2818,33.779541,-84.275978
3060,904379,86056,KENSINGTON RD @ MEMORIAL DR,33.772311,-84.24822
3061,904381,86060,COVINGTON HWY @ MEMORIAL DR,33.766922,-84.251297
3062,904468,86062,COVINGTON HWY @ E CLUBHOUSE CIR,33.763738,-84.250665
3063,904470,86066,COVINGTON HWY @ BEECH DR,33.761483,-84.247301
3064,904471,86068,COVINGTON HWY @ BEECH DR,33.761536,-84.247138
3065,904416,86070,COVINGTON HWY@RICHARD RD,33.761106,-84.245986
3066,904417,86072,COVINGTON HWY@RICHARD RD,33.760837,-84.244954
3067,904418,86074,COVINGTON HWY@WESTON DR,33.760469,-84.243573
3068,904419,86076,COVINGTON HWY@PORTER RD,33.7608,-84.24425
3069,901202,86078,COVINGTON HWY@CANAL ST,33.759942,-84.242209
3070,901275,86080,COVINGTON HWY@DOVE VALLEY RD,33.76044,-84.24284
3071,901308,86082,DEKALB INDUSTRIAL WAY @ N ARCADIA AVE,33.783643,-84.276436
3072,901197,86084,N ARCADIA AVE @ COALTER WAY,33.782543,-84.277111
3073,901198,86085,N ARCADIA AVE @ WINN WAY,33.779276,-84.279147
3074,901311,86096,COVINGTON RD @ STRATFORD GRN,33.774188,-84.259506
3075,901312,86100,MEMORIAL DR @ KENSINGTON RD,33.772984,-84.248672
3076,901201,86102,MEMORIAL DR @ MOUNTAIN DR,33.774229,-84.247756
3077,901203,86104,MEMORIAL DR @ CAMP RD,33.776679,-84.244165
3078,901313,86108,S COLUMBIA DR @ CARTER RD,33.759336,-84.275835
3079,901314,86110,COLUMBIA DR@RUSSELL DR,33.759135,-84.275093
3080,901407,86112,COLUMBIA DR@WALKER DR,33.758176,-84.273051
3081,900715,86114,COLUMBIA DR @ FORREST BLVD,33.75722,-84.27184
3082,900716,86116,COLUMBIA DR @ MIDWAY RD,33.756003,-84.26942
3083,900717,86118,S COLUMBIA DR @ WALKER DR,33.757718,-84.273324
3084,900718,86120,S COLUMBIA DR @ CLARENDON AVE,33.756502,-84.270767
3085,901408,86122,MEMORIAL DR @ MOUNTAIN DR,33.773979,-84.248213
3086,901409,86123,MEMORIAL DR @ NOTTINGHAM DR,33.767006,-84.252861
3087,901411,86126,KENSINGTON RD @ COVINGTON HWY,33.771789,-84.254411
3088,900719,86128,COVINGTON RD @ STRATFORD GRN,33.774269,-84.25914
3089,900722,86133,COVINGTON RD @ S AVONDALE PLZ,33.775738,-84.265734
3090,900816,86140,N CLARENDON AVE @ LAREDO DR,33.77702,-84.26697
3091,900818,86144,N CLARENDON AVE @ OLD ROCKBRIDGE RD,33.779735,-84.264552
3092,900819,86146,N CLARENDON AVE @ ROCKBRIDGE RD,33.781328,-84.263355
3093,900923,86169,N CLARENDON AVE @ LAREDO DR,33.777758,-84.266903
3094,900924,86170,N CLARENDON AVE @ LAREDO DR,33.778999,-84.266046
3095,900925,86172,N CLARENDON AVE @ OLD ROCKBRIDGE RD,33.78001,-84.26472
3096,900926,86174,N CLARENDON AVE @ ROCKBRIDGE RD,33.781677,-84.263366
3097,901014,86176,N CLARENDON AVE @ CHESTNUT ST,33.783162,-84.263332
3098,901015,86178,N CLARENDON AVE @ CHESTNUT ST,33.783109,-84.263212
3099,901020,86179,NORTHERN AVE @ MEMORIAL DR,33.777932,-84.244001
3100,901021,86180,NORTHERN AVE @ 260 (BLDG 10),33.780332,-84.245042
3101,901023,86184,NORTHERN AVE @ 281,33.781784,-84.247375
3102,901024,86186,NORTHERN AVE @ ROCKBRIDGE RD,33.782864,-84.248428
3103,901109,86188,ROCKBRIDGE RD@WILLOW RIDGE WAY,33.78318,-84.247258
3104,901111,86192,ROCKBRIDGE RD @ WILLOW RIDGE WAY,33.783269,-84.247149
3105,901112,86194,NORTHERN AVE @ 280,33.781775,-84.247683
3106,901025,86196,NORTHERN AVE @ 260 (BLDG 20),33.781416,-84.246792
3107,901026,86198,NORTHERN AVE @ 260 (BLDG 10)),33.780421,-84.245249
3108,901058,86202,MEMORIAL DR @ COVINGTON DR,33.762547,-84.258293
3109,901113,86204,MEMORIAL DR@3850,33.760582,-84.260452
3110,901114,86206,MEMORIAL DR @ BOBBIE LN,33.759138,-84.262079
3111,901221,86208,MEMORIAL DR @ BEECH DR,33.758472,-84.262848
3112,901215,86213,MEMORIAL DR @ MIDWAY RD,33.755982,-84.265652
3113,901216,86214,MEMORIAL DR @ BEECH DR,33.758333,-84.262862
3114,901217,86216,MEMORIAL DR @ BOBBIE LN,33.759012,-84.262079
3115,901222,86218,MEMORIAL DR @ 3850,33.760445,-84.260231
3116,901223,86220,MEMORIAL DR @ COVINGTON DR,33.762272,-84.258163
3117,901276,86222,KENSINGTON RD @ 3560,33.77167,-84.245125
3118,901277,86224,N ARCADIA AVE @ GRAYSON PL,33.780207,-84.278276
3119,901278,86560,COVINGTON HWY @ 3597,33.76315,-84.250398
3120,901280,86566,MIDWAY RD @ LARK LN,33.760431,-84.251654
3121,901429,86568,PEACHCREST RD @ COLUMBIA TRCE,33.744139,-84.25319
3122,901431,86578,MEMORIAL DR @ 3982,33.765139,-84.25505
3123,901424,86580,COVINGTON DR @ MEMORIAL DR,33.762581,-84.257879
3124,901426,86584,MEMORIAL DR @ KENSINGTON RD,33.772229,-84.249431
3125,900686,86900,KENSINGTON STATION,33.772472,-84.252236
3126,900687,87002,KENSINGTON RD@3560,33.77121,-84.243584
3127,900741,87003,KENSINGTON RD @ CAMP RD,33.771079,-84.242015
3128,900742,87004,KENSINGTON RD @ PORTER RD,33.770994,-84.241659
3129,900743,87006,KENSINGTON RD @ 3675,33.77126,-84.238342
3130,900744,87008,KENSINGTON RD@DURHAM PARK RD,33.770722,-84.23718
3131,900688,87010,KENSINGTON RD @ KENSINGTON CT,33.769378,-84.235485
3132,900834,87012,KENSINGTON RD @ 3841,33.768903,-84.235094
3133,900839,87014,KENSINGTON RD @ KENSINGWOOD TRCE,33.766987,-84.233933
3134,900840,87016,HOLCOMBE RD@REDAN RD,33.764552,-84.233751
3135,900881,87020,REDAN RD@SAGEHILL DR,33.763473,-84.227652
3136,900835,87022,REDAN RD @ S INDIAN CREEK DR,33.763702,-84.223401
3137,900836,87024,REDAN RD@AVONRIDGE DR,33.762488,-84.217086
3138,900838,87028,REDAN RD@VALERIE WOODS DR,33.76243,-84.212737
3139,900882,87030,REDAN RD@SHARONTON WAY,33.762894,-84.211029
3140,900883,87032,REDAN RD @ ALLGOOD RD,33.763393,-84.2093
3141,900884,87034,REDAN RD @ ALLGOOD RD,33.7634,-84.20962
3142,900885,87036,REDAN RD@SHARONTON WAY,33.76305,-84.210876
3143,900931,87038,REDAN RD@VALERIE WOODS DR,33.762511,-84.212671
3144,900933,87042,REDAN RD @ AVONRIDGE DR,33.76255,-84.217053
3145,903301,87044,REDAN RD @ S INDIAN CREEK DR,33.763773,-84.223064
3146,903323,87046,REDAN RD@SAGEHILL DR,33.763545,-84.227685
3147,903324,87048,HOLCOMBE RD @ REDAN RD,33.764552,-84.233664
3148,903325,87050,KENSINGTON RD@HOLCOMBE RD,33.766728,-84.23371
3149,903326,87052,KENSINGTON RD@3836,33.76857,-84.234566
3150,903302,87054,KENSINGTON RD @ KENSINGTON CT,33.769342,-84.235365
3151,903304,87058,KENSINGTON RD@CAMP RD,33.771654,-84.239538
3152,903305,87062,COVINGTON HWY@CANAL ST,33.759918,-84.2416
3153,903327,87064,COVINGTON HWY@REDAN RD,33.759035,-84.240781
3154,903328,87066,COVINGTON HWY @ REDAN RD,33.758543,-84.240086
3155,903330,87070,COVINGTON HWY@3952,33.757619,-84.239336
3156,903333,87072,COVINGTON HWY @ PAUL EDWIN DR,33.756523,-84.238129
3157,903334,87074,MEMORIAL DR @ GEORGE LUTHER DR,33.780595,-84.238234
3158,903335,87076,MEMORIAL DR @ LADONNA DR,33.782823,-84.236688
3159,903357,87078,MEMORIAL DR @ N INDIAN CREEK DR,33.78344,-84.236578
3160,903358,87080,MEMORIAL DR @ GEORGE LUTHER DR,33.780327,-84.238746
3161,903359,87081,MEMORIAL DR @ NORTHERN AVE,33.776903,-84.244361
3162,903384,87082,ROCKBRIDGE RD@3771,33.783759,-84.237846
3163,903385,87084,ROCKBRIDGE RD @ 3656,33.782388,-84.24106
3164,903386,87088,REDAN RD@4168,33.76321,-84.21981
3165,903387,87090,REDAN RD@4209,33.762991,-84.219651
3166,903360,87092,ROCKBRIDGE RD@SAFARI CIR,33.786288,-84.227026
3167,903361,87094,ROCKBRIDGE RD@SAFARI CIR,33.786342,-84.226961
3168,903388,87102,ROCKBRIDGE RD@3672,33.78269,-84.23891
3169,903391,87900,INDIAN CREEK STATION - INSIDE BUS LOOP,33.769764,-84.229424
3170,211300,87901,INDIAN CREEK STATION - OUTSIDE BUS LOOP,33.769268,-84.229764
3171,903455,88002,REDAN RD@TO LANI FARM RD,33.76364,-84.205635
3172,903464,88004,REDAN RD@TO LANI DR,33.763584,-84.202928
3173,903421,88005,REDAN RD@REDAN WAY,33.759918,-84.182885
3174,903423,88007,REDAN RD@REDAN WAY,33.7598,-84.18308
3175,903424,88008,REDAN RD @ SHEPPARD PL,33.762891,-84.199917
3176,903425,88010,REDAN RD @ S HAIRSTON RD,33.76211,-84.197929
3177,903449,88012,REDAN RD@REDAN TRL,33.759855,-84.176025
3178,903451,88034,REDAN RD @ S HAIRSTON RD,33.762038,-84.197266
3179,903452,88036,REDAN RD@AUTUMN CREST DR,33.763035,-84.200102
3180,903427,88040,REDAN RD @ ELLIS RD,33.763738,-84.204928
3181,903428,88042,REDAN RD @ TO LANI FARM RD,33.763766,-84.206483
3182,903453,88056,REDAN RD @ MARTIN RD,33.75975,-84.178004
3183,903454,88058,REDAN RD @ FIELDGREEN DR,33.759563,-84.175995
3184,903243,88060,REDAN RD@MUIRFIELD DR,33.759567,-84.174873
3185,903244,88066,REDAN RD@MAINSTREET VALLEY DR,33.760242,-84.189991
3186,903270,88076,REDAN RD @ N REDAN CIR,33.76008,-84.18824
3187,903271,88078,REDAN RD@REDAN CIR,33.759817,-84.18855
3188,903274,88093,REDAN RD@ADCOX RD,33.760902,-84.193917
3189,903275,88096,S HAIRSTON RD @ ADCOX RD,33.756859,-84.19728
3190,903276,88098,S HAIRSTON RD @ ADCOX RD,33.756535,-84.197001
3191,903249,88100,S HAIRSTON RD @ 1235,33.759339,-84.197007
3192,903250,88102,S HAIRSTON RD @ 1235,33.75911,-84.196716
3193,903251,88104,REDAN RD @ ADCOX RD,33.761112,-84.194938
3194,901028,88106,REDAN RD @ MAINSTREET VALLEY DR,33.759822,-84.190293
3195,900939,88110,REDAN RD @ S HAIRSTON RD,33.761529,-84.19531
3196,900940,88112,REDAN RD @ MARTIN RD,33.759858,-84.178026
3197,900941,89002,REDAN RD @ DUSTIN CT,33.758207,-84.167532
3198,901029,89004,REDAN RD @ REDAN STATION,33.759803,-84.170491
3199,901030,89006,REDAN RD @ PERRY WAY,33.759868,-84.172263
3200,901031,89008,REDAN RD@PERRY WAY,33.75959,-84.172501
3201,901032,89010,REDAN RD@REDAN STA,33.759541,-84.170761
3202,900942,89012,REDAN RD@KEMPER PL,33.758049,-84.167862
3203,900943,90024,NORTH AVE NE @ PARKWAY DR NE,33.771277,-84.372648
3204,901350,92064,JOSEPH E BOONE BLVD @ SCIPLE TER NW,33.763531,-84.415014
3205,900703,92066,JOSEPH E BOONE BLVD @ ANDREW J HAIRSTON BLVD,33.763525,-84.413829
3206,900704,92068,JOSEPH E BOONE BLVD @ JAMES P BRAWLEY DR NW,33.763515,-84.412512
3207,900705,92070,JOSEPH E BOONE BLVD @ GRIFFIN ST NW,33.763515,-84.411114
3208,901351,92074,JOSEPH E BOONE BLVD @ ELM ST NW,33.763503,-84.409024
3209,901352,92076,JOSEPH E BOONE BLVD @ VINE ST NW,33.763505,-84.407634
3210,901354,92080,JOSEPH E BOONE BLVD @ MAPLE ST NW,33.76351,-84.405416
3211,900708,92086,JOSEPH E BOONE BLVD @ SCIPLE TER NW,33.763417,-84.414907
3212,900710,92090,JOSEPH E BOONE BLVD @ JAMES P BRAWLEY,33.763285,-84.412774
3213,901355,92092,JOSEPH E BOONE BLVD @ GRIFFIN ST NW,33.763241,-84.411346
3214,900906,92094,JOSEPH E BOONE BLVD @ SUNSET AVE NW,33.76338,-84.40976
3215,900805,92098,JOSEPH E BOONE BLVD @ VINE ST NW,33.763412,-84.407518
3216,900807,92102,JOSEPH E BOONE BLVD @ MAPLE ST NW,33.763373,-84.405373
3217,900907,92104,JOSEPH E BOONE BLVD @ NORTHSIDE DR,33.763367,-84.403204
3218,900908,92106,NORTHSIDE DR NW @ THURMOND ST NW,33.760838,-84.402797
3219,900809,92128,CAMERON M ALEXANDER BLVD @ NORTHSIDE DR,33.768239,-84.405001
3220,900911,92134,CAMERON M ALEXANDER BLVD @ VINE ST NW,33.768193,-84.407763
3221,900912,92136,CAMERON M ALEXANDER BLVD NW @ VINE ST NW,33.768255,-84.407654
3222,901092,92142,CAMERON M ALEXANDER BLVD @ SUNSET AVE NW,33.768164,-84.410002
3223,901006,92144,CAMERON M ALEXANDER BLVD @ SUNSET AVE NW,33.768236,-84.41009
3224,901007,92146,CAMERON M ALEXANDER BLVD @ GRIFFIN ST NW,33.768235,-84.411155
3225,901008,92148,CAMERON M ALEXANDER BLVD @ GRIFFIN ST NW,33.768163,-84.411242
3226,901009,92150,CAMERON M ALEXANDER BLVD @ JAMES P BRAWLEY DR,33.76818,-84.412688
3227,901093,92152,CAMERON M ALEXANDER BLVD @ J P BRAWLEY DR,33.768261,-84.412482
3228,901094,92154,ENGLISH AVE @ CAMERON M ALEXANDER BLVD NW,33.768569,-84.413372
3229,901095,92156,ENGLISH AVE NW @ NORTH AVE NW,33.769979,-84.413408
3230,901010,92158,NORTH AVE NW @ NORTH YARDS DR NW,33.770031,-84.402861
3231,901042,92160,MARIETTA ST NW@584,33.769363,-84.39899
3232,901097,92184,NORTHSIDE DR NW @ THURMOND ST NW,33.761277,-84.402656
3233,901262,92900,VINE CITY STATION (POSTELL ST),33.756595,-84.403597
3234,901263,92901,VINE CITY STATION (ELECTRIC AVE),33.756545,-84.404411
3235,901264,93001,PEACHTREE ST @ ALABAMA ST (FIVE POINTS STATION),33.753362,-84.39113
3236,901265,93002,PEACHTREE ST @ MARTIN L KING JR DR,33.752199,-84.39214
3237,901415,93006,PEACHTREE ST NE @ RENAISSANCE PKY NE,33.768448,-84.385342
3238,900723,93008,PEACHTREE ST NE @ IVAN ALLEN JR BLVD,33.76478,-84.385803
3239,900724,93010,PEACHTREE ST @ JOHN PORTMAN BLVD,33.761272,-84.387645
3240,900725,93012,PEACHTREE ST NW@BAKER ST,33.76262,-84.387295
3241,900726,93016,PEACHTREE ST @ AUBURN AVE NE,33.755414,-84.388952
3242,901416,93018,PEACHTREE ST NE @ JOHN W DOBBS AVE NE,33.757373,-84.387843
3243,900727,93024,PEACHTREE ST @ JOHN PORTMAN BLVD BLVD (P'TREE CTR STATION),33.760408,-84.387695
3244,900868,93039,CENTENNIAL OLYMPIC PARK DR @ MERRITSS AVE,33.76874,-84.392084
3245,900927,93041,CENTENNIAL OLYMPIC PARK DR @ HUNNICUTT ST,33.766803,-84.392052
3246,900928,93045,CENTENNIAL OLYMPIC PARK DR @ HUNNICUTT ST,33.766487,-84.391669
3247,900930,93048,CENTENNIAL OLYMPIC PARK DR @ MILLS ST,33.765428,-84.391961
3248,900967,93070,CENTENNIAL OLYMPIC PARK DR @ PINE ST NW,33.767693,-84.391741
3249,901115,93072,CENTENNIAL OLYMPIC PARK DR @ MILLS ST,33.765309,-84.391818
3250,901060,93078,RALPH D ABERNATH BLVD @ CENTRAL AVE,33.736936,-84.393252
3251,901148,93088,RALPH MCGILL BLVD NE@COURTLAND ST,33.76432,-84.38319
3252,901151,93098,COURTLAND ST NE @ JOHN PORTMAN BLVD NE,33.761024,-84.384392
3253,901063,93100,COURTLAND ST NE @ ANDREW YOUNG INTL BLVD,33.759677,-84.384226
3254,901284,93172,MARIETTA ST NW@PARKER ST NW,33.766279,-84.397413
3255,901285,93178,PEACHTREE ST @ ANDREW YOUNG INTL BLVD (PEACHTREE CTR STN),33.76056,-84.387488
3256,901373,93180,PEACHTREE ST @ ANDREW YOUNG INTL BLVD,33.759541,-84.387575
3257,901374,93182,MARIETTA ST NW @ TED TURNER DR,33.756897,-84.392443
3258,901376,93197,PEACHTREE ST NW @ POPLAR ST,33.75563,-84.38884
3259,901286,93198,PEACHTREE ST @ ELLIS ST,33.75822,-84.387699
3260,901287,93200,PEACHTREE ST @ BAKER ST,33.762631,-84.387209
3261,900689,93202,PEACHTREE ST @ RALPH MCGILL BLVD,33.764878,-84.385443
3262,900690,93204,PEACHTREE ST @ PINE ST NE,33.767243,-84.385325
3263,900780,93206,PEACHTREE ST @ RENAISSANCE PKWY NE,33.768487,-84.385218
3264,900781,93208,COURTLAND ST @ ELLIS ST,33.758424,-84.384236
3265,900691,93216,PEACHTREE CENTER AVE @ ELLIS ST,33.758148,-84.38604
3266,900784,93234,PEACHTREE ST @ LUCKIE ST,33.756571,-84.38841
3267,900786,93238,PEACHTREE CENTER AVE @ ANDREW YOUNG INT BLVD,33.759649,-84.38602
3268,903332,93250,EDGEWOOD AVE @ PEACHTREE ST,33.754527,-84.389462
3269,903401,94002,BOULEVARD NE @ BOULEVARD PL NE,33.769725,-84.371892
3270,903402,94004,BOULEVARD NE @ MORGAN ST NE,33.768699,-84.371983
3271,903430,94006,BOULEVARD NE @ RANKIN ST NE,33.76739,-84.37198
3272,903432,94008,BOULEVARD NE @ ANGIER AVE NE,33.766422,-84.371945
3273,903433,94010,BOULEVARD NE @ WABASH AVE NE,33.764938,-84.372169
3274,903404,94011,BOULEVARD NE @ RALPH MCGILL BLVD NE,33.764196,-84.372009
3275,903456,94012,BOULEVARD NE @ EAST AVE NE,33.76326,-84.372147
3276,903461,94014,BOULEVARD NE @ CAIN ST NE,33.759818,-84.372098
3277,903462,94015,JACKSON ST NE @ IRWIN ST NE,33.757462,-84.374364
3278,903463,94016,BOULEVARD NE @ HIGHLAND AVE NE,33.761696,-84.372073
3279,903457,94019,JACKSON ST SE @ CHAMBERLAIN ST SE,33.753648,-84.374394
3280,903459,94022,JACKSON ST NE @ IRWIN ST NE,33.757435,-84.374255
3281,903460,94026,BOULEVARD NE @ HIGHLAND AVE NE,33.761139,-84.371857
3282,903225,94028,BOULEVARD NE @ EAST AVE NE,33.763031,-84.371773
3283,903226,94030,BOULEVARD NE @ RALPH MCGILL BLVD NE,33.763687,-84.371765
3284,903227,94031,BOULEVARD NE @ WABASH AVE NE,33.764695,-84.371728
3285,903228,94032,BOULEVARD NE @ ANGIER AVE NE,33.766117,-84.371727
3286,903253,94033,BOULEVARD NE @ RANKIN ST NE,33.767119,-84.371653
3287,903252,94035,BOULEVARD NE @ MORGAN ST NE,33.768616,-84.371626
3288,903281,94060,RALPH MCGILL BLVD NE@PIEDMONT AVE N,33.764118,-84.381066
3289,903282,94062,RALPH MCGILL BLVD NE @ PIEDMONT AVE NE,33.764183,-84.378815
3290,903283,94064,RALPH MCGILL BLVD NE@PARK CENTRAL P,33.764057,-84.378054
3291,903284,94066,RALPH MCGILL BLVD NE@CENTRAL PARK PL,33.764138,-84.377445
3292,900890,94070,RALPH MCGILL BLVD NE@FELTON DR NE,33.763986,-84.37564
3293,901036,94072,RALPH MCGILL BLVD NE@FELTON DR NE,33.764053,-84.375465
3294,900946,94074,RALPH MCGILL BLVD NE@PARKWAY DR NE,33.763933,-84.373661
3295,900947,94075,RALPH MCGILL BLVD@BOULEVARD NE,33.763879,-84.371375
3296,900948,94076,RALPH MCGILL BLVD NE@PARKWAY DR NE,33.76403,-84.373405
3297,900980,94077,RALPH MCGILL BLVD@542,33.763901,-84.369659
3298,901037,94078,RALPH MCGILL BLVD NE@BOULEVARD NE,33.763986,-84.371772
3299,901038,94080,RALPH MCGILL BLVD NE@530,33.763989,-84.369486
3300,901039,94082,RALPH MCGILL BLVD NE @ GLEN IRIS DR NE,33.763918,-84.367834
3301,901040,94084,RALPH MCGILL BLVD NE@GLEN IRIS DR N,33.763989,-84.368192
3302,901074,94086,RALPH MCGILL BLVD NE @ FORTUNE ST NE,33.764041,-84.366447
3303,901075,94088,RALPH MCGILL BLVD NE@680,33.764957,-84.364942
3304,901076,94090,RALPH MCGILL BLVD NE@WILLOUGHBY WAY,33.763999,-84.366475
3305,901041,94092,RALPH MCGILL BLVD NE @ 697,33.76476,-84.365148
3306,901071,94094,RALPH MCGILL BLVD NE @ ASHLEY AVE NE,33.765853,-84.363518
3307,901389,94140,IRWIN ST NE @ RANDOLPH ST NE,33.757564,-84.368549
3308,901391,94146,BOULEVARD NE @ BOULEVARD PL NE,33.769695,-84.371704
3309,900914,94160,IRWIN ST NE @ BOULEVARD NE,33.757561,-84.371646
3310,900854,94164,JOHN WESLEY DOBBS AVE @ JACKSON ST,33.758966,-84.373669
3311,900856,94168,NORTH AVE @ GLEN IRIS DR,33.771177,-84.368175
3312,900950,94174,BOULEVARD NE @ FREEDOM PKWY NE,33.759951,-84.371762
3313,900859,95010,MORELAND AVE NE @ WADE ST NE,33.756601,-84.349239
3314,900952,95012,SEABOARD AVE NE @ BRANTLEY ST NE,33.758418,-84.349892
3315,900953,95013,MORELAND AVE NE @ SEABOARD AVE,33.758526,-84.34925
3316,900954,95014,MORELAND AVE NE @ BOULEVARD DR NE,33.753722,-84.349315
3317,901100,95015,MORELAND AVE NE @ WYLIE ST SE,33.752162,-84.349248
3318,901045,95017,MORELAND AVE SE @ KIRKWOOD AVE SE,33.749798,-84.349318
3319,901047,95019,MORELAND AVE SE @ MEMORIAL DR SE,33.747774,-84.349311
3320,901101,95021,MORELAND AVE SE @ FAITH AVE SE,33.743426,-84.349323
3321,901269,95069,RALPH MCGILL BLVD @ ASHLEY AVE,33.766155,-84.363435
3322,901357,95070,RALPH MCGILL BLVD NE@760,33.766981,-84.362442
3323,901359,95074,RALPH MCGILL BLVD@828,33.767339,-84.361138
3324,901360,95075,RALPH MCGILL BLVD NE @ JOHN LEWIS FREEDOM PKWY NE,33.768128,-84.358681
3325,901270,95076,RALPH MCGILL BLVD NE @ JOHN LEWIS FREEDOM PKWY NE,33.76802,-84.359406
3326,901271,95078,JOHN LEWIS FREEDOM PKWY NE @ 441,33.766485,-84.35493
3327,901272,95080,JOHN LEWIS FREEDOM PKWY NE @ CARTER CENTER ENTR,33.76878,-84.354698
3328,900766,95090,DEKALB AVE NE @ HARALSON AVE NE,33.759811,-84.349945
3329,900677,95098,N HIGHLAND AVE NE @ JOHN LEWIS FREEDOM PKWY NE,33.769138,-84.352753
3330,900678,95100,N HIGHLAND AVE NE @ JOHN LEWIS FREEDOM PKWY NE,33.769516,-84.352371
3331,900969,95130,DEKALB AVE NE @ DEGRESS AVE NE,33.758713,-84.351392
3332,900974,95212,BOULEVARD NE @ OLD WHEAT ST NE,33.756034,-84.372228
3333,901155,95900,INMAN PARK/REYNOLDSTOWN STATION - NORTH LOOP,33.757726,-84.353409
3334,901066,95901,INMAN PARK/REYNOLDSTOWN STATION - SOUTH LOOP,33.756635,-84.353111
3335,901068,96004,FULTON INDUSTRIAL BLVD @ BAKERS FERRY RD,33.75034,-84.551336
3336,901069,96006,FULTON INDUSTRIAL BLVD@PHILLIP LEE,33.748171,-84.554338
3337,901156,96008,FULTON INDUSTRIAL BLVD @ GREAT SOUTHWEST PKY,33.744835,-84.560288
3338,901378,96036,BAKERS FERRY RD SW @ FULTON INDUSTRIAL BLVD,33.729355,-84.572448
3339,901379,96040,BAKERS FERRY RD @ S MONTE VISTA DR SW,33.726467,-84.571796
3340,901290,96044,LAGRANGE BLVD @ BOAT ROCK BLVD,33.72619,-84.590308
3341,901325,96050,FULTON INDUSTRIAL BLVD SW @ CASCADE RD SW,33.732421,-84.568413
3342,901381,96052,FULTON INDUSTRIAL BLVD @ GREAT SOUTHWEST PKY,33.732689,-84.568534
3343,901382,96054,FULTON INDUSTRIAL BLVD @ WESTPARK PL,33.735956,-84.566143
3344,901383,96056,FULTON INDUSTRIAL BLVD @ VILLANOVA DR,33.735952,-84.566489
3345,901384,96058,FULTON INDUSTRIAL BLVD@BUCKNELL DR,33.739562,-84.564881
3346,901326,96060,FULTON INDUSTRIAL BLVD @ BUCKNELL DR,33.738864,-84.564846
3347,900695,96063,FULTON INDUSTRIAL BLVD@WESTGATE DR,33.741892,-84.563845
3348,900696,96064,FULTON INDUSTRIAL BLVD @ WESTGATE DR,33.741692,-84.563446
3349,900698,96067,FULTON INDUSTRIAL BLVD @ GREAT SOUTHWEST PKWY,33.745017,-84.55893
3350,900788,96070,FULTON INDUSTRIAL BLVD @ SELIG DR,33.747512,-84.554544
3351,900789,96072,FULTON INDUSTRIAL BLVD @ BAKERS FERRY RD (N),33.750368,-84.550913
3352,900731,96084,WESTPARK DR SW @ BOULDER RIDGE DR SW,33.731422,-84.566617
3353,900792,96088,BOAT ROCK BLVD @ 6040,33.726552,-84.587332
3354,900793,96090,FULTON INDUSTRIAL BLVD @ BAKERS FERRY RD (S),33.730293,-84.571753
3355,900794,96092,FULTON INDUSTRIAL BLVD SW @ BAKERS FERRY RD (S),33.73007,-84.57343
3356,903308,96102,BAKERS FERRY RD @ BOAT ROCK RD,33.72492,-84.57088
3357,903287,97008,FAIRBURN RD SW @ HOWELL DR SW,33.752801,-84.506032
3358,903288,97010,FAIRBURN RD SW @ WISTERIA LN SW,33.750087,-84.507461
3359,903289,97011,FAIRBURN RD SW @ BOULDER PARK DR SW,33.748466,-84.508311
3360,903312,97014,FAIRBURN RD SW @ 405,33.743745,-84.509375
3361,903313,97016,FAIRBURN RD SW @ 400,33.74284,-84.509865
3362,903290,97018,FAIRBURN RD SW @ BENJAMIN E MAYS DR SW,33.740601,-84.510267
3363,903343,97028,FAIRBURN RD SW @ HOWELL DR SW,33.752962,-84.506076
3364,903368,97029,FAIRBURN RD SW @ WISTERIA LN SW,33.750024,-84.507624
3365,903370,97031,FAIRBURN RD SW @ BOULDER PARK DR SW,33.748865,-84.508277
3366,903371,97032,FAIRBURN RD SW @ 320,33.745529,-84.508646
3367,903344,97034,FAIRBURN RD SW @ 405,33.743179,-84.509823
3368,903346,97038,FAIRBURN RD SW @ BENJAMIN E MAYS DR SW,33.740937,-84.510465
3369,903347,97046,CASCADE RD SW @ BERACAH WALK,33.72644,-84.517122
3370,903372,97052,CASCADE RD SW@DANFORTH RD SW,33.726716,-84.517894
3371,903373,97055,CASCADE RD SW @ 4245,33.732438,-84.527179
3372,903374,97056,CASCADE RD SW@MANOR HILLS LN SW,33.730206,-84.523849
3373,903406,97070,CASCADE RD SW @ 4355,33.733765,-84.530953
3374,903407,97074,CASCADE RD SW @ 4355,33.73364,-84.530823
3375,903230,97110,WILSON MILL RD SW@WILDWOOD LAKE DR,33.744362,-84.51725
3376,903231,97112,WILDWOOD LAKE DR SW@PLAINVILLE DR S,33.743265,-84.518793
3377,903232,97114,WILSON MILL RD@BOULDER PARK DR,33.747223,-84.517977
3378,900892,97136,FAIRBURN RD SW @ 320,33.745696,-84.508534
3379,900981,97142,BOULDER PARK DR SW@HOWELL TER SW,33.75013,-84.504578
3380,900982,97144,BOULDER PARK DR SW@HOWELL TER,33.749817,-84.505676
3381,900983,97146,BOULDER PARK DR SW@3631,33.749397,-84.506767
3382,900984,97148,BOULDER PARK DR SW @ FAIRBURN RD SW,33.74877,-84.508099
3383,900894,97152,BOULDER PARK DR SW @ BRANCH DR SW,33.748558,-84.511588
3384,900896,97156,BOULDER PARK DR SW @ LINE RD SW,33.74669,-84.515682
3385,900985,97158,BOULDER PARK DR SW @ WILSON MILL RD SW,33.747268,-84.517945
3386,900986,97160,BOULDER PARK DR SW@4098,33.747841,-84.522491
3387,900987,97161,BOULDER PARK DR@4230,33.746234,-84.526051
3388,900988,97162,BOULDER PARK DR SW@DOLLAR MILL RD S,33.746258,-84.52728
3389,900897,97164,UTOY CIR SW@DOLLAR MILL RD,33.74453,-84.527677
3390,901072,97166,UTOY CIR SW@DOLLAR MILL WAY,33.743232,-84.527511
3391,901073,97168,UTOY CIR SW@DOLLAR MILL WAY SW,33.742276,-84.526943
3392,901077,97170,UTOY CIR SW@DOLLAR MILL RD SW,33.741571,-84.525507
3393,901078,97174,DOLLAR MILL RD SW@UTOY CT SW,33.745045,-84.5271
3394,901079,97176,DOLLAR MILL RD SW @ BOULDER PARK DR SW,33.746177,-84.52791
3395,901296,97200,BOULDER PARK DR SW @ HOWELL TER SW,33.749405,-84.50531
3396,901297,97202,BOULDER PARK DR SW @ 3630,33.74934,-84.506416
3397,901298,97204,BOULDER PARK DR SW @ FAIRBURN RD SW,33.74868,-84.508078
3398,901304,97208,BOULDER PARK DR SW @ BRANCH DR SW,33.74837,-84.51149
3399,901306,97212,BOULDER PARK DR SW @ LINE RD SW,33.746493,-84.515334
3400,901393,97214,BOULDER PARK DR SW @ WILSON MILL RD SW,33.747214,-84.518075
3401,901394,97215,BOULDER PARK DR@4230,33.746163,-84.525421
3402,901395,97216,BOULDER PARK DR@4104,33.74778,-84.522033
3403,901396,97218,PLAINVILLE DR@658,33.742653,-84.520955
3404,901307,97220,PLAINVILLE DR@658,33.742438,-84.520889
3405,901340,97222,PLAINVILLE DR@PLAINVILLE TRL,33.741839,-84.520855
3406,900759,97224,PLAINVILLE DR@PLAINVILLE WAY,33.741302,-84.520267
3407,900760,97226,PLAINVILLE DR SW@PLAINVILLE WAY SW,33.741363,-84.520244
3408,900761,97228,PLAINVILLE DR SW@PLAINVILLE CIR,33.74035,-84.519256
3409,900754,97230,PLAINVILLE CIR @ PLAINVILLE DR,33.740104,-84.519557
3410,900755,97232,PLAINVILLE CIR@PLAINVILLE TER,33.739003,-84.519696
3411,900756,97234,PLAINVILLE CIR@819,33.738549,-84.518456
3412,900757,97236,PLAINVILLE CIR @ PLAINVILLE DR,33.738436,-84.516282
3413,900762,97238,PLAINVILLE DR@PLAINVILLE PL,33.738893,-84.516163
3414,900763,97240,PLAINVILLE DR@828,33.739445,-84.517632
3415,900764,97241,CASCADE RD SW @ 4245,33.732429,-84.527374
3416,900795,97242,CASCADE RD @ MANOR HILLS LN,33.729651,-84.523433
3417,900861,97246,FORTYTHREE 75 APARTMENTS,33.734256,-84.532266
3418,900863,97250,DOLLAR MILL RD@396,33.74378,-84.526491
3419,900864,97252,WILDWOOD LAKE DR@PLAINVILLE DR,33.743382,-84.518848
3420,900962,97260,WAITS DR@ESTER DR,33.754037,-84.521777
3421,900963,97262,WAITS DR@DOSTER DR,33.753133,-84.521807
3422,900956,97264,WAITS DR@BREWER DR,33.751961,-84.521804
3423,900957,97266,ALEX DR@ALEX WAY,33.751205,-84.520332
3424,900995,97274,BOULDER PARK DR@DOLLAR MILL RD,33.746187,-84.527345
3425,900997,98003,BENJAMIN E MAYS DR SW @ BRAEMAR AVE SW,33.736329,-84.495517
3426,901052,98004,DELMAR LN NW@LINKWOOD RD NW,33.754863,-84.482101
3427,901053,98006,DELMAR LN NW@2971,33.755126,-84.484423
3428,901139,98011,DELMAR LN NW@2971,33.755423,-84.484473
3429,901144,98012,HAMILTON E HOLMES DR NW @ BURTON RD NW,33.755727,-84.468511
3430,901146,98015,DELMAR LN NW@3060,33.755661,-84.487219
3431,901140,98020,HAMILTON E HOLMES STATION - OUTSIDE LOOP,33.754334,-84.470229
3432,901141,98021,MARTIN L KING JR DR SW @ 2500,33.752718,-84.469668
3433,901142,98024,MARTIN L KING JR DR SW @ WESTLAND BLVD NW,33.753583,-84.472355
3434,901193,98028,MARTIN L KING JR DR SW @ PEYTON PL SW,33.754337,-84.476135
3435,901194,98030,MARTIN L KING JR DR SW @ 2800,33.754443,-84.478597
3436,901196,98034,MARTIN L KING J DR SW @ LINKWOOD RD NW,33.754448,-84.48175
3437,901273,98036,MARTIN LUTHER KING J DR@2950,33.753772,-84.484781
3438,901274,98038,MARTIN L KING JR DR SW @ LYNHURST DR SW,33.751996,-84.487311
3439,901362,98050,WILKINS LN SW @ SCOTT ST SW,33.748683,-84.494794
3440,901364,98054,SCOTT ST SW @ 108,33.74666,-84.494648
3441,901370,98058,SCOTT ST SW @ BROWNLEE RD SW,33.746577,-84.49655
3442,901402,98070,LYNHURST DR SW @ SPREADING OAK DR SW,33.73052,-84.489212
3443,901366,98074,LYNHURST DR SW@HAZELWOOD DR SW,33.727442,-84.488444
3444,901367,98076,MARTIN L KING JR DR SW @ MIDDLETON RD NW,33.751865,-84.491365
3445,901405,98082,MARTIN L KING JR DR SW @ TREADWELL CIR SW,33.754176,-84.496784
3446,900682,98086,MARTIN L KING JR DR SW @ TREADWELL CIR SW,33.754363,-84.497491
3447,900684,98090,MARTIN L KING JR DR SW @ MIDDLETON RD NW,33.751731,-84.491278
3448,900774,98092,LYNHURST DR SW@HAZELWOOD DR SW,33.727844,-84.4885
3449,900776,98096,LYNHURST DR SW @ SPREADING OAK DR SW,33.730278,-84.489135
3450,900777,98098,LYNHURST DR@BENJAMIN E MAYS DR,33.732594,-84.488861
3451,900812,98108,SCOTT ST SW @ BROWNLEE RD SW,33.746522,-84.496985
3452,900814,98112,SCOTT ST SW @ 309,33.746194,-84.494767
3453,900778,98116,SCOTT ST SW @ WILKINS LN SW,33.748647,-84.494707
3454,900779,98118,WILKINS LN SW @ CUSHMAN CIR SW,33.749293,-84.493969
3455,900810,98120,CUSHMAN CIR SW @ BOULDER PARK DR SW,33.750743,-84.493972
3456,900975,98124,MARTIN L KING JR DR SW @ LYNHURST DR SW,33.751207,-84.488603
3457,900880,98126,MARTIN L KING JR DR SW @ 3050,33.752562,-84.486377
3458,900916,98128,MARTIN L KING JR DR SW @ 2950,33.753763,-84.484662
3459,900917,98130,MARTIN L KING JR DR SW @ LINKWOOD RD NW,33.754356,-84.481399
3460,900976,98134,MARTIN L KING J DR SW @ 2800,33.754318,-84.478042
3461,900977,98136,MARTIN LUTHER KING J DR SW@PEYTON P,33.754249,-84.476466
3462,900978,98138,MARTIN L KING JR DR @ WESTLAND BLVD NW,33.753734,-84.473551
3463,901011,98140,MARTIN L KING JR DR @ 2600,33.753458,-84.472257
3464,901016,98142,LYNHURST DR @ MARTIN L KING JR DR,33.750644,-84.488221
3465,901017,98144,LYNHURST DR @ 155,33.748888,-84.488707
3466,901018,98146,LYNHURST DR SW@LYNHURST CIR SW,33.746892,-84.489192
3467,901019,98148,LYNHURST DR SW@REBECCA DR SW,33.74545,-84.489775
3468,901012,98150,LYNHURST DR SW@IVAN HILL DR SW,33.742924,-84.491085
3469,901013,98152,LYNHURST DR SW@RABUN DR SW,33.74107,-84.491408
3470,901160,98155,LYNHURST DR SW@LYNN CIR SW,33.73864,-84.49006
3471,901161,98156,LYNHURST DR SW@LYNN DR SW,33.736517,-84.489181
3472,901162,98158,LYNHURST DR @ BENJAMIN E MAYS DR,33.734351,-84.488937
3473,901209,98160,LYNHURST DR@MARTIN LUTHER KING J DR,33.751199,-84.488005
3474,901105,98162,LYNHURST DR@155,33.748817,-84.488641
3475,901106,98164,LYNHURST DR SW@LYNHURST CIR SW,33.746883,-84.489094
3476,901107,98166,LYNHURST DR SW@REBECCA DR SW,33.745288,-84.489808
3477,901108,98168,LYNHURST DR SW@IVAN HILL DR SW,33.742906,-84.491009
3478,901210,98170,LYNHURST DR SW@RABUN DR SW,33.740921,-84.491295
3479,901211,98172,LYNHURST DR SW@LYNN CIR SW,33.739456,-84.49025
3480,901212,98174,LYNHURST DR SW@LYNN DR SW,33.736517,-84.489083
3481,901213,98176,LYNHURST DR SW@BENJAMIN E MAYS DR S,33.733814,-84.488827
3482,901219,98180,PEYTON PL SW @ MARTIN L KING JR DR,33.75264,-84.47626
3483,901428,98184,PEYTON PL SW @ 99,33.751036,-84.475959
3484,901328,98188,PEYTON PL SW @ 150,33.749328,-84.474782
3485,901417,98194,PEYTON RD SW @ 294,33.747481,-84.476779
3486,901418,98196,PEYTON RD SW @ 360,33.745857,-84.478188
3487,901331,98200,BROWNLEE RD@MARTIN LUTHER KING J D,33.755692,-84.50019
3488,901332,98202,BROWNLEE PL SW@BROWNLEE RD SW,33.754098,-84.500861
3489,901420,98206,NATHAN RD SW@BOULDER PARK DR SW,33.750122,-84.501689
3490,901421,98208,NATHAN RD SW@BROWNLEE PL SW,33.753761,-84.502052
3491,901422,98210,NATHAN RD SW @ 179,33.751895,-84.501812
3492,901423,98212,NATHAN RD SW @ BOULDER PARK DR SW,33.750006,-84.501841
3493,900827,98232,BROWNLEE RD SW @ BENJAMIN E MAYS DR SW,33.737027,-84.496015
3494,900828,98234,BROWNLEE RD SW @ RABUN DR SW,33.740132,-84.496645
3495,900829,98236,BROWNLEE RD SW @ DAMERON CIR SW,33.742745,-84.496792
3496,900830,98238,BROWNLEE RD SW @ DAMERON CIR SW,33.742538,-84.496718
3497,900737,98240,BENJAMIN E MAYS DR SW @ W MANOR CIR SW,33.734839,-84.492329
3498,900738,98242,BENJAMIN E MAYS DR SW @ LYNHURST DR SW,33.732991,-84.488988
3499,900739,98244,BENJAMIN E MAYS DR SW @ LAURELMONT DR SW,33.734553,-84.492035
3500,900740,98246,BROWNLEE RD SW @ RABUN DR SW,33.739802,-84.496336
3501,900831,98248,BOULDER PARK DR SW @ MARTIN L KING JR DR,33.75106,-84.491037
3502,900833,98252,HARLAN RD SW @ TEE RD SW,33.750848,-84.482536
3503,903315,98254,LYNHURST DR@WESTPORT WAY,33.744123,-84.490805
3504,903316,98256,LYNHURST DR@WESTPORT WAY,33.743918,-84.490772
3505,903317,98258,BROWNLEE RD SW @ CEDAR ISLAND DR SW,33.738172,-84.496184
3506,903318,98260,BENJAMIN E MAYS DR SW @ TUCKAWANNA DR SW,33.731868,-84.485345
3507,903296,98505,HAMILTON E HOLMES @ MARTIN L KING JR DR,33.752336,-84.467482
3508,903297,98510,LYNHURST DR@LYNN CIR,33.73833,-84.48961
3509,903319,98512,LYNHURST DR @ BENJAMIN E MAYS DR,33.733107,-84.488978
3510,903320,98900,HAMILTON E HOLMES STATION - BUS LOOP,33.754259,-84.469058
3511,903321,99008,DONNELLY AVE SW @ CASCADE AVE SW,33.738032,-84.435153
3512,903322,99010,WESTWOOD AVE SW @ WILLARD AVE SW,33.738552,-84.437172
3513,903298,99012,WESTWOOD AVE SW @ ONTARIO AVE SW,33.738699,-84.439143
3514,903299,99014,WESTWOOD AVE SW @ MANSON AVE SW,33.738428,-84.441241
3515,903300,99016,WESTWOOD AVE SW @ AKRIDGE PL SW,33.738516,-84.442991
3516,903351,99020,WESTWOOD AVE SW @ S GORDON ST SW,33.738826,-84.446448
3517,903376,99022,S GORDON ST SW @ ROGERS AVE SW,33.737348,-84.446858
3518,903377,99024,S GORDON ST SW @ S OLYMPIAN WAY SW,33.735441,-84.447192
3519,903379,99027,S GORDON ST SW @ BEECHER ST SW,33.733866,-84.447483
3520,903353,99029,BEECHER ST SW@KENNOLIA DR SW,33.733782,-84.448825
3521,903355,99031,BEECHER ST SW @ SHIRLEY ST SW (E),33.733665,-84.450787
3522,903412,99042,BOULDER PARK DR SW @ MARTIN L KING JR DR,33.751175,-84.491864
3523,903413,99046,CUSHMAN CIR SW @ BOULDER PARK DR SW,33.75055,-84.494132
3524,903414,99048,CUSHMAN CIR SW @ WILKINS LN SW,33.7494,-84.493991
3525,903445,99059,WESTWOOD AVE SW@ONTARIO AVE SW,33.738555,-84.439174
3526,903419,99064,S GORDON ST SW @ WESTWOOD AVE SW,33.73857,-84.446462
3527,903420,99066,WESTWOOD AVE SW@AKRIDGE PL SW,33.738568,-84.444719
3528,903446,99068,WESTWOOD AVE SW@AKRIDGE PL SW,33.738435,-84.44311
3529,903447,99070,WESTWOOD AVE SW@MANSON AVE SW,33.73833,-84.441099
3530,903448,99076,HAMILTON E HOLMES @ MARTIN L KING JR DR,33.75249,-84.46717
3531,903261,99077,BURTON RD NW @ LAUREL CIR NW,33.755852,-84.471253
3532,903263,99084,MARTIN L KING JR DR NW @ 1457,33.753768,-84.434686
3533,903264,99086,MARTIN L KING JR DR NW @ MATHEWSON PL SW,33.753471,-84.436012
3534,903237,99088,MARTIN L KING JR DR NW @ WELLINGTON ST SW,33.753025,-84.437096
3535,903238,99090,MARTIN L KING JR DR NW @ WELLINGTON ST SW,33.752901,-84.438178
3536,903239,99092,MARTIN L KING JR DR NW @ BROWNING ST SW,33.751999,-84.440413
3537,903240,99101,WYNNWOOD DR SW @ LARCHWOOD ST,33.747791,-84.458321
3538,903265,99102,BEECHER RD SW@MT AIRY DR SW,33.726856,-84.463632
3539,903266,99104,BEECHER RD SW@HIGHVIEW RD SW,33.72821,-84.46232
3540,903267,99106,BEECHER RD SW@BEECHER CIR SW,33.730103,-84.460587
3541,903268,99108,BEECHER RD SW@HIGHVIEW RD,33.732,-84.459327
3542,903241,99110,BEECHER RD SW@HIGHVIEW RD SW,33.732923,-84.458111
3543,903242,99122,RALPH D ABERNATHY BLVD @ W LAKE AVE SW,33.749695,-84.444008
3544,901341,99126,ANDERSON AVE SW @ PENELOPE RD NW,33.75373,-84.445982
3545,901342,99128,ANDERSON AVE SW @ 25,33.754777,-84.445918
3546,901397,99130,WATERBURY DR NW @ 56,33.755152,-84.447451
3547,901398,99132,WATERBURY DR @ ANDERSON AVE SW,33.75515,-84.448734
3548,901399,99134,VERBENA ST NW @ WADLEY ST NW,33.755086,-84.458279
3549,901400,99136,VERBENA ST NW @ LAMAR AVE NW,33.755085,-84.459203
3550,901344,99142,PENELOPE RD NW@ANDERSON AVE SW,33.753783,-84.446177
3551,901345,99144,PENELOPE RD NW@HELENA AVE NW,33.753818,-84.447536
3552,901346,99148,PENELOPE RD NW@PENELOPE DR NW,33.753789,-84.449515
3553,901401,99150,PENELOPE ST NW@AARON ST NW,33.752838,-84.451514
3554,900900,99166,MARTIN LUTHER KING J DR@CHAPPELL RD,33.753751,-84.433436
3555,900989,99168,MARTIN L KING JR DR NW @ MATHEWSON PL SW,33.753328,-84.436186
3556,900990,99170,MARTIN L KING JR DR NW @ WELLINGTON ST SW,33.752834,-84.43799
3557,900991,99172,MARTIN L KING JR DR @ LAUREL AVE SW,33.752026,-84.440217
3558,900992,99174,MARTIN L KING JR DR NW @ RACINE ST SW,33.75164,-84.441282
3559,900934,99176,MARTIN L KING JR DR NW @ GORDON TER,33.751289,-84.443075
3560,900935,99178,MARTIN L KING JR DR NW @ 1444,33.753651,-84.434947
3561,900936,99186,BARFIELD AVE SW @ WINGATE ST SW,33.748888,-84.461715
3562,900937,99188,BARFIELD AVE SW @ LARCHWOOD ST SW,33.747635,-84.461723
3563,900993,99190,LARCHWOOD ST SW @ CAMFIELD CT SW,33.747501,-84.461049
3564,900994,99192,LARCHWOOD ST SW @ AUTUMN LN SW,33.747503,-84.459614
3565,901027,99193,WYNNWOOD DR @ WINGATE ST,33.748879,-84.458394
3566,900796,99194,WYNNWOOD DR @ TELHURST DR,33.750082,-84.458358
3567,900797,99196,MARTIN LUTHER KING J DR@LARCHWOOD,33.750272,-84.456923
3568,900798,99200,MARTIN LUTHER KING J DR SW@2035,33.749981,-84.45289
3569,900799,99202,MARTIN L KING JR DR SW @ 2001,33.750163,-84.450509
3570,900866,99206,HAMILTON E HOLMES DR NW@WASHINGTON,33.773515,-84.473611
3571,900901,99208,HAMILTON E HOLMES DR NW@OLDKNOW DR,33.771832,-84.473542
3572,900902,99212,HAMILTON E HOLMES DR @ BAKER RIDGE DR,33.770471,-84.473235
3573,900800,99214,HAMILTON E HOLMES DR NW @ BAKER RD NW,33.769176,-84.472037
3574,900801,99216,HAMILTON E HOLMES DR NW@RENFRO DR N,33.768407,-84.471285
3575,900802,99217,HAMILTON E HOLMES DR NW@RYNE ST NW,33.767579,-84.470259
3576,900803,99220,HAMILTON E HOLMES DR@SANTA BARBARA,33.766739,-84.470451
3577,900903,99222,HAMILTON E HOLMES DR@SANTA BARBARA,33.765347,-84.47036
3578,900904,99224,HAMILTON E HOLMES DR NW@COLLIER DR,33.763901,-84.4702
3579,900905,99227,HAMILTON E HOLMES DR NW @ HIGHTOWER CT,33.761717,-84.469838
3580,901188,99228,HAMILTON E HOLMES DR NW @ GODFREY DR,33.759597,-84.469538
3581,901189,99230,HAMILTON E HOLMES DR NW @ BURTON RD NW,33.755879,-84.46875
3582,901085,99238,MARTIN L KING JR DR SW @ ANDERSON AVE NW,33.750515,-84.447651
3583,901119,99242,MARTIN L KING JR DR SW @ 2001,33.750207,-84.451042
3584,901120,99244,MARTIN L KING JR DR SW @ 2051,33.750052,-84.453292
3585,901190,99246,MARTIN L KING JR DR SW @ 2085,33.749951,-84.455194
3586,901191,99248,MARTIN L KING JR DR @ WILLIS MILL RD SW,33.751728,-84.46672
3587,901192,99250,MARTIN L KING JR DR SW @ WILSON AVE,33.750377,-84.456898
3588,901248,99258,BARFIELD AVE @ MARTIN L KING JR DR SW,33.751126,-84.461686
3589,901090,99260,MARTIN L KING JR DR @ FLORIDA AVE,33.75217,-84.464395
3590,900998,99262,MARTIN L KING JR DR SW @ FAIRFIELD PL NW,33.752544,-84.46281
3591,900999,99264,MARTIN L KING JR DR NW @ FLORIDA AVE SW,33.752286,-84.464275
3592,901000,99266,MARTIN L KING JR DR SW @ HAMILTON E HOLMES DR NW,33.751826,-84.466808
3593,901001,99268,MARTIN L KING JR DR SW @ BARFIELD AVE SW,33.751932,-84.462116
3594,901056,99272,WESTVIEW DR SW @ WESTVIEW PL SW,33.74735,-84.434525
3595,901003,99280,MIMS ST SW @ MATHEWSON PL SW,33.749551,-84.436544
3596,901004,99282,MIMS ST SW @ WELLINGTON ST SW,33.749576,-84.43804
3597,901005,99284,MIMS ST SW @ WELLINGTON ST SW,33.749833,-84.437966
3598,901089,99285,WELLINGTON ST SW @ ARCHER ST SW,33.750927,-84.438281
3599,901091,99286,WELLINGTON ST SW @ MOZLEY PL SW,33.751941,-84.438326
3600,900213,99288,WELLINGTON ST @ MARTIN L KING JR DR,33.752451,-84.43835
3601,900215,99292,LAUREL AVE SW@ARCHER ST SW,33.750663,-84.440032
3602,900216,99294,MIMS ST SW@LAUREL AVE SW,33.749829,-84.439784
3603,900218,99298,MARTIN L KING JR DR NW @ FEDERAL DR SW,33.751611,-84.44244
3604,900219,99300,MARTIN L KING JR DR NW @ W LAKE AVE SW,33.751304,-84.44352
3605,900220,99304,LUCILE AVE SW @ LANGHORN ST SW,33.74225,-84.432442
3606,900221,99306,LUCILE AVE SW @ MUSE ST SW,33.742374,-84.433716
3607,900222,99308,LUCILE AVE SW @ MUSE ST SW,33.742258,-84.433583
3608,900223,99310,LUCILE AVE SW @ ALTOONA PL SW,33.742546,-84.43499
3609,900224,99312,LUCILE AVE SW @ ALTOONA PL SW,33.742498,-84.435062
3610,900135,99314,LUCILE AVE SW @ MATHEWSON PL SW,33.742775,-84.43615
3611,900138,99320,RALPH D ABERNATHY BLVD @ WELLINGTON ST SW,33.744278,-84.43866
3612,900139,99322,RALPH D ABERNATHY BLVD @ WELLINGTON ST,33.744294,-84.438804
3613,900142,99330,CASCADE AVE SW @ ORLANDO ST SW,33.727827,-84.443085
3614,900209,99334,CASCADE AVE SW@PINEVIEW TER SW,33.729683,-84.440666
3615,900211,99338,CASCADE AVE SW@RICHLAND RD SW,33.731194,-84.439178
3616,900212,99340,CASCADE AVE SW@WESTHAVEN DR SW,33.731964,-84.438454
3617,900147,99358,CASCADE AVE SW@ALLEGHENY ST SW,33.734879,-84.436554
3618,900174,99364,CASCADE AVE SW @ DONNELLY AVE SW,33.737745,-84.435392
3619,900175,99366,CASCADE AVE @ RALPH D ABERNATHY BLVD,33.73874,-84.4336
3620,900149,99370,CASCADE AVE SW @ WESTWOOD AVE SW,33.738094,-84.435317
3621,900150,99372,CASCADE AVE@ROGERS AVE,33.737154,-84.435783
3622,900151,99374,CASCADE AVE SW@OLYMPIAN WAY SW,33.735372,-84.436595
3623,900177,99378,CASCADE AVE SW@BEECHER ST SW,33.733473,-84.437538
3624,900178,99380,CASCADE AVE SW @ WESTHAVEN DR SW,33.732389,-84.438363
3625,900179,99381,CASCADE AVE SW@RICHLAND RD,33.731556,-84.439176
3626,900153,99386,CASCADE AVE SW@ALTADENA PL SW,33.729692,-84.440967
3627,900155,99389,CASCADE AVE@CASCADE TER,33.727756,-84.443485
3628,900181,99394,CASCADE AVE SW@ CASCADE CIR,33.726519,-84.44532
3629,900182,99396,ANDERSON AVE @ 93,33.75232,-84.445906
3630,900156,99402,RALPH D ABERNATHY BLVD @ 1701,33.748112,-84.44256
3631,900157,99403,RALPH D ABERNATHY BLVD SW @ WESTVIEW DR SW,33.747236,-84.441721
3632,900158,99404,RALPH D ABERNATHY BLVD @ LAUREL AVE,33.745948,-84.440437
3633,900163,99426,BEECHER RD SW@SHIRLEY ST SW,33.733949,-84.453037
3634,900187,99430,BEECHER RD SW@BEECHER CIR SW,33.7334,-84.457216
3635,900188,99432,RALPH D ABERNATHY BLVD @ 1701,33.748166,-84.442527
3636,900189,99434,RALPH D ABERNATH BLVD @ WESTVIEW DR SW,33.747078,-84.441345
3637,900190,99436,RALPH D ABERNATHY BLVD @ LAUREL AVE SW,33.746109,-84.440475
3638,900164,99438,RALPH D ABERNATHY BLVD @ W ONTARIO AVE SW,33.745063,-84.439392
3639,900170,99457,BEECHER ST SW@KENNOLIA DR SW,33.733685,-84.448907
3640,900171,99458,BEECHER ST SW@SHIRLEY ST SW,33.733576,-84.4507
3641,900196,99460,BEECHER RD SW@SHIRLEY ST SW,33.733895,-84.453113
3642,900198,99463,BEECHER RD SW@HIGHVIEW RD SW,33.728084,-84.462341
3643,900203,99464,BEECHER RD SW@HIGHVIEW RD SW,33.732842,-84.458111
3644,900204,99465,S GORDON ST SW @ ROGERS AVE SW,33.737172,-84.446688
3645,900205,99466,BEECHER RD SW@BEECHER CIR,33.733452,-84.456993
3646,900206,99467,BEECHER RD SW@RECTOR DR SW,33.733507,-84.456243
3647,900199,99473,AARON ST@PENELOPE RD,33.753724,-84.451602
3648,900200,99475,ANDERSON AVE @ MARTIN LUTHER KING J D,33.750812,-84.446151
3649,900201,99477,WESTWOOD AVE@WILLARD AVE,33.738503,-84.437752
3650,900202,99479,RALPH D ABERNATHY BLVD @ W ONTARIO AVE,33.74517,-84.439664
3651,900207,99481,BEECHER RD @ 2175,33.731399,-84.459782
3652,900208,99496,LUCILE AVE @ RALPH D ABERNATHY BLVD,33.742944,-84.437095
3653,900237,99512,HAMILTON E HOLMES DR@RENFRO DR,33.768239,-84.47086
3654,900238,99518,S GORDON ST SW @ S OLYMPIAN WAY SW,33.73537,-84.447073
3655,900239,99520,WESTWOOD AVE@CASCADE AVE,33.737954,-84.435557
3656,900241,99532,RALPH D ABERNATHY BLVD @ MARTIN L KING JR DR,33.750419,-84.444998
3657,900244,99538,HARLAN RD SW @ HALDANE DR SW,33.744476,-84.482034
3658,900231,99900,WEST LAKE STATION - WEST LOOP,33.752833,-84.445389
3659,900232,99901,WEST LAKE STATION - EAST LOOP,33.753061,-84.444717
3660,900234,99906,MARTIN LUTHER KING J DR@LARCHWOOD,33.750022,-84.45589
3661,900245,99908,MARTIN LUTHER KING J DR @ 1981,33.750561,-84.446462
3662,900247,99912,CASCADE AVE SW @ BEECHER ST SW,33.733199,-84.437509
3663,900235,99916,MIMS ST SW @ ALTOONA PL,33.749596,-84.435365
3664,900236,99920,PENELOPE RD@ABBEY ST,33.753805,-84.45083
3665,100004,100004,JOSEPH E LOWERY BLVD @ BECKWITH ST SW,33.752569,-84.4176
3666,100006,100006,JOSEPH E LOWERY BLVD@PARSONS ST SW,33.751251,-84.417762
3667,100008,100008,JOSEPH E LOWERY BLVD @ ASHBY GRV SW,33.750004,-84.417604
3668,100010,100010,JOSEPH E LOWERY BLVD @ FAIR ST SW,33.749212,-84.417594
3669,100012,100012,JOSEPH E LOWERY BLVD@WESTVIEW DR SW,33.746685,-84.417803
3670,100014,100014,JOSEPH E LOWERY BLVD@SELLS AVE SW,33.745587,-84.417784
3671,100016,100016,W END AVE SW @ ASHBY ST SW,33.744403,-84.417246
3672,100017,100017,W END AVE SW @ WELLBORN ST SW,33.744304,-84.415499
3673,100022,100022,W END AVE SW @ ASHBY ST SW,33.74457,-84.417367
3674,100024,100024,JOSEPH E LOWERY BLVD @ ATLANTA STUDENT MOVEMENT BLVD,33.749024,-84.417337
3675,100026,100026,JOSEPH E LOWERY BLVD@PARSONS ST SW,33.75063,-84.417277
3676,100028,100028,JOSEPH E LOWERY BLVD@BECKWITH ST SW,33.752027,-84.417322
3677,100030,100030,ATLANTA STUDENT MOVEMENT BLVD @ EUHRLEE ST SW,33.749264,-84.416015
3678,100032,100032,ATLANTA STUDENT MOVEMENT BLVD @ OGDEN ST SW,33.749236,-84.416809
3679,100035,100035,FAIR ST SW @ JOSEPH E LOWERY BLVD,33.748985,-84.418059
3680,100036,100036,FAIR ST SW @ ABBOTT ST SW,33.748959,-84.419167
3681,100038,100038,FAIR ST SW @ AGNES JONES PL SW,33.748981,-84.420273
3682,100040,100040,FAIR ST SW @ JOSE ST SW,33.74892,-84.421694
3683,100042,100042,FAIR ST SW@LAWTON ST SW,33.749088,-84.423135
3684,100043,100043,FAIR ST SW@SAINT JOSE ST SW,33.749272,-84.421726
3685,100044,100044,ATLANTA STUDENT MOVEMENT BLVD @ EUHARLEE ST SW,33.749192,-84.416048
3686,100045,100045,FAIR ST SW@AGNES JONES PL SW,33.749162,-84.420461
3687,100046,100046,JOSEPH E LOWERY BLVD@MITCHELL ST SW,33.753318,-84.417466
3688,100048,100048,JOSEPH E LOWERY BLVD @ MARTIN L KING JR DR,33.754524,-84.417346
3689,100050,100050,MARTIN LUTHER KING J@CHICAMAUGA AVE,33.75369,-84.432088
3690,100052,100052,MARTIN LUTHER KING J DR SW@CERRO ST,33.753549,-84.429794
3691,100054,100054,MARTIN LUTHER KING J DR SW@BURBANK,33.753443,-84.428174
3692,100058,100058,HOLDERNESS ST SW @ FAIR ST SW,33.748933,-84.426351
3693,100060,100060,FAIR ST SW@HOLDERNESS ST SW,33.749076,-84.426353
3694,100061,100061,HOLDERNESS ST SW@WESTVIEW DR SW,33.747532,-84.426611
3695,100062,100062,HOLDERNESS ST SW@WESTVIEW DR SW,33.747425,-84.426987
3696,100063,100063,WESTVIEW DR SW@LANGHORN ST SW,33.747154,-84.427994
3697,100066,100066,WESTVIEW DR SW@ATWOOD ST SW,33.747192,-84.429146
3698,100067,100067,WESTVIEW DR SW@HOPKINS ST SW,33.747363,-84.430916
3699,100069,100069,WESTVIEW DR SW@CHICAMAUGA AVE SW,33.747379,-84.432101
3700,100070,100070,WESTVIEW DR SW @ CHICAMAUGA AVE SW,33.74728,-84.432645
3701,100074,100074,LUCILE AVE SW @ JOSEPH E LOWERY BLVD,33.742268,-84.418137
3702,100076,100076,LUCILE AVE SW @ PEEPLES ST SW,33.742294,-84.420334
3703,100078,100078,LUCILE AVE SW @ LAWTON ST SW,33.742327,-84.422489
3704,100080,100080,LUCILE AVE SW @ LAWTON ST SW,33.742364,-84.423912
3705,100082,100082,LUCILE AVE SW @ DARGAN PL SW,33.742378,-84.425133
3706,100084,100084,LUCILE AVE SW @ HOPKINS ST SW,33.74237,-84.43048
3707,100086,100086,LUCILE AVE SW @ LANGHORN ST SW,33.742336,-84.432297
3708,100088,100088,LUCILE AVE SW @ HOPKINS ST SW,33.742174,-84.430404
3709,100090,100090,LUCILE AVE SW @ ATWOOD ST SW,33.742262,-84.428855
3710,100092,100092,LUCILE AVE SW @ HOLDERNESS ST SW,33.742246,-84.427138
3711,100094,100094,LUCILE AVE SW @ DARGAN PL SW,33.742257,-84.424801
3712,100096,100096,LUCILE AVE SW @ LAWTON ST SW,33.742213,-84.423366
3713,100098,100098,LUCILE AVE SW @ LAWTON ST SW,33.742169,-84.422714
3714,100100,100100,LUCILE AVE SW @ PEEPLES ST SW,33.741464,-84.420484
3715,100102,100102,LUCILE AVE SW @ ATWOOD ST SW,33.742346,-84.428771
3716,100114,100114,JOSEPH E LOWERY BLVD @ SELLS AVE SW,33.745314,-84.41729
3717,100115,100115,JOSEPH E LOWERY BLVD@WESTVIEW DR SW,33.74634,-84.417334
3718,100124,100124,MARTIN L KING JR DR NW @ CERRO ST SW,33.753645,-84.42959
3719,100126,100126,MARTIN L KING JR DR NW @ BURBANK DR NW,33.753515,-84.428
3720,100128,100128,MARTIN LUTHER KING J@STAFFORD ST,33.753444,-84.426522
3721,100130,100130,MARTIN L KING JR DR NW @ STAFFORD ST SW,33.753516,-84.426489
3722,100132,100132,MARTIN L KING JR DR @ MORRIS BROWN,33.75384,-84.424968
3723,100134,100134,MARTIN L KING JR DR NW @ MORRIS BROWN DR SW,33.753893,-84.425011
3724,100136,100136,MARTIN LUTHER KING J@HUNTER PL N,33.754395,-84.423827
3725,100137,100137,MARTIN LUTHER KING J DR @ WHITEHOUSE DR,33.754709,-84.41994
3726,100138,100138,MARTIN L KING JR DR NW @ HUNTER PL NW,33.754431,-84.423892
3727,100142,100142,MARTIN L KING JR DR NW @ BOOKER ST NW,33.754772,-84.420311
3728,100148,100148,MARTIN L KING JR DR NW @ CHICAMAUGA AVE NW,33.753823,-84.431838
3729,100150,100150,MARTIN L KING JR DR NW @ CHAPPELL RD,33.753851,-84.433255
3730,100152,100152,FAIR ST SW @ 1ST ST SW,33.748905,-84.425545
3731,100154,100154,FAIR ST@FIRST ST,33.749077,-84.425298
3732,100160,100160,FAIR ST SW @ LAWTON ST SW,33.748913,-84.423424
3733,100162,100162,FAIR ST@ABBOTT ST,33.749191,-84.419426
3734,100164,100164,MARTIN LUTHER KING J DR@OLLIE ST,33.754747,-84.421316
3735,100166,100166,LUCILE AVE @ HOLDERNESS ST,33.742389,-84.426658
3736,100168,100168,FAIR ST SW @ JOSEPH E LOWERY BLVD,33.749074,-84.418167
3737,100170,100170,WESTVIEW DR SW @ WESTVIEW PL,33.74744,-84.434656
3738,101002,101002,LEE ST SW @ W END AV SW,33.744253,-84.414009
3739,101006,101006,LEE ST SW@NORCROSS ST SW,33.743338,-84.413776
3740,101008,101008,W END AVE SW @ WELLBORN ST SW,33.744547,-84.415271
3741,101010,101010,PETERS ST SW @ HAYNES ST SW,33.749241,-84.399785
3742,101016,101016,ATLANTA STUDENT MOVEMENT BLVD @ WALNUT ST SW,33.749182,-84.406514
3743,101022,101022,ATLANTA STUDENT MOVEMENT BLVD @ LAWSHE ST SW,33.749365,-84.411219
3744,101024,101024,ATLANTA STUDENT MOVEMENT BLVD @ JAMES P BRAWLEY DR SW,33.749556,-84.412599
3745,101026,101026,ATLANTA STUDENT MOVEMENT BLVD @ MILTON ST SW,33.749457,-84.414271
3746,101030,101030,PETERS ST SW @ FAIR ST SW,33.748085,-84.401161
3747,101036,101036,ATLANTA STUDENT MOVEMENT BLVD @ WALNUT ST SW,33.74902,-84.406578
3748,101040,101040,ATLANTA STUDENT MOVEMENT BLVD @ ELM ST SW,33.749191,-84.409325
3749,101042,101042,ATLANTA STUDENT MOVEMENT BLVD @ JOHN HOPE DR SW,33.749192,-84.410651
3750,101044,101044,ATLANTA STUDENT MOVEMENT BLVD @ JAMES P BRAWLEY DR SW,33.749168,-84.413086
3751,101046,101046,ATLANTA STUDENT MOVEMENT BLVD @ MILTON ST SW,33.749146,-84.414597
3752,101069,101069,MARTIN L KING JR DR @ JOSEPH E LOWERY BLVD,33.754678,-84.417739
3753,101092,101092,WHITEHALL ST SW @ SPRING ST SW,33.74608,-84.399046
3754,101096,101096,WHITEHALL ST SW @ TED TURNER DR SW,33.745868,-84.399003
3755,101098,101098,WHITEHALL ST SW @ 385,33.745305,-84.400559
3756,101100,101100,WHITEHALL ST SW@400,33.745123,-84.400643
3757,101104,101104,WHITEHALL ST SW @ WHITEHALL TERR SW,33.744147,-84.40299
3758,101108,101108,MCDANIEL ST SW @ FULTON ST SW,33.741302,-84.402942
3759,101110,101110,WHITEHALL ST SW@WHITEHALL TER SW,33.744002,-84.402927
3760,101124,101124,PETERS ST SW @ FAIR ST SW,33.747851,-84.401219
3761,101126,101126,PETERS ST SW @ HAYNES ST SW,33.749075,-84.39975
3762,101133,101133,MARTIN L KING JR DR NW @ PASCHAL BLVD SW,33.754779,-84.414293
3763,101135,101135,NORTHSIDE DR @ LARKIN ST,33.748055,-84.405154
3764,101137,101137,NORTHSIDE DR SW @ GREENSFERRY AVE SW,33.746084,-84.406794
3765,101139,101139,MARTIN L KING JR DR @ PASCHAL BLVD SW,33.754609,-84.414402
3766,101144,101144,MARTIN L KING JR DR @ SUNSET AVE,33.754506,-84.410251
3767,101156,101156,NORTHSIDE DR SW @ MITCHELL ST SW,33.753928,-84.402845
3768,101162,101162,NORTHSIDE DR SW @ CHAPEL ST SW,33.750867,-84.403255
3769,101165,101165,NORTHSIDE DR SW @ ATLANTA STUDENT MOVEMENT BLVD SW,33.749396,-84.404349
3770,101166,101166,NORTHSIDE DR SW @ NELSON ST SW,33.750679,-84.403211
3771,101168,101168,MARTIN L KING JR DR @ JAMES P BRAWLEY  DR SW,33.754673,-84.412825
3772,101446,101446,MARTIN L KING JR DR @ GRIFFIN ST,33.754536,-84.411523
3773,101448,101448,MARTIN L KING JR DR NW @ SUNSET AVE NW,33.754738,-84.409923
3774,101460,101460,MCDANIEL ST SW @ WHITEHALL ST SW,33.743458,-84.40377
3775,101464,101464,MARTIN L KING JR DR NW @ JAMES P BRAWLEY DR NW,33.754736,-84.41263
3776,101466,101466,MARTIN L KING JR DR NW @ JOSEPH E LOWERY BLVD NW,33.754759,-84.417391
3777,101468,101468,W END AVE @ LEE ST,33.744607,-84.414342
3778,102005,102005,MEMORIAL DR SE @ CAPITOLE AVE,33.746845,-84.386727
3779,102006,102006,MEMORIAL DR SE @ MARTIN ST SE,33.746841,-84.383934
3780,102007,102007,MEMORIAL DR SE @ CONNALLY ST SE,33.746833,-84.381564
3781,102009,102009,MEMORIAL DR SE @ HILL ST SE,33.74679,-84.379031
3782,102011,102011,HILL ST SE @ WOODWARD AVE SE,33.745662,-84.379324
3783,102022,102022,PEACHTREE ST SW @ MITCHELL ST SW,33.750787,-84.393057
3784,102026,102026,PRYOR ST SW@MEMORIAL DR SW,33.747202,-84.39437
3785,102028,102028,PRYOR ST SW @ GARNETT ST SW,33.748089,-84.393686
3786,102030,102030,PRYOR ST SW @ TRINITY AVE SW,33.74945,-84.392775
3787,102032,102032,PRYOR ST @ MARTIN L KING JR DR,33.751593,-84.391066
3788,102042,102042,DECATUR ST SE @ PEACHTREE CENTER AVE,33.753105,-84.38757
3789,102044,102044,DECATUR ST SE @ COLLINS ST SE,33.7523,-84.386449
3790,102046,102046,DECATUR ST @ PIEDMONT AVE,33.75143,-84.384945
3791,102052,102052,PRYOR ST SW@ALICE ST SW,33.742933,-84.39454
3792,102053,102053,PRYOR ST SW@FULTON ST SW,33.74202,-84.39455
3793,102054,102054,CENTRAL AVE SW @ ALICE ST SW,33.742935,-84.393322
3794,102056,102056,CENTRAL AVE SW@PULLIAM ST SW,33.747414,-84.392334
3795,102058,102058,CENTRAL AVE SW @ TRINITY AVE SW,33.748851,-84.391197
3796,102060,102060,CENTRAL AVE SW @ MITCHELL ST SW,33.749512,-84.390693
3797,102062,102062,MARTIN LUTHER KING J DR SW @ PRYOR ST,33.75141,-84.39075
3798,102074,102074,FORSYTH ST SW @ TRINITY AVE SW,33.750585,-84.395177
3799,102078,102078,TRINITY AVE SW @ TED TURNER DR SW,33.750513,-84.396264
3800,102110,102110,WINDSOR ST SW@EUGENIA ST SW,33.743068,-84.398382
3801,102112,102112,WINDSOR ST SW@FULTON ST SW,33.74199,-84.39838
3802,102124,102124,AUBURN AVE NE @ PIEDMONT AVE NE,33.755507,-84.382255
3803,102148,102148,MITCHELL ST SW @ PRYOR ST SW,33.750329,-84.392066
3804,102152,102152,MARTIN L KING J DR @ COURTLAND ST,33.750043,-84.388393
3805,102156,102156,MARTIN L KING JR DR @ PEACHTREE ST,33.751939,-84.39183
3806,102170,102170,DECATUR ST SE @ PIEDMONT AVE SE,33.75154,-84.385666
3807,102172,102172,DECATUR ST SE @ BELL ST SE,33.749797,-84.380316
3808,102173,102173,DECATUR ST SE @ JESSE HILL JR DR SE,33.7506,-84.384285
3809,102174,102174,DECATUR ST SE @ PRATT ST SE,33.749894,-84.382914
3810,102178,102178,EDGEWOOD AVE SE @ COURTLAND ST SE,33.754539,-84.38419
3811,102180,102180,EDGEWOOD AVE @ PEACHTREE CENTER AVE,33.754513,-84.386169
3812,102222,102222,WINDSOR ST SW @ EUGENIA ST SW,33.743098,-84.398064
3813,102224,102224,WINDSOR ST SW@FULTON ST SW,33.74169,-84.39812
3814,102226,102226,MARIETTA ST NW @ BROAD ST (FIVE POINTS STATION),33.754992,-84.390659
3815,102228,102228,DECATUR ST @ KIMBALL WAY,33.753597,-84.388581
3816,102236,102236,BROAD ST @ ALABAMA ST (FIVE POINTS STATION),33.753359,-84.391991
3817,102248,102248,ALABAMA ST @ PEACHTREE ST (FIVE POINTS STATION),33.753183,-84.391353
3818,102252,102252,HANK AARON DR SE @ FULTON ST SE,33.7416,-84.387733
3819,102253,102253,CAPITOL AVE @ MEMORIAL DR,33.746281,-84.387703
3820,102262,102262,MITCHELL ST SW @ CENTRAL AVE SW,33.74963,-84.390687
3821,102274,102274,ALABAMA ST @ FORSYTH ST (FIVE POINTS STATION),33.753809,-84.392419
3822,102282,102282,DECATUR ST SE @ COLLINS ST SE,33.752282,-84.386602
3823,102289,102289,FORSYTH ST @ ALABAMA ST (FIVE POINTS STATION),33.754015,-84.392419
3824,102292,102292,FORSYTH ST @ ALABAMA ST (FIVE POINTS STATION),33.753944,-84.392626
3825,102294,102294,FORSYTH ST @ MARTIN L KING JR DR,33.752547,-84.393592
3826,102296,102296,FORSYTH ST SW @ MITCHELL ST SW,33.751571,-84.394319
3827,102298,102298,AUBURN AVE @ EQUITABLE PL NE,33.755584,-84.387626
3828,102308,102308,PEACHTREE ST @ DECATUR ST,33.754203,-84.389813
3829,102310,102310,PEACHTREE ST NE @ EDGEWOOD AVE SE,33.754637,-84.389637
3830,102526,102526,BELL ST SE @ PRATT ST SE,33.752715,-84.379623
3831,102530,102530,DECATUR ST @ 263,33.749743,-84.381088
3832,102534,102534,MITCHELL ST @ PEACHTREE ST,33.750915,-84.393191
3833,102540,102540,WALL ST @ PRYOR ST,33.753229,-84.389211
3834,102544,102544,PRYOR ST@RAWSON ST,33.744606,-84.39452
3835,102546,102546,CENTRAL AVE@PULLIAM ST,33.743984,-84.393218
3836,102554,102554,TED TURNER DR SW @ BROTHERTON ST SW,33.749164,-84.398123
3837,102558,102558,AUBURN AVE @ COURTLAND ST,33.755524,-84.384017
3838,103022,103022,MEMORIAL DR SE @ CONNALLY ST SE,33.746896,-84.381347
3839,103024,103024,MEMORIAL DR SE @ MARTIN ST SE,33.74694,-84.383749
3840,103026,103026,MEMORIAL DR SE @ FRASER ST SE,33.746965,-84.386347
3841,103032,103032,JACKSON ST SE @ LUCY ST,33.752351,-84.374122
3842,103034,103034,JACKSON ST SE @ DECATUR ST SE,33.750722,-84.373631
3843,103052,103052,AUBURN AVE NE @ JESSE HILL JR DR NE,33.755472,-84.379962
3844,103060,103060,BOULEVARD NE @ OLD WHEAT ST NE,33.755851,-84.37208
3845,103083,103083,HILL ST SE @ WOODWARD AVE SE,33.745528,-84.379248
3846,103090,103090,MEMORIAL DR SE@POWELL ST SE,33.746697,-84.365607
3847,103092,103092,MEMORIAL DR SE@BEREAN AVE SE,33.746697,-84.366531
3848,103094,103094,MEMORIAL DR SE@CAMERON ST SE,33.746625,-84.365226
3849,103095,103095,MEMORIAL DR SE@BOULEVARD SE,33.746812,-84.36802
3850,103097,103097,MEMORIAL DR SE@BEREAN AVE SE,33.7466,-84.366961
3851,103098,103098,MEMORIAL DR SE@BOULEVARD  SE,33.746669,-84.368139
3852,103100,103100,MEMORIAL DR SE@PARK AVE SE,33.746686,-84.369716
3853,103108,103108,DECATUR ST SE @ HILL ST,33.749681,-84.37974
3854,103130,103130,MARIETTA ST NW @ FAIRLIE ST NW,33.755725,-84.391431
3855,103134,103134,MARIETTA ST NW @ PEACHTREE ST,33.754393,-84.390071
3856,103138,103138,DECATUR ST SE @ CENTRAL AVE SW,33.75306,-84.3877
3857,103162,103162,AUBURN AVE NE @ HILLIARD ST NE,33.755447,-84.376613
3858,103168,103168,MEMORIAL DR@ PARK AVE,33.746758,-84.37002
3859,103169,103169,MEMORIAL DR SE @ HILL ST SE,33.746888,-84.379162
3860,103170,103170,MEMORIAL DR @ GEORGE ST,33.746836,-84.375825
3861,103190,103190,JACKSON ST SE @ TODD ST SE,33.751438,-84.373643
3862,103191,103191,JACKSON ST SE @ GARTRELL ST SE,33.752798,-84.374187
3863,103193,103193,JACKSON ST SE @ CHAMBERLAIN ST SE,33.753756,-84.374264
3864,103196,103196,AUBURN AVE @ WILLIAM H BORDERS SR DR,33.755465,-84.375167
3865,103198,103198,MEMORIAL DR @ GRANT ST SE,33.746729,-84.375944
3866,103200,103200,GRANT ST @ MEMORIAL DR,33.747015,-84.376695
3867,103202,103202,MEMORIAL DR@CHEROKEE AVE,33.746719,-84.373539
3868,103900,103900,KING MEMORIAL STATION,33.749978,-84.375881
3869,104012,104012,MORELAND AVE SE @ SANDERS AVE SE,33.741948,-84.349267
3870,104013,104013,MORELAND AVE SE @ GLENWOOD AVE,33.740623,-84.349403
3871,104048,104048,MEMORIAL DR SE@MORELAND AVE SE,33.747641,-84.348541
3872,104050,104050,MEMORIAL DR SE@MORELAND AVE SE,33.74757,-84.348269
3873,104052,104052,MEMORIAL DR SE@FLAT SHOALS AVE SE,33.747425,-84.350372
3874,104054,104054,MEMORIAL DR SE@HOWELL DR SE,33.747238,-84.350682
3875,104056,104056,MEMORIAL DR SE@WILBUR AVE SE,33.747028,-84.352554
3876,104058,104058,MEMORIAL DR SE@WILBUR AVE SE,33.746651,-84.353043
3877,104060,104060,MEMORIAL DR SE@STOVALL ST SE,33.746696,-84.354233
3878,104062,104062,MEMORIAL DR SE@STOVALL ST SE,33.746346,-84.354568
3879,104064,104064,MEMORIAL DR SE @ GIBSON ST SE,33.746467,-84.355378
3880,104066,104066,MEMORIAL DR SE@HOLTZCLAW ST SE,33.746719,-84.356575
3881,104068,104068,MEMORIAL DR SE @ CHESTER AVE SE,33.746627,-84.359052
3882,104070,104070,MEMORIAL DR SE @ BILL KENNEDY WAY,33.746556,-84.358497
3883,104076,104076,MEMORIAL DR SE@PEARL ST SE,33.746653,-84.362193
3884,104078,104078,MEMORIAL DR SE @ PEARL ST SE,33.746591,-84.361791
3885,104436,104436,MEMORIAL DR SE@VENICE DR,33.747217,-84.286047
3886,105002,105002,FLAT SHOALS AVE SE @ MAY AVE SE,33.739058,-84.344049
3887,105004,105004,FLAT SHOALS AVE SE @ MILTON PL SE,33.736149,-84.341777
3888,105006,105006,FLAT SHOALS AVE SE @ EAST SIDE AVE,33.733852,-84.34021
3889,105016,105016,FLAT SHOALS RD SE@LEAH LN SE,33.729303,-84.328669
3890,105018,105018,FLAT SHOALS RD SE@1909,33.727647,-84.325332
3891,105038,105038,GLENWOOD AVE SE@MAYNARD TER SE,33.739963,-84.334886
3892,105040,105040,GLENWOOD AVE SE@CLIFTON ST SE,33.739919,-84.33231
3893,105042,105042,GLENWOOD AVE SE@WINTHROP DR SE,33.739874,-84.330647
3894,105043,105043,GLENWOOD AVE SE@WINTHROP DR SE,33.739754,-84.329835
3895,105044,105044,GLENWOOD AVE SE@HOWARD ST SE,33.73968,-84.3264
3896,105074,105074,GLENWOOD AVE SE @ WINTHROP DR SE,33.739928,-84.330071
3897,105075,105075,GLENWOOD AVE SE @ CLIFTON ST SE,33.73999,-84.33256
3898,105076,105076,GLENWOOD AVE SE @ MAYNARD TER SE,33.740035,-84.334778
3899,105094,105094,FLAT SHOALS RD SE @ 1930,33.72776,-84.325432
3900,105096,105096,FLAT SHOALS RD SE@HILLBURN DR SE,33.728766,-84.326887
3901,105098,105098,FLAT SHOALS RD SE@LEAH LN SE,33.729249,-84.32831
3902,105107,105107,FLAT SHOALS RD SE@HILLBURN DR SE,33.728712,-84.327234
3903,105118,105118,FLAT SHOALS AVE SE @ EAST SIDE AVE,33.733804,-84.339994
3904,105120,105120,FLAT SHOALS AVE SE @ VAN EPPS AVE SE,33.736749,-84.342005
3905,105122,105122,FLAT SHOALS AVE SE @ NEWTON AVE SE,33.737617,-84.342476
3906,105124,105124,BOULDERCREST DR SE @ PIPER CIR SE,33.72686,-84.33315
3907,105126,105126,BOULDERCREST DR SE @ STALLINGS AVE SE,33.727843,-84.333635
3908,105130,105130,BOULDERCREST DR SE @ FLAT SHOALS RD SE,33.730708,-84.336396
3909,105152,105152,FLAT SHOALS AVE SE @ NEWTON AVE SE,33.738065,-84.342842
3910,105158,105158,FLAT SHOALS AVE SE @ CAVANAUGH AVE SE,33.731236,-84.337211
3911,105160,105160,BOULDERCREST DR SE @ FLAT SHOALS RD SE,33.72995,-84.335724
3912,105161,105161,BOULDERCREST DR SE @ WINFIELD AVE SE,33.72902,-84.33418
3913,105162,105162,BOULDERCREST DR SE @ BLACK OAK DR SE,33.72911,-84.3345
3914,105164,105164,BOULDERCREST DR SE @ STALLINGS AVE SE,33.727795,-84.333918
3915,105166,105166,BOULDERCREST DR SE @ WILLOW PL SE,33.72709,-84.33357
3916,105172,105172,HOSEA L WILLIAMS DR @ LAKEVIEW DR NE,33.751125,-84.314222
3917,105174,105174,HOSEA L WILLIAMS DR NE @ ROCKYFORD RD NE,33.751144,-84.316101
3918,105176,105176,HOSEA L WILLIAMS DR NE @ BATES AVE NE,33.751144,-84.31739
3919,105178,105178,HOSEA L WILLIAMS DR NE @ BRANHAM ST NE,33.751161,-84.318723
3920,105180,105180,HOSEA L WILLIAMS DR NE @ NORWOOD AVE NE,33.751171,-84.320145
3921,105182,105182,HOSEA L WILLIAMS DR @ KIRKWOOD RD,33.751175,-84.321533
3922,105184,105184,HOSEA L WILLIAMS DR @ DOYLE ST SE,33.75272,-84.324722
3923,105186,105186,HOSEA L WILLIAMS DR @ WARREN ST NE,33.753239,-84.325806
3924,105188,105188,HOSEA L WILLIAMS DR @ ROGERS ST NE,33.75339,-84.329028
3925,105190,105190,HOSEA L WILLIAMS DR NE @ CLAY ST NE,33.75339,-84.330333
3926,105192,105192,HOSEA L WILLIAMS DR @ CLIFTON ST NE,33.753399,-84.331616
3927,105194,105194,HOSEA L WILLIAMS DR @ WYMAN ST NE,33.753408,-84.333007
3928,105196,105196,HOSEA L WILLIAMS DR @ WOODBINE AVE,33.753417,-84.334573
3929,105198,105198,HOSEA L WILLIAMS DR @ ANNISTON AVE SE,33.753443,-84.337573
3930,105200,105200,HOSEA L WILLIAMS DR SE @ MAYSON AVE,33.753443,-84.338497
3931,105202,105202,MAYSON AVE NE@HARDEE ST NE,33.755368,-84.338595
3932,105203,105203,MAYSON AVE NE@HARDEE ST NE,33.755439,-84.338748
3933,105208,105208,HOSEA L WILLIAMS DR @ HOWARD ST NE,33.751984,-84.323425
3934,105210,105210,MEMORIAL DR SE@TRENTON ST SE,33.747552,-84.345855
3935,105212,105212,MEMORIAL DR SE@HAAS AVE SE,33.747535,-84.344388
3936,105214,105214,MEMORIAL DR SE@PATTERSON AVE SE,33.747535,-84.343247
3937,105216,105216,MEMORIAL DR SE@MEMORIAL TER SE,33.747535,-84.342344
3938,105218,105218,MEMORIAL DR SE@DOUGLAS ST SE,33.747313,-84.319886
3939,105220,105220,MEMORIAL DR SE@2154,33.747295,-84.317255
3940,105222,105222,MEMORIAL DR SE @ WATSON CIR,33.747294,-84.315429
3941,105226,105226,MEMORIAL DR SE @ DIXIE ST SE,33.747464,-84.335137
3942,105228,105228,MEMORIAL DR SE @ WILKINSON DR SE,33.747447,-84.328539
3943,105232,105232,MEMORIAL DR SE @ CLIFTON ST SE,33.747524,-84.331581
3944,105234,105234,MEMORIAL DR SE @ WYMAN ST SE,33.747627,-84.332749
3945,105236,105236,MEMORIAL DR SE @ DIXIE ST SE,33.747545,-84.3358
3946,105238,105238,MEMORIAL DR SE@1560,33.747635,-84.337524
3947,105240,105240,MEMORIAL DR SE@LAMON AVE SE,33.747555,-84.338493
3948,105242,105242,MEMORIAL DR SE@EASTSIDE AVE SE,33.747654,-84.339737
3949,105246,105246,MEMORIAL DR SE@PATTERSON AVE SE,33.747643,-84.343185
3950,105248,105248,MEMORIAL DR SE@HAAS AVE SE,33.747612,-84.344353
3951,105250,105250,MEMORIAL DR SE@DAHLGREEN ST SE,33.747612,-84.345329
3952,105251,105251,GLENWOOD AVE SE@TERRY MILL RD SE,33.739668,-84.322115
3953,105252,105252,GLENWOOD AVE SE@LOMITA RD,33.73991,-84.320637
3954,105254,105254,GLENWOOD AVE SE@LOMITA RD SE,33.740017,-84.320694
3955,105260,105260,GLENWOOD AVE SE @ EVA DAVIS WAY,33.740002,-84.314038
3956,105264,105264,GLENWOOD AVE SE @ EVA DAVIS WAY,33.740196,-84.313865
3957,105302,105302,LA FRANCE ST @ WHITEFOORD AVE,33.760443,-84.342532
3958,105339,105339,MEMORIAL DR SE @ S HOWARD ST,33.747402,-84.32356
3959,105349,105349,GLENWOOD AVE SE @ HOWARD ST SE,33.739838,-84.326354
3960,105370,105370,MAYSON AVE @ HOSEA L WILLIAMS DR,33.753551,-84.338649
3961,105372,105372,HOSEA L WILLIAMS DR @ ANNISTON AVE SE,33.753372,-84.337649
3962,105374,105374,HOSEA L WILLIAMS DR @ WOODBINE AVE SE,33.753345,-84.334692
3963,105376,105376,HOSEA L WILLIAMS DR @ WYMAN ST SE,33.753345,-84.33317
3964,105378,105378,HOSEA L WILLIAMS DR @ CLIFTON ST NE,33.753328,-84.331583
3965,105380,105380,HOSEA L WILLIAMS DR @ CLAY ST NE,33.753328,-84.33042
3966,105382,105382,HOSEA L WILLIAMS DR @ ROGERS ST SE,33.753319,-84.329268
3967,105383,105383,HOSEA L WILLIAMS DR SE @ WARREN ST SE,33.753301,-84.326561
3968,105384,105384,HOSEA L WILLIAMS DR @ DOYLE ST SE,33.752415,-84.324343
3969,105386,105386,HOSEA L WILLIAMS DR @ HOWARD ST SE,33.751466,-84.322854
3970,105390,105390,HOSEA L WILLIAMS DR NE @ NORWOOD AVE NE,33.75109,-84.320669
3971,105392,105392,HOSEA L WILLIAMS DR NE @ BATES AVE SE,33.751072,-84.317701
3972,105396,105396,HOSEA L WILLIAMS DR NE @ LAKEVIEW DR SE,33.751036,-84.31432
3973,105410,105410,MEMORIAL DR SE@1422,33.747517,-84.341214
3974,105412,105412,MEMORIAL DR SE@EASTSIDE AVE SE,33.747518,-84.339703
3975,105414,105414,MEMORIAL DR SE@LAMON AVE SE,33.747509,-84.338616
3976,105416,105416,MEMORIAL DR SE@1599,33.747491,-84.33755
3977,105422,105422,MEMORIAL DR SE@CLIFTON ST SE,33.747429,-84.33193
3978,105426,105426,MEMORIAL DR SE@WILKINSON DR SE,33.747253,-84.328728
3979,105428,105428,MEMORIAL DR SE @ WARREN ST SE,33.747366,-84.326321
3980,105430,105430,MEMORIAL DR SE@ELEANOR ST,33.74734,-84.324859
3981,105432,105432,FLAT SHOALS AVE SE @ MAY AVE SE,33.739058,-84.343918
3982,105448,105448,MEMORIAL DR SE @ WARREN ST SE,33.747429,-84.326234
3983,105452,105452,MEMORIAL DR @ PALATKA ST SE,33.747494,-84.321144
3984,105455,105455,MEMORIAL DR SE @ DOUGLAS ST SE,33.747366,-84.319451
3985,105456,105456,MEMORIAL DR SE @ 2154,33.747366,-84.317201
3986,105462,105462,GLENWOOD AVE SE@PATTERSON AVE SE,33.740079,-84.343658
3987,105464,105464,GLENWOOD AVE@PATTERSON AVE,33.740159,-84.343114
3988,105466,105466,GLENWOOD AVE SE@EASTSIDE AVE SE,33.739954,-84.340209
3989,105468,105468,GLENWOOD AVE SE@EASTSIDE AVE SE,33.74014,-84.33985
3990,105470,105470,GLENWOOD AVE@BLAKE AVE SE,33.740008,-84.338191
3991,105471,105471,GLENWOOD AVE@MCWILLIAMS AVE,33.739938,-84.336171
3992,105472,105472,GLENWOOD AVE@BLAKE AVE,33.740079,-84.338288
3993,105474,105474,GLENWOOD AVE SE@FLAT SHOALS AVE SE,33.740105,-84.345593
3994,105476,105476,FLAT SHOALS AVE @ GLENWOOD AVE,33.739864,-84.345011
3995,105478,105478,GLENWOOD AVE SE@FLAT SHOALS AVE SE,33.740168,-84.34531
3996,105512,105512,GLENWOOD AVE@MCWILLIAMS AVE,33.740062,-84.336017
3997,105517,105517,EVA DAVIS WAY @ LAKESIDE VILLAGE DR SE,33.743794,-84.314723
3998,105523,105523,EVA DAVIS WAY @ HILLSIDE VILLAGE DR,33.741028,-84.314363
3999,105572,105572,MEMORIAL DR @ E LAKE TER,33.74749,-84.313846
4000,105574,105574,GLENWOOD AVE SE @ BERNICE ST SE,33.740259,-84.317984
4001,105578,105578,EVA DAVIS WAY @ MEMORIAL DR SE,33.746447,-84.314677
4002,106002,106002,MCAFEE RD @ MARION CIR,33.731761,-84.293775
4003,106004,106004,MCAFEE RD @ STANTON ST,33.73183,-84.292727
4004,106006,106006,MCAFEE RD @ HOOPER ST,33.731741,-84.291467
4005,106008,106008,MCAFEE RD @ NORMAL ST,33.731731,-84.290326
4006,106012,106012,MCAFEE RD @ WINDYHILL RD,33.73168,-84.28543
4007,106014,106014,MCAFEE RD @ CANDLER RD,33.731685,-84.28347
4008,106016,106016,MCAFEE RD @ WILLA DR,33.731623,-84.280553
4009,106018,106018,MCAFEE RD @ DON JUAN LN,33.731706,-84.279162
4010,106020,106020,MCAFEE RD @ WILLA WAY,33.731719,-84.277023
4011,106022,106022,MCAFEE RD @ DANIEL AVE,33.73226,-84.299204
4012,106024,106024,MCAFEE RD @ PARKER AVE,33.732281,-84.300411
4013,106026,106026,MCAFEE RD @ MCAFEE PL,33.73222,-84.30187
4014,106028,106028,MCAFEE RD @ STARMOUNT,33.732159,-84.303864
4015,106030,106030,MCAFEE RD @ DELPHINE DR,33.73213,-84.305758
4016,106032,106032,MCAFEE RD @ 2ND AVE,33.732283,-84.309289
4017,106036,106036,MCAFEE RD @ WILLA WAY,33.73193,-84.27696
4018,106038,106038,MCAFEE RD @ DON JUAN LN,33.73198,-84.27888
4019,106040,106040,MCAFEE RD@WILLA DR,33.73201,-84.28008
4020,106042,106042,MCAFEE RD @ CANDLER RD,33.731882,-84.283142
4021,106048,106048,MCAFEE RD @ NORMAL ST,33.73209,-84.28991
4022,106050,106050,MCAFEE RD @ HOOPER ST,33.732145,-84.291051
4023,106052,106052,MCAFEE RD @ STANTON ST,33.73219,-84.29237
4024,106054,106054,MCAFEE RD @ MARION CIR,33.73202,-84.293836
4025,106056,106056,MCAFEE RD @ W LAKESIDE DR,33.73202,-84.296216
4026,106058,106058,MCAFEE RD @ QUILLIAN AVE,33.732244,-84.298234
4027,106064,106064,MCAFEE RD @ 2ND AVE,33.731966,-84.309174
4028,106066,106066,MCAFEE RD @ DELPHINE WAY,33.731895,-84.305046
4029,106068,106068,MCAFEE RD @ GARDEN CIR,33.731964,-84.303442
4030,106070,106070,MCAFEE RD @ MCAFEE PL,33.732022,-84.302226
4031,106072,106072,MCAFEE RD @ PARKER AVE,33.731905,-84.300515
4032,106074,106074,MCAFEE RD @ DANIEL AVE,33.73185,-84.29961
4033,106076,106076,MCAFEE RD @ QUILLIAN AVE,33.731858,-84.298169
4034,106078,106078,MCAFEE RD @ KEHELEY DR,33.731803,-84.296169
4035,106082,106082,CANDLER RD@TUPELO ST SE,33.748785,-84.292383
4036,106084,106084,CANDLER RD @ MEMORIAL DR SE,33.747263,-84.292145
4037,106086,106086,CANDLER RD@ALSTON DR SE,33.744775,-84.291048
4038,106088,106088,CANDLER RD@WHITE OAK DR,33.743214,-84.290451
4039,106090,106090,CANDLER RD@DAWES AVE,33.742168,-84.289925
4040,106092,106092,CANDLER RD @ SALMON AVE SE,33.740809,-84.289137
4041,106094,106094,CANDLER RD @ GLENWOOD RD,33.739045,-84.288318
4042,106096,106096,CANDLER RD @ HILLSIDE AVE,33.737281,-84.287323
4043,106098,106098,CANDLER RD @ NORTHVIEW AVE,33.735025,-84.285879
4044,106100,106100,CANDLER RD @ MELLVILLE AVE,33.73319,-84.284478
4045,106102,106102,CANDLER RD @ MCAFEE RD,33.731891,-84.283359
4046,106104,106104,CANDLER RD @ TILSON RD,33.729867,-84.281719
4047,106106,106106,CANDLER RD @ RALEIGH RUCKER WAY,33.727405,-84.279992
4048,106108,106108,CANDLER RD @ TILSON RD,33.729975,-84.28161
4049,106110,106110,CANDLER RD@MCAFEE RD,33.732321,-84.283587
4050,106112,106112,CANDLER RD@MELLVILLE AVE,33.733655,-84.284695
4051,106114,106114,CANDLER RD @ NORTHVIEW AVE,33.734604,-84.285455
4052,106116,106116,CANDLER RD@HILLSIDE AVE,33.736988,-84.286934
4053,106118,106118,CANDLER RD @ GLENWOOD RD,33.739457,-84.2883
4054,106120,106120,CANDLER RD@EASTWOOD DR,33.740746,-84.288995
4055,106122,106122,CANDLER RD@AMELIA AVE,33.741758,-84.289473
4056,106124,106124,CANDLER RD@WHITE OAK DR,33.742948,-84.290027
4057,106126,106126,CANDLER RD@ALSTON DR,33.74464,-84.290885
4058,106128,106128,CANDLER RD @ 240,33.745876,-84.291403
4059,106130,106130,CANDLER RD @ TUPELO ST,33.748078,-84.292166
4060,106132,106132,CANDLER RD @ CHEVELLE LN NE,33.751533,-84.292219
4061,106134,106134,CANDLER RD @ CANDLER PKY,33.72856,-84.280709
4062,106136,106136,CANDLER RD @ OAKLAND TER,33.727925,-84.280155
4063,106148,106148,HOSEA L WILLIAMS DR @ 1ST AVE,33.751098,-84.3112
4064,106150,106150,MEMORIAL DR SE @ 2ND AVE SE,33.747231,-84.30894
4065,106154,106154,MEMORIAL DR SE@COTTAGE GROVE AVE SE,33.746964,-84.306557
4066,106156,106156,MEMORIAL DR SE@CARTER AVE SE,33.746979,-84.305481
4067,106158,106158,MEMORIAL DR SE@GREEN AVE SE,33.747149,-84.301461
4068,106160,106160,MEMORIAL DR SE@DANIEL AVE SE,33.747131,-84.299276
4069,106162,106162,MEMORIAL DR SE@DANIEL AVE SE,33.747104,-84.298385
4070,106164,106164,MEMORIAL DR SE@SPENCE AVE SE,33.747076,-84.296265
4071,106166,106166,MEMORIAL DR SE@OAKRIDGE AVE SE,33.74695,-84.294323
4072,106168,106168,MEMORIAL DR SE @ CANDLER RD SE,33.747039,-84.291395
4073,106170,106170,MEMORIAL DR@RICHARD ALLEN DR,33.74703,-84.289123
4074,106172,106172,MEMORIAL DR@VENICE DR,33.747136,-84.28609
4075,106174,106174,MEMORIAL DR@DELANO DR,33.74747,-84.283107
4076,106176,106176,MEMORIAL DR@LINE ST,33.748163,-84.280274
4077,106178,106178,GLENWOOD AVE SE @ 2ND AVE SE,33.740008,-84.309756
4078,106180,106180,GLENWOOD AVE SE@2ND AVE SE,33.74007,-84.309637
4079,106182,106182,GLENWOOD AVE SE@SUMMIT DR,33.739998,-84.306495
4080,106184,106184,GLENWOOD AVE SE@SUMMIT DR,33.739906,-84.306665
4081,106186,106186,GLENWOOD AVE SE@CARTER AVE SE,33.73989,-84.304919
4082,106188,106188,GLENWOOD AVE SE@CARTER AVE SE,33.740093,-84.305435
4083,106190,106190,GLENWOOD AVE SE@PARKER AVE,33.739791,-84.300463
4084,106192,106192,GLENWOOD AVE SE@DANIEL AVE,33.739755,-84.299517
4085,106194,106194,GLENWOOD AVE SE@DANIEL AVE,33.739902,-84.299225
4086,106196,106196,GLENWOOD AVE SE @ QUILLIAN AVE,33.73971,-84.29717
4087,106198,106198,GLENWOOD AVE SE@QUILLIAN AVE,33.739845,-84.297623
4088,106200,106200,GLENWOOD AVE SE@ALLENDALE DR SE,33.739289,-84.294985
4089,106202,106202,GLENWOOD AVE SE@ALLENDALE DR SE,33.739426,-84.295128
4090,106204,106204,GLENWOOD AVE SE@ASHBURTON AVE,33.739011,-84.293877
4091,106206,106206,GLENWOOD AVE SE@ASHBURTON AVE,33.739073,-84.293811
4092,106208,106208,GLENWOOD AVE SE@HOOPER ST SE,33.738929,-84.291083
4093,106210,106210,GLENWOOD AVE SE @ HOOPER ST SE,33.738853,-84.291556
4094,106212,106212,GLENWOOD RD@MORGAN PL SE,33.738875,-84.289475
4095,106216,106216,GLENWOOD RD @ MORGAN PL SE,33.738729,-84.288792
4096,106218,106218,GLENWOOD RD @ CANDLER RD,33.738666,-84.287145
4097,106222,106222,GLENWOOD RD @ OLD HICKORY ST,33.738573,-84.283673
4098,106226,106226,GLENWOOD RD @ LINE ST,33.738463,-84.280025
4099,106228,106228,GLENWOOD RD @ THOMAS ST,33.738525,-84.277359
4100,106230,106230,GLENWOOD RD @ LINE ST,33.738622,-84.280731
4101,106234,106234,GLENWOOD RD @ OLD HICKORY ST,33.738699,-84.283234
4102,106238,106238,GLENWOOD RD @ CANDLER RD,33.738859,-84.287846
4103,106240,106240,E LAKE DR @ W PHARR RD,33.754845,-84.301489
4104,106242,106242,E LAKE DR NE@KNOX ST NE,33.75264,-84.301842
4105,106244,106244,E LAKE DR SE@HOSEA L WILLIAMS DR,33.751365,-84.301481
4106,106246,106246,HOSEA L WILLIAMS DR @ DANIEL AVE SE,33.751302,-84.298579
4107,106248,106248,HOSEA L WILLIAMS DR @ SPENCE AVE SE,33.751382,-84.296155
4108,106252,106252,HOSEA L WILLIAMS DR @ CANDLER RD,33.751533,-84.292339
4109,106268,106268,FAIRLEE DR@MELANIE CT,33.747026,-84.277763
4110,106270,106270,LINE ST @ LINE CIR,33.745533,-84.280052
4111,106272,106272,WHITE OAK DR @ LINE ST,33.742936,-84.279625
4112,106274,106274,WHITE OAK DR @ THOMAS ST,33.743061,-84.277115
4113,106278,106278,HOSEA L WILLIAMS DR @ SPENCE AVE,33.751534,-84.296013
4114,106280,106280,HOSEA L WILLIAMS DR @ DANIEL AVE,33.751454,-84.298427
4115,106282,106282,HOSEA L WILLIAMS DR @  E LAKE DR,33.751377,-84.301259
4116,106284,106284,E LAKE DR@KNOX ST,33.752258,-84.301216
4117,106286,106286,E LAKE DR @ W PHARR RD,33.754598,-84.301384
4118,106292,106292,2ND AVE @ NORTHERN ST,33.752022,-84.309883
4119,106294,106294,2ND AVE @ HOSEA L WILLIAMS DR,33.750785,-84.309798
4120,106296,106296,2ND AVE SE @ COTTAGE GROVE AVE,33.749478,-84.309809
4121,106298,106298,2ND AVE SE @ MEMORIAL DR SE,33.747347,-84.309787
4122,106308,106308,2ND AVE @ SWAZEY DR,33.738987,-84.309853
4123,106310,106310,2ND AVE @ 1900,33.736534,-84.309692
4124,106312,106312,2ND AVE @ KHALIL DR,33.734315,-84.309812
4125,106316,106316,2ND AVE @ LILAC LN,33.731531,-84.309649
4126,106324,106324,TILSON RD @ CANDLER RD,33.72951,-84.281828
4127,106326,106326,TILSON RD @ CANDLER RD,33.729492,-84.281513
4128,106330,106330,TILSON RD @ WINDYHILL RD,33.729144,-84.285817
4129,106334,106334,TILSON RD @ 2580,33.727624,-84.290393
4130,106342,106342,2ND AVE @ CAMELLIA DR,33.728568,-84.308802
4131,106346,106346,2ND AVE @ MCAFEE RD,33.731987,-84.309595
4132,106350,106350,2ND AVE @ COGAR DR,33.734383,-84.309448
4133,106352,106352,2ND AVE @ 1900,33.736485,-84.309433
4134,106354,106354,2ND AVE @ SWAZEY DR,33.738924,-84.30968
4135,106362,106362,2ND AVE SE @ ALSTON DR SE,33.745029,-84.309525
4136,106366,106366,2ND AVE SE @ 90,33.749272,-84.309689
4137,106370,106370,2ND AVE @ NORTHERN ST,33.752098,-84.309547
4138,106380,106380,HOSEA L WILLIAMS DR NE @ 1ST AVE SE,33.751009,-84.311298
4139,106390,106390,CANDLER ST@CANDLER DR,33.755059,-84.291718
4140,106392,106392,S CANDLER ST @ OVERLOOK BLUFF,33.756223,-84.291402
4141,106394,106394,CANDLER ST @ E PHARR RD,33.753878,-84.291914
4142,106396,106396,S CANDLER ST @ CANDLER DR,33.754496,-84.291707
4143,106398,106398,S CANDLER ST @ E PHARR RD,33.753296,-84.291936
4144,106400,106400,CANDLER RD @ HOSEA L WILLIAMS DR,33.751678,-84.292442
4145,106402,106402,2ND AVE @ GORDON ST,33.753856999999996,-84.309601
4146,106404,106404,2ND AVE @ 351,33.754852,-84.310555
4147,106406,106406,2ND AVE @ OAKVIEW RD,33.754223,-84.310173
4148,106412,106412,MEMORIAL DR@CARTER AVE,33.747239,-84.30507
4149,106414,106414,MEMORIAL DR@LAKE DR SE,33.747158,-84.302678
4150,106416,106416,MEMORIAL DR@LAKE DR SE,33.747221,-84.302624
4151,106420,106420,MEMORIAL DR SE@DANIEL AVE,33.74736,-84.2995
4152,106422,106422,MEMORIAL DR SE@DANIEL AVE,33.747318,-84.298141
4153,106424,106424,MEMORIAL DR SE@SPENCE AVE,33.747322,-84.295959
4154,106426,106426,MEMORIAL DR SE@OAKRIDGE AVE SE,33.747284,-84.293877
4155,106428,106428,MEMORIAL DR SE @ 1ST AVE,33.747339,-84.311157
4156,106430,106430,MEMORIAL DR SE @ 1ST AVE,33.747278,-84.311029
4157,106432,106432,MEMORIAL DR SE@SECOND AVE,33.747312,-84.30969
4158,106433,106433,MEMORIAL DR SE @ CANDLER RD SE,33.747111,-84.291634
4159,106434,106434,MEMORIAL DR SE@ELLINGTON ST,33.747246,-84.289169
4160,106438,106438,MEMORIAL DR SE@DELANO DR,33.747502,-84.283644
4161,106440,106440,MEMORIAL DR SE @ WOODFERN DR,33.7482,-84.280771
4162,106444,106444,GLENWOOD AVE SE@PARKER AVE,33.739902,-84.300262
4163,106446,106446,MCAFEE RD@WINDYHILL RD,33.732083,-84.285337
4164,106452,106452,FAIRLEE DR@CONWAY RD,33.747036,-84.279156
4165,106464,106464,2ND AVE @ CAMELLIA DR,33.728789,-84.309067
4166,106466,106466,TILSON RD @ WINDYHILL RD,33.729037,-84.285643
4167,106468,106468,TILSON RD @ 2580,33.727722,-84.290186
4168,106474,106474,2ND AVE @ DANCING FOX RD,33.73794,-84.309724
4169,106476,106476,2ND AVE @ DANCING FOX RD,33.73794,-84.309637
4170,106478,106478,GLENWOOD AVE @ FAYETTEVILLE RD,33.739926,-84.311403
4171,107012,107012,SHAMROCK DR @ SANDUSKY DR,33.730348,-84.257353
4172,107014,107014,MCAFEE RD @ DELLWOOD PL,33.731558,-84.275036
4173,107016,107016,MCAFEE RD @ HOLLY HILL DR,33.73156,-84.273773
4174,107018,107018,MCAFEE RD @ SEAVEY DR,33.731502,-84.272592
4175,107022,107022,GLENDALE DR @ 2106,33.72848,-84.26318
4176,107026,107026,MCAFEE RD @ LAUREL LN,33.731487,-84.260742
4177,107028,107028,MCAFEE RD @ BANDERA DR,33.73138,-84.25925
4178,107044,107044,MCAFEE RD @ LONG DR,33.73175,-84.272079
4179,107046,107046,MCAFEE RD @ DELLWOOD PL,33.73193,-84.27469
4180,107048,107048,MCAFEE RD @ HOLLY HILL DR,33.731781,-84.273499
4181,107050,107050,MEMORIAL DR@CARTER RD,33.74974,-84.276257
4182,107052,107052,MEMORIAL DR@RUPERT RD,33.750515,-84.274761
4183,107054,107054,PEACHCREST RD @ GLENN RD,33.755237,-84.250775
4184,107056,107056,PEACHCREST RD @ GLENN RD,33.755192,-84.250631
4185,107058,107058,PEACHCREST RD @ ORCHARD CIR,33.753357,-84.24994
4186,107060,107060,PEACHCREST RD @ MARYVALE DR,33.752136,-84.249557
4187,107062,107062,PEACHCREST RD @ MARYVALE DR,33.751777,-84.249664
4188,107064,107064,PEACHCREST RD @ MAPLEHURST DR,33.750789,-84.249617
4189,107066,107066,PEACHCREST RD @ MAPLEHURST DR,33.750689,-84.24953
4190,107068,107068,PEACHCREST RD @ JACKSON DR,33.749608,-84.250114
4191,107070,107070,PEACHCREST RD @ JACKSON DR,33.749455,-84.250107
4192,107072,107072,PEACHCREST RD @ PINEHILL DR,33.748479,-84.250945
4193,107074,107074,PEACHCREST RD @ PINEHILL DR,33.748207,-84.2509
4194,107076,107076,PEACHCREST RD @ LONGLEAF DR,33.747323,-84.251742
4195,107078,107078,PEACHCREST RD @ WILD FLOWER CV,33.746154,-84.252348
4196,107080,107080,PEACHCREST RD @ WILD FLOWER CV,33.74573,-84.25242
4197,107082,107082,PEACHCREST RD @ COLUMBIA TRCE,33.744122,-84.253112
4198,107084,107084,PEACHCREST RD @ PHILLIP CIR,33.743005,-84.253142
4199,107086,107086,PEACHCREST RD @ MISTY VALLEY RD,33.741882,-84.253098
4200,107088,107088,PEACHCREST RD @ PHILLIP CIR,33.7431,-84.253242
4201,107090,107090,COLUMBIA DR @ PEACHCREST RD,33.740644,-84.253165
4202,107091,107091,COLUMBIA DR@PEACHCREST RD,33.741245,-84.253576
4203,107092,107092,COLUMBIA DR @ 1757,33.73935,-84.252784
4204,107094,107094,COLUMBIA DR @ GLENWOOD RD,33.738763,-84.25229
4205,107096,107096,COLUMBIA DR @ GLENWOOD RD,33.737759,-84.251905
4206,107098,107098,COLUMBIA DR @ GLENWOOD RD,33.736987,-84.252054
4207,107100,107100,COLUMBIA DR @ SPRING LAKE DR,33.73506,-84.252141
4208,107101,107101,COLUMBIA DR @ ELGIN DR,33.736199,-84.25184
4209,107102,107102,COLUMBIA DR @ SPRING LAKE DR,33.734586,-84.251981
4210,107104,107104,COLUMBIA DR @ SNAPFINGER RD,33.73299,-84.25197
4211,107106,107106,COLUMBIA DR @ WICKHAM DR,33.731838,-84.251984
4212,107108,107108,COLUMBIA DR@HOMERA PL,33.73093,-84.25201
4213,107110,107110,COLUMBIA DR@HYLAND DR,33.729897,-84.252029
4214,107112,107112,COLUMBIA DR@IRISH LN,33.728802,-84.251961
4215,107114,107114,COLUMBIA DR@IRISH LN,33.727501,-84.252022
4216,107116,107116,COLUMBIA DR@IRISH LN,33.727123,-84.251495
4217,107118,107118,GLENWOOD RD @ THOMAS ST,33.738363,-84.276521
4218,107120,107120,GLENWOOD RD @ WELIKA DR,33.738301,-84.274367
4219,107122,107122,GLENWOOD RD @ MEADOW LN,33.738214,-84.270291
4220,107124,107124,GLENWOOD RD @ HILLSDALE DR,33.738131,-84.267423
4221,107128,107128,GLENWOOD RD @ GLENDALE DR,33.738052,-84.263634
4222,107132,107132,GLENWOOD RD @ SHAMROCK DR,33.73795,-84.25864
4223,107134,107134,GLENWOOD RD@GLENVALE PL,33.738001,-84.256759
4224,107136,107136,GLENWOOD RD@COLUMBIA PL,33.737974,-84.255444
4225,107138,107138,GLENWOOD RD @ S COLUMBIA PL,33.737955,-84.254542
4226,107140,107140,GLENWOOD RD @ COLUMBIA DR,33.737861,-84.252192
4227,107142,107142,GLENWOOD RD @ 4115,33.737876,-84.24996
4228,107144,107144,GLENWOOD RD @ CINDY DR,33.737752,-84.245097
4229,107146,107146,GLENWOOD RD @ GLENMAR DR,33.73768,-84.244053
4230,107150,107150,GLENWOOD RD @ MISTY VALLEY RD,33.737878,-84.246042
4231,107155,107155,GLENWOOD RD @ 4100,33.737907,-84.249162
4232,107156,107156,GLENWOOD RD @ COLUMBIA DR,33.737962,-84.251748
4233,107158,107158,GLENWOOD RD @ S COLUMBIA PL,33.738057,-84.254407
4234,107160,107160,GLENWOOD RD @ GLENVALE PL,33.738103,-84.256977
4235,107162,107162,GLENWOOD RD @ DERRILL DR,33.738125,-84.258912
4236,107164,107164,GLENWOOD RD @ PARKHILL DR,33.738151,-84.261297
4237,107166,107166,GLENWOOD RD @ GLENDALE DR,33.738148,-84.263324
4238,107170,107170,GLENWOOD RD @ SANTA CRUZ DR,33.738262,-84.267272
4239,107172,107172,GLENWOOD RD @ MEADOW LN,33.738329,-84.270184
4240,107174,107174,GLENWOOD RD @ WELIKA DR,33.73842,-84.273706
4241,107212,107212,FAIRLEE DR@CARTER RD,33.746998,-84.276187
4242,107227,107227,BELVEDERE LN @ RUPERT RD,33.750282,-84.273533
4243,107228,107228,SAN GABRIEL AVE @ SAN JUAN DR,33.745294,-84.268514
4244,107230,107230,S COLUMBIA DR @ MIDWAY RD,33.755474,-84.26947
4245,107232,107232,COLUMBIA DR @ MEMORIAL DR,33.754918,-84.2681
4246,107234,107234,COLUMBIA DR @ MEMORIAL DR,33.754844,-84.267659
4247,107236,107236,COLUMBIA DR @ COLUMBIA VILLAGE CTR,33.753674,-84.266411
4248,107238,107238,COLUMBIA DR @ HAMILTON RD,33.752003,-84.265274
4249,107240,107240,COLUMBIA DR@ROBIN RD,33.749845,-84.263746
4250,107246,107246,COLUMBIA DR@CANARY CT,33.748276,-84.262288
4251,107248,107248,COLUMBIA DR @ BOBOLINK DR,33.747269,-84.261893
4252,107250,107250,COLUMBIA DR@SANTA MONICA DR,33.744949,-84.260264
4253,107254,107254,COLUMBIA DR@COLUMBIA CIR,33.743712,-84.257878
4254,107256,107256,COLUMBIA DR@MCKENZIE DR,33.743394,-84.257362
4255,107258,107258,COLUMBIA DR@COLUMBIA PL,33.742423,-84.255372
4256,107260,107260,COLUMBIA DR@PEACHCREST RD,33.74175,-84.253556
4257,107262,107262,SNAPFINGER RD @ COLUMBIA DR,33.733182,-84.251112
4258,107264,107264,SNAPFINGER RD @ HYLAND DR,33.733011,-84.249177
4259,107266,107266,SNAPFINGER RD @ LA MESA LN,33.732462,-84.246191
4260,107267,107267,SNAPFINGER RD @ GLENMAR DR,33.732027,-84.243938
4261,107270,107270,COLUMBIA DR @ COLUMBIA VILLAGE CTR,33.753697,-84.266636
4262,107272,107272,COLUMBIA DR@HAMILTON RD,33.751877,-84.265556
4263,107274,107274,COLUMBIA DR@BELVEDERE LN,33.750336,-84.264425
4264,107276,107276,COLUMBIA DR@CANARY CT,33.748561,-84.262963
4265,107278,107278,COLUMBIA DR@SANTA MONICA DR,33.744815,-84.260384
4266,107280,107280,COLUMBIA DR@DERRILL DR,33.743622,-84.25872
4267,107281,107281,COLUMBIA DR @ S COLUMBIA PL,33.741922,-84.255004
4268,107284,107284,SNAPFINGER RD @ COLUMBIA DR,33.733126,-84.251512
4269,107286,107286,SNAPFINGER RD @ HYLAND DR,33.732946,-84.24923
4270,107288,107288,SNAPFINGER RD @ WILLAMETTE WAY,33.732319,-84.245946
4271,107290,107290,SNAPFINGER RD @ GLENMAR DR,33.731987,-84.244266
4272,107294,107294,MEMORIAL DR & COLUMBIA DR,33.755371,-84.267212
4273,107296,107296,MEMORIAL DR @ 3480,33.753217,-84.270606
4274,107302,107302,CAPISTRANA PL @ WHITE OAK DR,33.742466,-84.269147
4275,107304,107304,MEMORIAL DR@CARTER RD,33.749923,-84.276418
4276,107306,107306,MEMORIAL DR@RUPERT RD,33.750649,-84.274663
4277,107308,107308,MEMORIAL DR @ BELVEDERE PLAZA,33.75259,-84.271368
4278,107314,107314,PEACHCREST RD @ LONGLEAF DR,33.7472,-84.251617
4279,107318,107318,COLUMBIA DR@MCKENZIE DR,33.742982,-84.257523
4280,107320,107320,COLUMBIA DR @ SNAPFINGER RD,33.733428,-84.25229
4281,107322,107322,COLUMBIA DR@HYLAND DR,33.730118,-84.252287
4282,107324,107324,MCAFEE RD @ SHAMROCK DR,33.731485,-84.257417
4283,107326,107326,MCAFEE RD @ ROSEWOOD RD,33.731399,-84.262407
4284,107328,107328,GLENWOOD RD @ FARRIS DR,33.737964,-84.261685
4285,107330,107330,COLUMBIA DR@LEELAND RD,33.751115,-84.264682
4286,107332,107332,COLUMBIA DR@BOBOLINK DR,33.747523,-84.26234
4287,107334,107334,PEACHCREST RD @ ORCHARD CIR,33.75393,-84.250222
4288,107336,107336,PEACHCREST RD @ MISTY VALLEY RD,33.741948,-84.253268
4289,107338,107338,COLUMBIA DR @ MCAFEE RD,33.731862,-84.252241
4290,107346,107346,MEMORIAL DR @ COLUMBIA DR,33.754236,-84.268627
4291,107348,107348,SNAPFINGER RD @ DR CRAWFORD LEWIS DR,33.732732,-84.24776
4292,107350,107350,SNAPFINGER RD @ DR CRAWFORD LEWIS DR,33.732745,-84.247276
4293,108002,108002,GLENWOOD RD @ HOLLYHOCK TER,33.737598,-84.241977
4294,108004,108004,GLENWOOD RD @ 4371,33.73735,-84.238861
4295,108006,108006,GLENWOOD RD @ HIGH COURT PL,33.73737,-84.236163
4296,108008,108008,GLENWOOD RD @ AUSTIN DR,33.737288,-84.234413
4297,108010,108010,GLENWOOD RD@GLEN ACRES CT,33.737149,-84.229359
4298,108012,108012,GLENWOOD RD @ GLENFAIR RD,33.737069,-84.229272
4299,108014,108014,GLENWOOD RD@ARTHURS CT,33.737041,-84.227794
4300,108016,108016,GLENWOOD RD@MEADOWGLADES DR,33.737112,-84.227946
4301,108018,108018,GLENWOOD RD@ATHERTON DR,33.736929,-84.224237
4302,108020,108020,GLENWOOD RD@ATHERTON DR,33.736997,-84.223919
4303,108022,108022,GLENWOOD RD@LINDSEY DR,33.736821,-84.222632
4304,108024,108024,GLENWOOD RD@LEE ST,33.736947,-84.222925
4305,108032,108032,GLENWOOD RD@SELWYN DR,33.73678,-84.218504
4306,108046,108046,GLENWOOD RD @ AUSTIN DR,33.73735,-84.234239
4307,108047,108047,GLENWOOD RD @ IRIS LN,33.737477,-84.236663
4308,108050,108050,GLENWOOD RD @ HOLLYHOCK TER,33.737678,-84.241923
4309,108052,108052,COVINGTON HWY@REDWING CIR,33.755928,-84.237669
4310,108064,108064,REDWING CIR@AUSTIN DR,33.750768,-84.233897
4311,108066,108066,REDWING CIR @ AGAPE WAY,33.750622,-84.23081
4312,108068,108068,REDWING CIR@AGAPE WAY,33.750694,-84.230854
4313,108070,108070,REDWING CIR @ COVINGTON HWY,33.75071,-84.229582
4314,108072,108072,REDWING CIR@COVINGTON HWY,33.75062,-84.228538
4315,108074,108074,COVINGTON HWY @ 4319,33.749544,-84.226594
4316,108076,108076,COVINGTON HWY@4360,33.749347,-84.226116
4317,108078,108078,COVINGTON HWY @ S INDIAN CREEK DR,33.747195,-84.222433
4318,108080,108080,COVINGTON HWY @ S INDIAN CREEK DR,33.747195,-84.222292
4319,108082,108082,COVINGTON HWY@4523,33.745994,-84.220369
4320,108084,108084,COVINGTON HWY@4537,33.745851,-84.220033
4321,108086,108086,COVINGTON HWY @ BELVEDERE SQ,33.744507,-84.219045
4322,108088,108088,COVINGTON HWY @ MERCER RD,33.744041,-84.218763
4323,108090,108090,COVINGTON HWY @ WELBRON DR,33.741517,-84.218256
4324,108092,108092,COVINGTON HWY@WELBRON DR,33.74098,-84.218246
4325,108094,108094,COVINGTON HWY @ GLENWOOD RD,33.737076,-84.217106
4326,108096,108096,COVINGTON HWY @ GLENWOOD RD,33.736703,-84.216555
4327,108098,108098,COVINGTON HWY@HANES DR,33.735203,-84.21508
4328,108100,108100,COVINGTON HWY @ WESLEY CHAPEL RD,33.73495,-84.214382
4329,108112,108112,SNAPFINGER RD @ CHESTNUT HILL CIR,33.73146,-84.241496
4330,108114,108114,SNAPFINGER RD@GLEN MORA DR,33.729611,-84.238671
4331,108116,108116,SNAPFINGER RD @ CHERRYBROOK DR,33.728578,-84.237278
4332,108118,108118,SNAPFINGER RD @ CHESTNUT HILL CIR (W),33.731415,-84.241641
4333,108120,108120,SNAPFINGER RD @ CHESTNUT HILL CIR (E),33.729323,-84.238426
4334,108122,108122,SNAPFINGER RD @ ROLLINGVIEW DR,33.728575,-84.237443
4335,108124,108124,WESLEY CHAPEL RD @ WESJAY LN,33.727243,-84.213939
4336,108126,108126,WESLEY CHAPEL RD @ JOHN WESLEY DR,33.729458,-84.213889
4337,108128,108128,WESLEY CHAPEL RD @ GREGORY RD,33.731383,-84.213806
4338,108130,108130,WESLEY CHAPEL RD @ COVINGTON HWY,33.733876,-84.213949
4339,108132,108132,WESLEY CHAPEL RD@LINDSEY DR,33.731819,-84.214081
4340,108134,108134,WESLEY CHAPEL RD@MAPLEWOOD DR,33.729454,-84.214088
4341,108136,108136,WESLEY CHAPEL RD@NEWGATE DR,33.727219,-84.214203
4342,108140,108140,GLENWOOD RD @ MORESI RD,33.737213,-84.232619
4343,108146,108146,COVINGTON HWY @ 4407,33.748204,-84.224241
4344,108148,108148,COVINGTON HWY@4414,33.748164,-84.224008
4345,108150,108150,COVINGTON HWY @ MARGARETTE DR,33.751247,-84.229396
4346,108157,108157,COVINGTON HWY @ MARGARETTE DR,33.751041,-84.229277
4347,108161,108161,COVINGTON HWY @ 4770,33.738222,-84.217521
4348,108164,108164,WESLEY CHAPEL RD @ BRENDA DR,33.732973,-84.213801
4349,108166,108166,COVINGTON HWY@LAMAR ST,33.739878,-84.217954
4350,108168,108168,GLENWOOD RD @ 4371,33.737632,-84.240021
4351,108170,108170,GLENWOOD RD@LEDO AVE,33.73691,-84.221708
4352,109004,109004,COVINGTON HWY @ LENOX AVE,33.732311,-84.19868
4353,109005,109005,S HAIRSTON RD @ MANLY CT,33.74513,-84.19593
4354,109007,109007,S HAIRSTON RD @ MANLY CT,33.745137,-84.196206
4355,109012,109012,COVINGTON HWY @ S HAIRSTON RD,33.730289,-84.193184
4356,109015,109015,COVINGTON HWY@HIDDEN CREEK DR,33.727574,-84.188063
4357,109016,109016,COVINGTON HWY @ HIDDEN CHASE,33.728367,-84.188797
4358,109018,109018,COVINGTON HWY @ YOUNG RD,33.727535,-84.185867
4359,109020,109020,S HAIRSTON RD @ TREEHILLS PKWY,33.752618,-84.196884
4360,109022,109022,S HAIRSTON RD @ COVINGTON HWY,33.732073,-84.193986
4361,109028,109028,S HAIRSTON RD @ BISHOP MING BLVD,33.73758,-84.194371
4362,109030,109030,S HAIRSTON RD @ WOODWAY DR,33.737607,-84.19411
4363,109032,109032,S HAIRSTON RD @ MERCER RD,33.753111,-84.197321
4364,906402,109034,S HAIRSTON RD @ 1365,33.754574,-84.197426
4365,109036,109036,S HAIRSTON RD @ COVINGTON HWY,33.731333,-84.19449
4366,109038,109038,S HAIRSTON RD @ BIG VALLEY RD,33.741003,-84.195957
4367,109040,109040,S HAIRSTON RD @ BIG VALLEY RD,33.74068,-84.195397
4368,109042,109042,S HAIRSTON RD @ BIRCH RIDGE TRL,33.74792,-84.196685
4369,109044,109044,S HAIRSTON RD @ BIRCH RIDGE TRL,33.74794,-84.197137
4370,109046,109046,COVINGTON HWY @ S HAIRSTON RD,33.731254,-84.193909
4371,109048,109048,COVINGTON HWY @ 5181,33.732685,-84.203704
4372,110002,110002,S STONE MOUNTAIN LITHONIA RD @ SHADOW ROCK DR,33.74622,-84.138809
4373,110004,110004,S STONE MOUNTAIN LITHONIA RD @ WELLBORN RD,33.746738,-84.140968
4374,110006,110006,REDAN RD @ DUREN FARMS DR,33.747307,-84.14546
4375,110008,110008,REDAN RD@YOUNG RD,33.749,-84.14908
4376,110010,110010,REDAN RD@BENTLEY WOODS LN,33.750845,-84.152681
4377,110012,110012,REDAN RD@BENTLEY WOODS TRL,33.751817,-84.154796
4378,110014,110014,REDAN RD@SORENSON DR,33.754765,-84.161644
4379,110016,110016,REDAN RD@REDAN CIR,33.754824,-84.162141
4380,110018,110018,REDAN RD @ BENTLEY WOODS TRL,33.75161,-84.154608
4381,110020,110020,REDAN RD@BENTLEY WOODS LANE,33.750773,-84.152907
4382,110022,110022,REDAN RD @ YOUNG RD,33.74862,-84.14877
4383,110024,110024,REDAN RD@DURAN FARMS DR,33.747461,-84.146307
4384,110026,110026,S STONE MOUNTAIN LITHONIA RD @ WELLBORN RD,33.746365,-84.140976
4385,110028,110028,S STONE MOUNTAIN LITHONIA RD @ SHADOW ROC,33.745785,-84.138863
4386,110030,110030,REDAN RD @ PANOLA RD,33.755939,-84.165552
4387,110032,110032,REDAN RD @ PANOLA RD,33.755692,-84.164459
4388,110034,110034,REDAN RD@REDAN CIR,33.75214,-84.155817
4389,110036,110036,REDAN RD@REDAN CIR,33.752553,-84.156464
4390,111002,111002,S STONE MOUNTAIN LITHONIA RD @ LITHONIA INDUSTRIAL BLVD,33.734798,-84.115028
4391,111004,111004,S STONE MOUNTAIN LITHONIA RD @ 2222,33.742556,-84.124851
4392,111008,111008,S STONE MOUNTAIN LITHONIA RD @ S DESHON RD,33.744949,-84.133041
4393,111010,111010,S STONE MOUNTAIN LITHONIA RD @ RICE RD,33.745065,-84.136932
4394,111012,111012,S STONE MOUNTAIN LITHONIA RD @ RICE RD,33.744774,-84.137138
4395,111015,111015,S STONE MOUNTAIN LITHONIA RD @ 2222,33.742036,-84.124059
4396,111017,111017,S STONE MOUNTAIN LITHONIA RD @ 2277,33.74107,-84.12258
4397,111020,111020,S STONE MOUNTAIN LITHONIA RD @ 2399,33.736045,-84.116627
4398,111022,111022,S STONE MOUNTAIN LITHONIA RD @ 2399,33.736365,-84.116209
4399,111030,111030,S STONE MOUNTAIN LITHONIA RD @ LITHONIA INDUSTRIAL BLVD,33.73502,-84.11556
4400,111032,111032,S STONE MOUNTAIN LITHONIA RD @ S DESHON RD,33.744682,-84.13213
4401,111034,111034,S STONE MOUNTAIN LITHONIA RD @ REDAN EAST,33.74435,-84.12955
4402,111036,111036,S STONE MOUNTAIN LITHONIA RD @ REDAN EAST,33.744402,-84.128603
4403,111038,111038,S STONE MOUNTAIN LITHONIA RD @ 2270,33.741267,-84.122427
4404,112174,112174,OAK ST SW @ JOSEPH E LOWERY BLVD,33.740652,-84.417712
4405,113004,113004,OGLETHORPE AVE SW@GORDON PL SW,33.735853,-84.419238
4406,113005,113005,OGLETHORPE AVE SW@PEEPLES ST SW,33.735852,-84.420325
4407,113006,113006,OGLETHORPE AVE SW@LAWTON ST SW,33.735836,-84.423225
4408,113008,113008,LAWTON ST SW@MATHEWS ST SW,33.734668,-84.4234
4409,113012,113012,LAWTON ST SW@DONNELLY AVE SW,33.73208,-84.424516
4410,113014,113014,DONNELLY AVE SW@OAKLAND DR SW,33.733018,-84.42681
4411,113016,113016,DONNELLY AVE SW @ BERNICE ST SW,33.736468,-84.432456
4412,113020,113020,DONNELLY AVE SW @ ALLEGHENY ST SW,33.73502,-84.430084
4413,113032,113032,DONNELLY AVE@BERNICE ST,33.736541,-84.432875
4414,113036,113036,DONNELLY AVE SW @ ALLEGHENY ST SW,33.734823,-84.429954
4415,113040,113040,DONNELLY AVE SW @ BEECHER ST SW,33.733259,-84.427354
4416,113044,113044,LAWTON ST SW@DONNELLY AVE SW,33.732205,-84.424288
4417,113048,113048,LAWTON ST SW@MATHEWS ST SW,33.734623,-84.423302
4418,113050,113050,LAWTON ST SW@OGLETHORPE AVE SW,33.735733,-84.423314
4419,113052,113052,OGLETHORPE AVE SW@PEEPLES ST SW,33.735771,-84.420543
4420,113053,113053,OGLETHORPE AVE SW@AZALIA ST SW,33.735746,-84.419201
4421,113054,113054,OGLETHORPE AVE SW@ JOSEPH E LOWERY BLVD,33.735791,-84.417804
4422,113064,113064,RALPH D ABERNATHY BLVD SW @ JOSEPH E LOWERY BLVD,33.738073,-84.418446
4423,113068,113068,RALPH DAVID ABERNATH BLVD@PEEPLES S,33.73811,-84.420235
4424,113072,113072,RALPH D ABERNATHY BLVD SW @ LAWTON ST SW,33.7384,-84.423296
4425,113076,113076,RALPH D ABERNATHY BLVD SW @ HOLDERNES ST,33.738594,-84.426826
4426,113078,113078,OGLETHORPE AVE SW@LAWTON ST SW,33.735711,-84.422216
4427,113080,113080,RALPH DAVID ABERNATH BLVD@ATWOOD S,33.738905,-84.429698
4428,113084,113084,RALPH D ABERNATHY BLVD @ LANGHORN ST,33.739109,-84.432259
4429,113086,113086,OGLETHORPE AVE @ JOSEPH E LOWERY BLVD,33.735917,-84.417404
4430,113092,113092,JOSEPH E LOWERY BLVD @ RALPH D ABERNATHY BLVD,33.737859,-84.417665
4431,113094,113094,JOSEPH E LOWERY BLVD @ 577,33.73929,-84.417629
4432,113096,113096,JOSEPH E LOWERY BLVD @ OAK ST SW,33.74017,-84.417656
4433,113098,113098,JOSEPH E LOWERY BLVD @ 577,33.739363,-84.417743
4434,113102,113102,RALPH D ABERNATHY BLVD SW @ HOPKINS ST SW,33.738886,-84.4311
4435,113104,113104,RALPH D ABERNATHY BLVD SW @ ATWOOD ST SW,33.738744,-84.429155
4436,113108,113108,RALPH D ABERNATHY BLVD @ QUEEN ST SW,33.738439,-84.425574
4437,113112,113112,RALPH DAVID ABERNATH BLVD@LAWTON S,33.738248,-84.423013
4438,113116,113116,RALPH DAVID ABERNATH BLVD@PEEPLES,33.738,-84.420632
4439,113120,113120,RALPH DAVID ABERNATH BLVD SW @ JOSEPH E LOWERY BLVD,33.737913,-84.418205
4440,113122,113122,RALPH DAVID ABERNATH BLVD SW@EVANS,33.738201,-84.415785
4441,113136,113136,LAWTON ST SW@RICHLAND RD SW,33.730568,-84.423405
4442,113138,113138,LAWTON ST SW@MONTREAT AVE SW,33.729646,-84.423383
4443,113140,113140,LAWTON ST SW@MERRILL AVE SW,33.728679,-84.423381
4444,113142,113142,MERRILL AVE SW@HALL ST SW,33.728714,-84.425438
4445,113144,113144,MERRILL AVE SW@OAKLAND DR SW,33.728752,-84.427017
4446,113148,113148,OAKLAND DR SW@MERRILL AVE SW,33.728551,-84.427152
4447,113150,113150,MERRILL AVE SW@HALL ST SW,33.728641,-84.425631
4448,113152,113152,MERRILL AVE SW@LAWTON ST SW,33.728608,-84.423381
4449,113154,113154,LAWTON ST SW@MONTREAT AVE SW,33.729511,-84.423279
4450,113156,113156,LAWTON ST SW@RICHLAND RD SW,33.730488,-84.423294
4451,113166,113166,RALPH D ABERNATHY BLVD SW @ DUNN ST SW,33.738338,-84.416122
4452,113174,113174,OGLETHORPE AVE SW@LAWTON ST SW,33.735841,-84.422032
4453,114006,114006,YORK AVE SW @ EVANS ST SW,33.737091,-84.415588
4454,114014,114014,RALPH D ABERNATHY BLVD @ MURPHY AVE,33.738353,-84.411737
4455,114016,114016,RALPH D ABERNATHY BLVD @ MURPHY AVE,33.738204,-84.411731
4456,114050,114050,LEE ST SW@OAK ST SW,33.741009,-84.414238
4457,114054,114054,LEE ST SW@RALPH DAVID ABERNATH BLVD,33.73949,-84.414362
4458,114056,114056,LEE ST@RALPH DAVID ABERNATH BLVD,33.738354,-84.414299
4459,114068,114068,METROPOLITAN PKY SW@BROOKLINE ST SW,33.727154,-84.408112
4460,114072,114072,METROPOLITAN PKY SW @ MARY ST,33.728942,-84.40811
4461,114076,114076,METROPOLITAN PKY SW @ ROCKWELL ST SW,33.7313,-84.408166
4462,114078,114078,METROPOLITAN PKY SW@CHRISTMAN ST SW,33.736042,-84.408287
4463,114079,114079,METROPOLITAN PKY SW@SHELTON AVE SW,33.734742,-84.408351
4464,114082,114082,RALPH D ABERNATHY BLVD @ W WHITEHALL ST,33.738185,-84.413155
4465,114088,114088,METROPOLITAN PKWY SW @ BROOKLINE ST SW,33.727286,-84.407664
4466,114089,114089,METROPOLITAN PKY SW@ARTHUR ST SW,33.727967,-84.407812
4467,114092,114092,METROPOLITAN PKY SW@MARY ST SW,33.729164,-84.407906
4468,114096,114096,METROPOLITAN PKY SW @ LILLIAN AVE,33.7309,-84.408033
4469,114100,114100,METROPOLITAN PKY SW@SHELTON AVE SW,33.734077,-84.407982
4470,114102,114102,METROPOLITAN PKY SW@CHRISTMAN ST SW,33.735695,-84.408012
4471,114104,114104,METROPOLITAN PKWY SW @ BRONNER BROS WAY,33.737442,-84.407921
4472,114106,114106,MCDANIEL ST SW @ FULTON ST SW,33.741373,-84.402763
4473,114110,114110,MCDANIEL ST SW @ 565,33.740325,-84.40258
4474,114112,114112,MCDANIEL ST SW @ 565,33.740148,-84.402298
4475,114114,114114,MCDANIEL ST SW@GLENN ST SW,33.738252,-84.401808
4476,114116,114116,MCDANIEL ST SW @ GLENN ST SW,33.738536,-84.401675
4477,114124,114124,MCDANIEL ST SW@STEPHENS ST SW,33.734075,-84.401695
4478,114132,114132,MCDANIEL ST SW @ ROCKWELL ST SW,33.732133,-84.401649
4479,114134,114134,MCDANIEL ST SW@ROCKWELL ST SW,33.731999,-84.401736
4480,114136,114136,MCDANIEL ST SW@GARDNER ST SW,33.73071,-84.401756
4481,114138,114138,MCDANIEL ST SW@GARDNER ST SW,33.730251,-84.401512
4482,114140,114140,MCDANIEL ST SW @ MARY ST SW,33.729358,-84.401657
4483,114144,114144,MCDANIEL ST SW@ARTHUR ST SW,33.728176,-84.401678
4484,114146,114146,MCDANIEL ST SW@ARTHUR ST SW,33.727833,-84.401527
4485,114152,114152,OGLETHORPE AVE SW @ EVANS ST SW,33.735793,-84.415206
4486,114166,114166,LEE ST SW @ POOLE PL SW,33.738927,-84.413981
4487,114168,114168,LEE ST SW @ OAK ST SW,33.740429,-84.413837
4488,114170,114170,WINDSOR ST@GLENN ST SW,33.73859,-84.39812
4489,907627,114180,RALPH D ABERNATHY BLVD @ MCDANIEL STSW,33.737147,-84.40227
4490,907629,114200,RALPH D ABERNATHY BLVD @ HUMPHRIES ST SW,33.736513,-84.404912
4491,907683,114204,RALPH D ABERNATHY BLVD SW @ MCDANIEL ST SW,33.736949,-84.401371
4492,907684,114210,RALPH DAVID ABERNATH BLVD@WINDSOR S,33.736862,-84.397915
4493,907648,114214,RALPH D ABERNATHY BLVD @ IRA ST,33.737054,-84.399739
4494,114236,114236,MCDANIEL ST @ STEPHENS ST,33.734075,-84.401608
4495,114238,114238,RALPH D ABERNATHY BLVD @ METROPOLITAN PKWY SW,33.738157,-84.40843
4496,114900,114900,WEST END STATION,33.735899,-84.413542
4497,115002,115002,PRYOR ST SW@RICHARDSON ST SW,33.740766,-84.394582
4498,907666,115003,GEORGIA AVE SE @ GRANT ST SE,33.736721,-84.376199
4499,115004,115004,PRYOR ST SW@CRUMLEY ST SW,33.739531,-84.394602
4500,115012,115012,PRYOR ST SW@DODD AVE SW,33.733122,-84.394075
4501,115016,115016,PRYOR ST SW @ DOANE ST SW,33.730912,-84.393095
4502,115018,115018,PRYOR ST SW@DOANE ST SW,33.731064,-84.393062
4503,115020,115020,CENTRAL AVE SW@DODD AVE SW,33.733248,-84.393531
4504,115022,115022,CENTRAL AVE SW@RALPH DAVID ABERNATH,33.736175,-84.393447
4505,115024,115024,CENTRAL AVE SW@GLENN ST SW,33.738284,-84.393333
4506,115034,115034,WINDSOR ST SW@RICHARDSON ST SW,33.740773,-84.398288
4507,115036,115036,WINDSOR ST SW@CRUMLEY ST SW,33.73951,-84.39844
4508,115038,115038,COOPER ST SW@RALPH DAVID ABERNATHY BLVD,33.73637,-84.397077
4509,115040,115040,COOPER ST SW@LOVE ST SW,33.734595,-84.397312
4510,115044,115044,COOPER ST SW@HENDRIX AVE SW,33.73244,-84.397172
4511,115048,115048,HENDRIX AVE SW@PRYOR ST SW,33.73229,-84.393813
4512,115052,115052,PRYOR RD SW@RIDGE AVE SW,33.72734,-84.392918
4513,115080,115080,RALPH D ABERNATHY BLVD SW @ CENTRAL AVE SW,33.736757,-84.393078
4514,115082,115082,HANK AARON DR SE @ GEORGIA AVE SE,33.736542,-84.38781
4515,115084,115084,GEORGIA AVE SE @ FRASER ST SE,33.736779,-84.386046
4516,115106,115106,ATLANTA AVE SE @ MARTIN ST SE,33.730353,-84.384465
4517,115108,115108,ATLANTA AVE SE @ GREENFIELD AVE SE,33.730335,-84.38328
4518,115110,115110,ORMOND ST SE@CONNALLY ST SE,33.731716,-84.380773
4519,115114,115114,ORMOND ST SE@MARTIN ST SE,33.731686,-84.384254
4520,115122,115122,GEORGIA AVE SE @ MARTIN ST SE,33.736744,-84.384166
4521,115124,115124,GEORGIA AVE SE @ AMI ST SE,33.736693,-84.382027
4522,115128,115128,ATLANTA AVE SE @ FRASER ST SE,33.730352,-84.386345
4523,115130,115130,GEORGIA AVE SE @ AMI ST SE,33.736799,-84.381981
4524,115132,115132,GEORGIA AVE SE@MARTIN ST SE,33.736807,-84.383872
4525,115136,115136,GEORGIA AVE SE @ FRASER ST SE,33.736904,-84.386242
4526,115138,115138,WINDSOR ST SW @ RICHARDSON ST SW,33.740486,-84.398117
4527,115140,115140,WINDSOR ST SW@CRUMLEY ST SW,33.739212,-84.398117
4528,115144,115144,COOPER ST @ RALPH D ABERNATHY BLVD,33.73656,-84.39695
4529,115146,115146,COOPER ST SW@BASS ST SW,33.735546,-84.397001
4530,115148,115148,COOPER ST SW@LOVE ST SW,33.735009,-84.396956
4531,115152,115152,COOPER ST@HENDRIX AVE,33.73241,-84.397018
4532,115154,115154,HENDRIX AVE SW@PRYOR ST,33.732361,-84.394042
4533,115160,115160,PRYOR RD SW@RIDGE AVE SW,33.727117,-84.39295
4534,115164,115164,HANK AARON DR @ ORMOND ST SE,33.731434,-84.387987
4535,115166,115166,HANK AARON DR@ORMOND ST SE,33.731518,-84.387779
4536,115168,115168,HANK AARON DR@ATLANTA AVE SE,33.730548,-84.387985
4537,115170,115170,HANK AARON DR@ATLANTA AVE SE,33.730306,-84.387916
4538,115172,115172,HANK AARON DR@VANIRA AVE SE,33.72916,-84.38816
4539,115174,115174,HANK AARON DR@VANIRA AVE SE,33.728989,-84.387825
4540,115176,115176,HANK AARON DR@964,33.728348,-84.388199
4541,115178,115178,HANK AARON DR@955,33.728317,-84.387802
4542,115180,115180,HANK AARON DR SW@HAYGOOD AVE SW,33.726645,-84.388059
4543,115182,115182,HANK AARON DR SW @ HAYGOOD AVE SW,33.726421,-84.387961
4544,115185,115185,RALPH D ABERNATHY BLVD @ HANK AARON DR,33.736858,-84.388133
4545,115188,115188,HANK AARON DR @ BILL LUCAS DR SE,33.734406,-84.387848
4546,115190,115190,HANK AARON DR SW@LITTLE ST SE,33.732845,-84.387749
4547,115192,115192,HANK AARON DR @ RALPH D ABERNATHY BLVD,33.7374,-84.387947
4548,115194,115194,CAPITOL AVE @ FULTON ST,33.742014,-84.387822
4549,115202,115202,PRYOR ST@BASS ST,33.735856,-84.394812
4550,115204,115204,HANK AARON DR SW @ LITTLE ST SE,33.733384,-84.388108
4551,115206,115206,COOPER ST@DODD AVE,33.733317,-84.397129
4552,115214,115214,ATLANTA AVE SE @ HANK AARON DR,33.730317,-84.387537
4553,115216,115216,ORMOND ST@ CREW ST,33.731809,-84.389379
4554,115218,115218,POLLARD BLVD @ RALPH D ABERNATHY BLVD,33.73564,-84.390667
4555,115220,115220,POLLARD BLVD@LITTLE ST,33.732963,-84.390825
4556,115222,115222,HANK AARON DR SW @ BILL LUCAS DR SW,33.734218,-84.387924
4557,116004,116004,BOULEVARD SE@ ROSALIA ST,33.73855,-84.368222
4558,116006,116006,BOULEVARD SE@ BERNE ST,33.736563,-84.368275
4559,116009,116009,BOULEVARD SE@DELMAR AVE SE,33.732314,-84.368358
4560,116010,116010,BOULEVARD SE@ATLANTA AVE SE,33.730515,-84.36838
4561,116020,116020,BOULEVARD SE@ BERNE ST SE,33.736724,-84.36808
4562,116024,116024,BOULEVARD SE @ HANSELL ST SE,33.740591,-84.36806
4563,116040,116040,UNITED AVE @ EDIE AVE SE,33.72756,-84.363228
4564,116042,116042,UNITED AVE @ CHARLES BANK AVE,33.729287,-84.364348
4565,116054,116054,HILL ST SE@1059,33.725558,-84.378669
4566,116074,116074,ATLANTA AVE SE @ CONNALLY ST SE,33.730256,-84.380866
4567,116076,116076,ATLANTA AVE SE @ GRANT TER SE,33.730301,-84.379976
4568,116084,116084,CHEROKEE AVE @ ORMOND ST,33.731219,-84.373533
4569,116093,116093,GEORGIA AVE SE @ GRANT TER SE,33.73665,-84.379971
4570,116094,116094,GEORGIA AVE SE @ HILL ST SE,33.736675,-84.378492
4571,116100,116100,CHEROKEE AVE SE @ BASS ST SE,33.734896,-84.373643
4572,116102,116102,CHEROKEE AVE SE @ AUGUSTA AVE SE,33.73375,-84.373653
4573,116104,116104,CHEROKEE AVE SE @ GRANT PARK PL SE,33.733133,-84.373816
4574,116106,116106,CHEROKEE AVE @ ORMOND ST,33.731423,-84.373652
4575,116116,116116,GEORGIA AVE SE @ GRANT TER SE,33.736755,-84.379753
4576,117002,117002,GLENWOOD AVE SE @ BROWNWOOD AVE SE,33.740123,-84.348179
4577,117004,117004,MORELAND AVE SE @ BURNS ST SE,33.726488,-84.349483
4578,117006,117006,MORELAND AVE SE @ LYNDALE DR SE,33.727819,-84.349449
4579,117007,117007,MORELAND AVE SE@STONEYBROOK DR,33.729077,-84.349415
4580,117008,117008,MORELAND AVE SE@EDEN AVE SE,33.730133,-84.349405
4581,117010,117010,MORELAND AVE SE@DELAWARE AVE SE,33.731905,-84.349394
4582,117012,117012,MORELAND AVE SE @ GRACEWOOD AVE SE,33.732863,-84.349384
4583,117014,117014,MORELAND AVE SE @ ORMEWOOD AVE SE,33.734177,-84.349401
4584,117016,117016,MORELAND AVE SE @ HALL AVE SE,33.735095,-84.349397
4585,117018,117018,MORELAND AVE SE @ BERNE ST SE,33.736101,-84.349383
4586,117020,117020,MORELAND AVE SE@WOODLAND AVE SE,33.737589,-84.34932
4587,117022,117022,MORELAND AVE SE @ PORTLAND AVE SE,33.739231,-84.3494
4588,117024,117024,GLENWOOD AVE SE@HEMLOCK CIR SE,33.74049,-84.351166
4589,117026,117026,GLENWOOD AVE SE@STOVALL ST SE,33.740005,-84.354172
4590,117028,117028,GLENWOOD AVE SE@GLENWOOD PL SE,33.739857,-84.35508
4591,117030,117030,GLENWOOD AVE SE @ BILL KENNEDY WAY SE,33.739814,-84.357604
4592,117034,117034,GLENWOOD AVE SE@HAMILTON ST SE,33.739709,-84.356321
4593,117036,117036,GLENWOOD AVE SE@GLENWOOD PL SE,33.739717,-84.355043
4594,117038,117038,GLENWOOD AVE SE@STOVALL ST SE,33.739888,-84.354234
4595,117040,117040,GLENWOOD AVE SE@HEMLOCK CIR SE,33.74039,-84.351332
4596,117042,117042,GLENWOOD AVE SE @ BROWNWOOD AVE,33.740208,-84.348364
4597,117044,117044,GLENWOOD AVE SE @ MORELAND AVE SE,33.740337,-84.349386
4598,117098,117098,MORELAND AVE SE@BEECHVIEW DR SE,33.726089,-84.349319
4599,117100,117100,MORELAND AVE SE@LYNDALE DR SE,33.72731,-84.349319
4600,117102,117102,MORELAND AVE SE@DELAWARE AVE SE,33.731851,-84.349297
4601,117104,117104,MORELAND AVE SE@GRACEWOOD AVE SE,33.732777,-84.349281
4602,117106,117106,MORELAND AVE SE@ORMEWOOD AVE SE,33.733803,-84.349243
4603,117108,117108,MORELAND AVE SE@HALL ST SE,33.734894,-84.349236
4604,117110,117110,MORELAND AVE SE@BERNE ST SE,33.736067,-84.349254
4605,117112,117112,MORELAND AVE SE@WOODLAND AVE SE,33.737527,-84.349244
4606,117114,117114,MORELAND AVE SE@PORTLAND AVE,33.738838,-84.349197
4607,117116,117116,MORELAND AVE SE@GLENWOOD AVE SE,33.739948,-84.349152
4608,117118,117118,MORELAND AVE SE @ METROPOLITAN AVE SE,33.74122,-84.34914
4609,117120,117120,MORELAND AVE SE @ MCPHERSON AVE SE,33.743032,-84.349159
4610,117121,117121,MORELAND AVE SE @ MEMORIAL DR SE,33.747543,-84.34916
4611,117122,117122,MORELAND AVE@STONEYBROOK DR,33.728714,-84.349251
4612,117123,117123,MORELAND AVE SE @ MERLIN AVE SE,33.749655,-84.349139
4613,117124,117124,MORELAND AVE@EDEN AVE,33.730061,-84.349296
4614,117127,117127,MORELAND AVE SE @ WYLIE ST SE,33.752341,-84.349162
4615,117129,117129,MORELAND AVE SE @ HOSEA L WILLIAMS DR NE,33.753504,-84.349173
4616,117131,117131,MORELAND AVE NE @ HARDEE ST NE,33.755599,-84.349119
4617,118002,118002,BOAT ROCK RD SW @ 5760,33.723916,-84.573987
4618,118005,118005,LAGRANGE BLVD@6070,33.71972,-84.59055
4619,118006,118006,BOAT ROCK RD SW @ WESTCHASE LN,33.724327,-84.577538
4620,118010,118010,BOAT ROCK RD @ FULTON INDUSTRIAL BLVD,33.724538,-84.582392
4621,118012,118012,FULTON INDUSTRIAL BLVD SW @ LAKEVIEW CT SW,33.727439,-84.578863
4622,118014,118014,LAGRANGE BLVD@XAVIER DR,33.724549,-84.590482
4623,118016,118016,LAGRANGE BLVD@EMMANUEL DR,33.722687,-84.590446
4624,118018,118018,LAGRANGE BLVD@DUQUESNE DR,33.715015,-84.590645
4625,118036,118036,FULTON INDUSTRIAL BLVD@6095,33.713367,-84.58845
4626,118040,118040,FULTON IND BLVD @ TRADEWATER PKY,33.710708,-84.591185
4627,118050,118050,FULTON INDUSTRIAL BLVD@PLUMMER RD,33.719494,-84.58551
4628,118052,118052,FULTON INDUSTRIAL BLVD SW @ BOAT ROCK RD,33.725821,-84.582613
4629,118094,118094,LAGRANGE BLVD@6040,33.721117,-84.590413
4630,119002,119002,BOAT ROCK RD SW @ REYNOLDS RD SW,33.723828,-84.572418
4631,120012,120012,CASCADE RD SW @ KIMBERLY RD SW,33.72552,-84.515609
4632,120016,120016,CASCADE RD SW @ KIMBERLY RD SW,33.725703,-84.515385
4633,120018,120018,CASCADE RD SW @ OLD CASCADE RD SW,33.724076,-84.511954
4634,120030,120030,CASCADE AVE SW@3515,33.723193,-84.504497
4635,120032,120032,CASCADE RD@RESEARCH CENTER ATLA DR,33.723303,-84.506875
4636,120034,120034,CASCADE RD@3675,33.723696,-84.50878
4637,120035,120035,CASCADE RD @ FAIRBURN RD,33.724023,-84.510994
4638,120036,120036,FAIRBURN RD SW @ CASCADE RD SW,33.7239,-84.510399
4639,120038,120038,FAIRBURN RD@ UTOY SPRINGS,33.719956,-84.507989
4640,120042,120042,FAIRBURN RD @ NEWHALEM ST,33.718561,-84.508054
4641,120044,120044,FAIRBURN RD @ SUTTLES DR,33.714114,-84.506879
4642,120046,120046,FAIRBURN RD @ 1581,33.710416,-84.506113
4643,120048,120048,FAIRBURN RD @ MELVIN DR SW,33.708248,-84.507214
4644,120050,120050,FAIRBURN RD SW @ HERITAGE VALLEY RD SW,33.705562,-84.506596
4645,120054,120054,FAIRBURN RD SW @ GLENVIEW CIR SW,33.703326,-84.506189
4646,120056,120056,FAIRBURN RD SW @ MT GILEAD RD SW,33.701635,-84.506284
4647,120058,120058,BARGE RD SW @ FAIRBURN RD SW,33.698909,-84.50733
4648,120064,120064,FAIRBURN RD SW @ HILL ACRES RD SW,33.700061,-84.506653
4649,120066,120066,FAIRBURN RD SW @ MT GILEAD RD SW,33.701514,-84.506177
4650,120068,120068,FAIRBURN RD SW @ HERITAGE VALLEY RD SW,33.706063,-84.506642
4651,120070,120070,FAIRBURN RD SW @ MELVIN DR SW,33.70833,-84.507105
4652,120072,120072,FAIRBURN RD SW @ LANDAU LN SW,33.712841,-84.506005
4653,120074,120074,FAIRBURN RD SW @ SUTTLES DR SW,33.714521,-84.50701
4654,120076,120076,FAIRBURN RD SW @ VILLAGE DR SW,33.716115,-84.50807
4655,120078,120078,FAIRBURN RD SW @ NEWHALEM ST SW,33.718484,-84.507973
4656,120080,120080,FAIRBURN RD SW@UTOY SPRINGS RD SW,33.720427,-84.508048
4657,120084,120084,CASCADE RD SW @ FAIRBURN RD SW,33.723532,-84.509208
4658,120086,120086,CASCADE RD SW @ UTOY SPRINGS RD SW,33.723109,-84.506551
4659,120088,120088,CASCADE RD@UTOY SPRINGS RD,33.723049,-84.505149
4660,120090,120090,COUNTY LINE RD SW @ WILSON JAMES RD SW,33.69685,-84.535397
4661,120092,120092,COUNTY LINE RD SW@2056,33.69989,-84.536271
4662,120094,120094,COUNTY LINE RD SW@2000,33.7018,-84.536472
4663,120096,120096,COUNTY LINE RD SW @ 1947,33.703662,-84.536758
4664,120098,120098,COUNTY LINE RD SW @ GREENBRIAR TRL SW,33.705509,-84.536774
4665,120100,120100,COUNTY LINE RD SW @ REGENCY TRCE SW,33.70802,-84.536275
4666,120102,120102,NISKEY LAKE RD @ LAKE COVE WAY SW,33.708348,-84.532619
4667,120104,120104,NISKEY LAKE RD @ NISKEY OVERLOOK,33.707486,-84.530636
4668,120106,120106,NISKEY LAKE RD SW@1760,33.706569,-84.529189
4669,120108,120108,NISKEY LAKE RD SW@LYON BLVD,33.705239,-84.529325
4670,120110,120110,NISKEY LAKE RD SW@1883,33.703413,-84.529298
4671,120112,120112,NISKEY LAKE RD SW@BROOKS RD SW,33.700496,-84.528682
4672,120116,120116,FAIRBURN RD @ GLENVIEW CIR,33.703473,-84.506053
4673,120118,120118,FAIRBURN RD @ VILLAGE DR,33.716281,-84.508255
4674,120120,120120,FAIRBURN RD @ GARRISON DR,33.712704,-84.506094
4675,120122,120122,FAIRBURN RD @ INGLEDALE DR,33.705102,-84.506339
4676,120244,120244,FAIRBURN RD @ 1624,33.710504,-84.506007
4677,120246,120246,FAIRBURN RD @ CASCADE RD,33.722809,-84.509543
4678,120248,120248,FAIRBURN RD @ 1165,33.722706,-84.509645
4679,120250,120250,NISKEY LAKE RD @ COUNTY LINE RD,33.710214,-84.535009
4680,121001,121001,CASCADE RD @ LYNHURST DR,33.71991,-84.48788
4681,121004,121004,BENJAMIN E MAYS DR @ WILLIS MILL RD,33.725326,-84.470487
4682,121005,121005,BENJAMIN E MAYS DR SW @ PEYTON RD SW,33.727836,-84.475067
4683,121010,121010,CAMPBELLTON RD SW @ MAXWELL DR SW,33.698657,-84.48254
4684,121011,121011,MEMORIAL DR @ LAUREN PKWY,33.800453,-84.196202
4685,121012,121012,CAMPBELLTON RD SW@ 2797,33.700771,-84.479286
4686,121013,121013,N HAIRSTON RD @ FELLSRIDGE DR,33.805731,-84.193528
4687,121014,121014,CAMPBELLTON RD SW@HARBIN RD SW,33.7015,-84.478218
4688,121015,121015,N HAIRSTON RD @ OLD HIGHGATE ENTRY,33.810099,-84.193575
4689,121016,121016,CAMPBELLTON RD SW @ DODSON DR SW,33.702279,-84.476308
4690,121017,121017,N HAIRSTON RD@SUMMERVIEW DR,33.813482,-84.193548
4691,121018,121018,CAMPBELLTON RD SW @ DODSON DR,33.702539,-84.474888
4692,121019,121019,N HAIRSTON RD @ CHATFIELD DR N,33.817371,-84.193405
4693,121020,121020,CAMPBELLTON RD SW@SANDRINGHAM DR,33.702551,-84.472748
4694,121021,121021,N HAIRSTON RD@SUMMIT LAKE DR,33.821144,-84.194155
4695,121024,121024,CAMPBELLTON RD SW@WELLS DR SW,33.702259,-84.469627
4696,121025,121025,BENJAMIN E MAYS DR @ BOB WHITE DR,33.729064,-84.480449
4697,121026,121026,CAMPBELLTON RD SW @ WELLS DR SW,33.702734,-84.469304
4698,121030,121030,CAMPBELLTON RD SW@SANDRINGHAM DR SW,33.70265,-84.472379
4699,121032,121032,CAMPBELLTON RD SW @ DODSON RD,33.702467,-84.476014
4700,121034,121034,CAMPBELLTON RD SW @ 2775,33.702106,-84.477625
4701,121036,121036,CAMPBELLTON RD SW@HARBIN RD,33.700611,-84.480202
4702,121040,121040,CAMPBELLTON RD SW@MAXWELL DR SW,33.698123,-84.483603
4703,121042,121042,LYNHURST DR SW@VALLEYDALE DR SW,33.726314,-84.488149
4704,121045,121045,LYNHURST DR SW@MANGUM LN SW,33.724847,-84.487852
4705,121046,121046,LYNHURST DR SW@LYNWAY LN SW,33.722206,-84.488118
4706,121048,121048,LYNHURST DR SW@CASCADE RD SW,33.719959,-84.488081
4707,121050,121050,CASCADE RD SW@CASCADE FALLS DR,33.720904,-84.493068
4708,121051,121051,CASCADE RD SW@KINGSDALE DR SW,33.721483,-84.495731
4709,121052,121052,CASCADE RD SW@SHANTER TRL SW,33.722789,-84.499378
4710,121058,121058,CASCADE RD SW@KINGSDALE DR SW,33.721398,-84.49593
4711,121062,121062,CASCADE RD SW @ CASCADE FALLS DR,33.720472,-84.492331
4712,121063,121063,CASCADE RD SW @ CHILDRESS DR,33.720126,-84.490309
4713,121064,121064,LYNHURST DR SW@MANGUM LN SW,33.724829,-84.487754
4714,121066,121066,LYNHURST DR SW@VALLEYDALE DR SW,33.726429,-84.488014
4715,121074,121074,HARBIN RD SW@1455,33.715874,-84.484074
4716,121076,121076,HARBIN RD SW@1521,33.713994,-84.483581
4717,121078,121078,HARBIN RD SW@WRIGHT DR SW,33.712196,-84.483143
4718,121080,121080,HARBIN RD SW@1643,33.710513,-84.483009
4719,121082,121082,HARBIN RD SW@LAURENS  SW,33.709404,-84.482214
4720,121084,121084,HARBIN RD SW@LANDRUM DR SW,33.70637,-84.481719
4721,121086,121086,LANDRUM DR SW @ DEVON DR SW,33.706367,-84.483957
4722,121088,121088,LANDRUM DR @ 2929,33.706398,-84.486244
4723,121090,121090,CHILDRESS DR SW@1860,33.704643,-84.48794
4724,121092,121092,CHILDRESS DR SW@MCMURRAY DR SW,33.702889,-84.487339
4725,121094,121094,CHILDRESS DR SW@2007,33.700098,-84.486334
4726,121096,121096,CHILDRESS DR SW @ PANTHER TRL,33.698365,-84.486256
4727,121100,121100,MT GILEAD RD SW@IMPERIAL CIR SW,33.698286,-84.494674
4728,121102,121102,MT GILEAD RD SW @ MEADOWLANE DR SW,33.698327,-84.497281
4729,121103,121103,MT GILEAD RD@PANTHER TRL,33.698207,-84.494228
4730,121108,121108,HARBIN RD SW@1352,33.717995,-84.483948
4731,121110,121110,HARBIN RD SW@WRIGHT DR SW,33.712303,-84.483056
4732,121112,121112,HARBIN RD SW@1640,33.711247,-84.483032
4733,121114,121114,HARBIN RD SW@1652,33.710111,-84.48265
4734,121115,121115,HARBIN RD@LAURENS WAY SW,33.709565,-84.482236
4735,121116,121116,LANDRUM DR SW@HARBIN RD SW,33.706173,-84.481805
4736,121118,121118,LANDRUM DR SW @ DEVON DR SW,33.706215,-84.484239
4737,121120,121120,LANDRUM DR SW @ CHILDRESS DR SW,33.706379,-84.487998
4738,121122,121122,CHILDRESS DR SW@1860,33.704598,-84.487828
4739,121124,121124,CHILDRESS DR SW@MCMURRAY DR SW,33.702579,-84.487007
4740,121126,121126,CHILDRESS DR SW@2010,33.700626,-84.486415
4741,121128,121128,PANTHER TRL SW@CHILDRESS DR SW,33.698129,-84.486221
4742,121130,121130,PANTHER TRL SW @ STAR MIST DR SW,33.698114,-84.490502
4743,121134,121134,MT GILEAD RD SW @ CASCADE PARC BLVD,33.698248,-84.496488
4744,121136,121136,CASCADE RD SW @ WILLIS MILL RD SW,33.720827,-84.468055
4745,121138,121138,CASCADE RD SW @ DODSON DR SW,33.720106,-84.471542
4746,121139,121139,CASCADE RD SW @ WOODLAND TER SW,33.71971,-84.473628
4747,121144,121144,CASCADE RD SW @ VELTRE CIR SW,33.720229,-84.48029
4748,121153,121153,CASCADE RD SW@LYNWAY LN SW,33.719899,-84.486212
4749,121156,121156,CASCADE RD SW @ HARBIN RD SW,33.720073,-84.48293
4750,121158,121158,CASCADE RD SW @ HARBIN RD SW,33.719921,-84.483354
4751,121162,121162,CASCADE RD SW @ ADAMS DR SW,33.719827,-84.486386
4752,121165,121165,CASCADE RD SW@CHILDRESS DR,33.720257,-84.49011
4753,121167,121167,CASCADE RD SW@VELTRE CIR,33.720292,-84.48036
4754,121168,121168,CASCADE RD SW@WOODLAND TER SW,33.719803,-84.473656
4755,121172,121172,CASCADE RD SW @ AUDUBON CT,33.72089,-84.468656
4756,121174,121174,CASCADE RD @ SHANTER TRL,33.72277,-84.499747
4757,121180,121180,PANTHER TRL@STAR MIST DR,33.698253,-84.489794
4758,121192,121192,CASCADE RD@WILLIS MILL RD,33.720025,-84.472281
4759,122002,122002,BENJAMIN E MAYS DR SW @ FLAMINGO DR NW,33.723138,-84.466473
4760,122003,122003,CAMPBELLTON RD @ 2170,33.705557,-84.459225
4761,122005,122005,CAMPBELLTON RD@DELOWE DR,33.706608,-84.457223
4762,122006,122006,BEECHER RD SW @ BENJAMIN E MAYS DR SW,33.723053,-84.464232
4763,122008,122008,BEECHER RD@MT AIRY DR,33.725934,-84.463859
4764,122009,122009,BEECHER RD SW@2359,33.725084,-84.464097
4765,122010,122010,CAMPBELLTON RD SW @ BENT CREEK WAY SW,33.703875,-84.466384
4766,122011,122011,CAMPBELLTON RD@WILLIS MILL RD,33.704068,-84.464713
4767,122014,122014,CAMPBELLTON RD SW @ 2280,33.70454,-84.462715
4768,122028,122028,CAMPBELLTON RD SW@FORT VALLEY DR SW,33.708794,-84.45079
4769,122032,122032,CAMPBELLTON RD SW @ WILLOWBROOK DR,33.710807,-84.446926
4770,122034,122034,CAMPBELLTON RD SW@VENETIAN DR SW,33.714463,-84.434262
4771,122036,122036,CAMPBELLTON RD SW@1473,33.713664,-84.437032
4772,122040,122040,CAMPBELLTON RD SW@ALMA ST SW,33.712713,-84.439464
4773,122042,122042,CAMPBELLTON RD SW @ RIDGEWOOD LN SW,33.711914,-84.441931
4774,122044,122044,CAMPBELLTON RD SW@STANTON RD SW,33.711517,-84.44446
4775,122048,122048,CAMPBELLTON RD SW @ WILLOWBROOK DR SW,33.711001,-84.446836
4776,122050,122050,CAMPBELLTON RD SW @ 1843,33.70974,-84.449141
4777,122052,122052,CAMPBELLTON RD SW @ TIMOTHY DR SW,33.708797,-84.451497
4778,122060,122060,CAMPBELLTON RD SW@2191,33.705915,-84.459409
4779,122064,122064,CAMPBELLTON RD SW @ WILLIS MILL RD SW,33.704308,-84.46505
4780,122065,122065,CAMPBELLTON RD SW @ 2231,33.70538,-84.461106
4781,122072,122072,CAMPBELLTON RD SW @ STANTON RD SW,33.711136,-84.444652
4782,122074,122074,CAMPBELLTON RD SW @ RIDGEWOOD LN SW,33.711455,-84.442171
4783,122076,122076,CAMPBELLTON RD SW@ALMA ST SW,33.712264,-84.439666
4784,122080,122080,CAMPBELLTON RD SW @ 1469,33.713683,-84.436282
4785,122082,122082,CAMPBELLTON RD SW @ VENETIAN DR SW,33.71413,-84.43433
4786,122084,122084,STANTON RD@CAMPBELLTON RD,33.710983,-84.443977
4787,122086,122086,STANTON RD@1665,33.70929,-84.444084
4788,122088,122088,STANTON RD@MARCEL AVE,33.708538,-84.444069
4789,122090,122090,STANTON RD@LESLIE AVE,33.707428,-84.44413
4790,122092,122092,STANTON RD@LAKE AVE SW,33.706234,-84.444145
4791,122096,122096,STANTON RD @ MEADOW CROSSING,33.704917,-84.444121
4792,122098,122098,STANTON RD@BAYROSE CIR,33.703925,-84.445253
4793,122100,122100,STANTON RD@MCCLELLAND AVE,33.703114,-84.446167
4794,122104,122104,STANTON RD @ SWEETBRIAR CIR,33.701416,-84.447683
4795,122106,122106,STANTON RD@ALISON CT,33.699524,-84.448807
4796,122108,122108,STANTON RD@ALISON CT,33.698515,-84.448591
4797,122110,122110,ALISON CT@1935,33.700165,-84.45118
4798,122112,122112,ALISON CT@PLAZA LN,33.700661,-84.452583
4799,122114,122114,ALISON CT @ MYRTLE DR SW,33.700786,-84.454866
4800,122120,122120,DELOWE DR @ CAMPBELLTON RD,33.705395,-84.457619
4801,122128,122128,ALISON CT SW@MYRTLE DR SW,33.700657,-84.454743
4802,122130,122130,ALISON CT@PLAZA LN SW,33.700645,-84.452843
4803,122132,122132,ALISON CT @ 1935,33.699852,-84.451515
4804,122136,122136,STANTON RD @ ALISON CT,33.69949,-84.44838
4805,122138,122138,STANTON RD @ SWEETBRIAR CIR,33.70113,-84.44778
4806,122140,122140,STANTON RD@FORT VALLEY DR,33.702141,-84.446875
4807,122142,122142,STANTON RD @ MCCLELLAND AVE,33.702557,-84.446198
4808,122144,122144,STANTON RD @ HAWTHORNE TRL,33.703577,-84.444992
4809,122146,122146,STANTON RD @ MEADOW CROSSING,33.704586,-84.444141
4810,122150,122150,STANTON RD@LAKE AVE SW,33.705906,-84.443756
4811,122152,122152,STANTON RD@LESLIE AVE,33.707214,-84.443726
4812,122154,122154,STANTON RD@MARCEL AVE,33.708378,-84.44371
4813,122156,122156,STANTON RD@1600,33.709765,-84.44368
4814,122158,122158,STANTON RD@CAMPBELLTON RD,33.711436,-84.443624
4815,122166,122166,SANDTOWN RD SW@LOCKHAVEN CIR,33.717468,-84.445198
4816,122168,122168,WESTRIDGE RD@SANDTOWN RD,33.717879,-84.446937
4817,122170,122170,WESTRIDGE RD SW@BAYBERRY DR SW,33.715991,-84.446793
4818,122172,122172,WESTRIDGE RD SW@VENETIAN DR SW,33.714702,-84.446736
4819,122174,122174,VENETIAN DR SW@ALDER LN SW,33.714737,-84.448578
4820,122176,122176,VENETIAN DR SW@CAHABA DR SW,33.714745,-84.449455
4821,122178,122178,VENETIAN DR SW@PINEHURST DR SW,33.714777,-84.451669
4822,122180,122180,VENETIAN DR SW@CENTRA VILLA DR SW,33.714798,-84.453339
4823,122192,122192,SANDTOWN RD SW@WICHITA DR,33.716518,-84.443092
4824,122202,122202,CENTRA VILLA DR SW @ CAMPBELLTON RD SW,33.707611,-84.455548
4825,122204,122204,CENTRA VILLA DR SW @ HONEYSUCKLE SW,33.711032,-84.454814
4826,122206,122206,CENTRA VILLA DR SW @ E CEDAR LN SW,33.712482,-84.454197
4827,122214,122214,VENETIAN DR SW@PINEHURST DR SW,33.714741,-84.451985
4828,122216,122216,VENETIAN DR SW@CAHABA DR SW,33.714654,-84.449616
4829,122218,122218,VENETIAN DR SW@ALDER  SW,33.714655,-84.448323
4830,122220,122220,VENETIAN DR SW@WILLOWBROOK DR SW,33.714603,-84.446736
4831,122222,122222,WESTRIDGE RD SW@BAYBERRY DR SW,33.71605,-84.446658
4832,122224,122224,WESTRIDGE RD SW@CUMMINGS DR SW,33.717459,-84.44673
4833,122228,122228,CASCADE AVE SW @ CASCADE CIR SW,33.726555,-84.445179
4834,122230,122230,CASCADE AVE SW@1113,33.72506,-84.447609
4835,122232,122232,CASCADE AVE SW@1120,33.725174,-84.447176
4836,122238,122238,CASCADE AVE SW @ CASCADE CIR SW,33.723471,-84.449977
4837,122240,122240,CASCADE AVE SW @ AVON AVE SW,33.723175,-84.45027
4838,122242,122242,CASCADE RD SW @ CENTRA VILLA DR SW,33.721938,-84.452029
4839,122244,122244,CASCADE RD SW@CENTRA VILLA DR SW,33.722118,-84.452011
4840,122250,122250,CASCADE RD SW @ POLLARD DR SW,33.721316,-84.455549
4841,122252,122252,CASCADE RD SW@POLLARD DR SW,33.721457,-84.455509
4842,122254,122254,CASCADE RD SW @ BOULEVARD LORRAINE SW,33.721921,-84.458451
4843,122255,122255,CASCADE RD SW @ VENETIAN DR SW,33.721501,-84.466122
4844,122260,122260,CASCADE RD SW@DOLPHIN DR SW,33.722491,-84.46168
4845,122280,122280,SANDTOWN RD SW@WESTRIDGE RD,33.717728,-84.446002
4846,122282,122282,SANDTOWN RD SW@MORAY ST SW,33.716934,-84.443828
4847,122284,122284,SANDTOWN RD SW@WICHITA DR SW,33.716111,-84.442609
4848,122286,122286,SANDTOWN RD SW@WICHITA DR SW,33.715763,-84.442109
4849,122288,122288,SANDTOWN RD SW@ANIWAKA AVE SW,33.715217,-84.441326
4850,122290,122290,SANDTOWN RD SW@VENETIAN DR SW,33.714628,-84.440423
4851,122292,122292,VENETIAN DR SW@WILLOW TRL SW,33.714548,-84.439749
4852,122294,122294,VENETIAN DR SW@LOCKWOOD DR SW,33.714558,-84.438717
4853,122296,122296,WESTMONT RD SW@VENETIAN DR SW,33.714802,-84.437569
4854,122298,122298,WESTMONT RD SW@1420,33.716553,-84.437599
4855,122300,122300,WESTMONT RD SW@TRACY ST,33.71835,-84.43753
4856,122302,122302,WESTMONT RD SW @ 1310,33.720306,-84.437563
4857,122304,122304,WESTMONT RD SW@AVON AVE SW,33.722427,-84.437501
4858,122306,122306,AVON AVE SW@GRAYMONT DR SW,33.722446,-84.436512
4859,122312,122312,AVON AVE SW@LORENZO DR SW,33.722369,-84.432502
4860,122316,122316,BEECHER RD SW @ BENJAMIN E MAYS DR SW,33.722965,-84.464157
4861,122318,122318,BEECHER RD SW@2356,33.724716,-84.463989
4862,122319,122319,BEECHER RD SW @ 2320,33.726097,-84.463679
4863,122320,122320,CASCADE RD SW @ VENETIAN DR SW,33.721313,-84.466122
4864,122326,122326,AVON AVE SW@KENILWORTH DR SW,33.722475,-84.434132
4865,122328,122328,WESTMONT RD SW@1285,33.720368,-84.43765
4866,122330,122330,SANDTOWN RD SW@LOCKHAVEN CIR SW,33.717079,-84.443863
4867,122334,122334,SANDTOWN RD SW@WICHITA DR SW,33.715782,-84.441994
4868,122336,122336,SANDTOWN RD SW@ANIWAKA AVE SW,33.715347,-84.441399
4869,122338,122338,SANDTOWN RD SW@VENETIAN DR SW,33.714708,-84.440358
4870,122340,122340,VENETIAN DR SW@WILLOW TRL SW,33.714653,-84.439636
4871,122344,122344,WESTMONT RD SW@VENETIAN DR SW,33.714642,-84.43792
4872,122346,122346,WESTMONT RD SW@1411,33.716609,-84.437688
4873,122347,122347,DELOWE DR@CONNALLY DR,33.694996,-84.457362
4874,122348,122348,WESTMONT RD SW@TRACY ST SW,33.718524,-84.437723
4875,122350,122350,AVON AVE SW@WESTMONT RD SW,33.722526,-84.437544
4876,122352,122352,AVON AVE SW@GRAYMONT DR SW,33.722485,-84.436447
4877,122354,122354,AVON AVE SW@ELIZABETH AVE SW,33.72251,-84.435512
4878,122362,122362,DELOWE DR @ W WOODBERRY AVE,33.697924,-84.457389
4879,122369,122369,CASCADE RD SW @ BOULEVARD LORRAINE SW,33.721743,-84.457984
4880,122372,122372,CAMPBELLTON RD SW @ MYRTLE DR SW,33.707124,-84.455263
4881,122374,122374,CAMPBELLTON RD @ HONEYSUCKLE LN,33.707963,-84.453484
4882,122376,122376,CAMPBELLTON RD @ HONEYSUCKLE LN,33.708192,-84.453212
4883,122380,122380,CAMPBELLTON RD@DELOWE DR,33.706301,-84.457545
4884,122382,122382,CAMPBELLTON RD @ CENTRA VILLA DR,33.707257,-84.455532
4885,122384,122384,CAMPBELLTON RD@BENT CREEK WAY,33.704007,-84.46656
4886,122386,122386,BEECHER RD @ MT AIRY DR,33.726758,-84.463556
4887,122387,122387,CASCADE RD SW @ BOULEVARD GRANADA SW,33.722031,-84.464254
4888,122396,122396,AVON AVE@ELIZABETH AVE,33.722438,-84.435512
4889,122398,122398,AVON AVE@KENILWORTH DR,33.722403,-84.434143
4890,122410,122410,CAMPBELLTON RD SW @ 1870,33.709861,-84.448274
4891,123016,123016,MURPHY AVE SW@ARDEN AVE SW,33.716536,-84.424626
4892,123018,123018,LANGSTON AVE SW@DECKNER AVE SW,33.713715,-84.424097
4893,123020,123020,LANGSTON AVE SW@MURPHY AVE SW,33.714436,-84.425298
4894,123022,123022,MURPHY AVE SW@LANGSTON AVE SW,33.714534,-84.425439
4895,123024,123024,LANGSTON AVE SW@HOOD DR SW,33.712353,-84.423349
4896,123028,123028,CAMPBELLTON RD SW@OAKLAND DR SW,33.717639,-84.427377
4897,123032,123032,CAMPBELLTON RD SW@EPWORTH ST SW,33.716291,-84.430689
4898,123036,123036,CAMPBELLTON RD SW@LORENZO DR SW,33.71538,-84.432418
4899,123064,123064,CAMPBELLTON RD SW@LORENZO DR SW,33.715045,-84.432287
4900,123068,123068,CAMPBELLTON RD SW @ RYAN ST SW,33.71596,-84.430591
4901,123072,123072,CAMPBELLTON RD SW@OAKLAND DR SW,33.717373,-84.427602
4902,123094,123094,SYLVAN RD SW@BYRON DR SW,33.71258,-84.418178
4903,123124,123124,SYLVAN RD SW@BYRON DR SW,33.71292,-84.418092
4904,123126,123126,OAKLAND DR SW@ALMONT DR SW,33.725954,-84.427323
4905,123128,123128,ALMONT DR SW@INDALE PL SW,33.725906,-84.428345
4906,123130,123130,ALMONT DR SW@EDGEFIELD DR SW,33.725929,-84.42939
4907,123132,123132,ALMONT DR SW@WYLAND DR SW,33.725975,-84.430664
4908,123136,123136,WYLAND DR SW@LANVALE DR SW,33.724188,-84.430874
4909,123138,123138,WYLAND DR SW@LYNFORD DR SW,33.723329,-84.430688
4910,123140,123140,WYLAND DR SW@AVON AVE SW,33.722398,-84.430763
4911,123142,123142,AVON AVE SW@LORENZO DR SW,33.72245,-84.432465
4912,123144,123144,AVON AVE SW@EPWORTH ST SW,33.722326,-84.430882
4913,123146,123146,WYLAND DR SW@EDGEFIELD DR SW,33.722939,-84.430595
4914,123148,123148,WYLAND DR SW@LANVALE DR SW,33.724049,-84.430695
4915,123152,123152,WYLAND DR SW@ALMONT DR SW,33.725862,-84.430735
4916,123154,123154,ALMONT DR SW@EDGEFIELD DR SW,33.725881,-84.429735
4917,123156,123156,ALMONT DR SW@INDALE PL SW,33.725846,-84.428529
4918,123158,123158,ALMONT DR@OAKLAND DR,33.725838,-84.427355
4919,123202,123202,LANGSTON AVE@DECKNER AVE,33.713926,-84.424417
4920,123204,123204,LANGSTON AVE@HOOD DR,33.712641,-84.423766
4921,123900,123900,OAKLAND CITY STATION,33.717407,-84.426301
4922,124008,124008,METROPOLITAN PKY SW@ERIN AVE SW,33.719791,-84.408035
4923,124050,124050,METROPOLITAN PKY SW @ 1577,33.71201,-84.408019
4924,124052,124052,METROPOLITAN PKY SW@DECKNER AVE SW,33.714423,-84.407956
4925,124054,124054,METROPOLITAN PKY SW@GENESSEE AVE SW,33.716171,-84.408058
4926,124058,124058,METROPOLITAN PKY SW @ UNIVERSITY AVE,33.722273,-84.40791
4927,124062,124062,METROPOLITAN PKY SW@MAYLAND AVE SW,33.724873,-84.408107
4928,124064,124064,METROPOLITAN PKY SW@FLETCHER ST SW,33.725582,-84.408073
4929,124068,124068,METROPOLITAN PKY SW@DECKNER AVE SW,33.713963,-84.407806
4930,124070,124070,METROPOLITAN PKY SW@LYNNHAVEN DR SW,33.715893,-84.407776
4931,124074,124074,METROPOLITAN PKWY SW @ MANFORD RD SW,33.718532,-84.407808
4932,124077,124077,METROPOLITAN PKY SW@MAYLAND AVE SW,33.724471,-84.407749
4933,124078,124078,METROPOLITAN PKY SW @ FLETCHER ST SW,33.726148,-84.407878
4934,124080,124080,MCDANIEL ST SW@ROY ST SW,33.724238,-84.401674
4935,124084,124084,MCDANIEL ST SW @ UNIVERSITY AVE SW,33.722161,-84.401726
4936,124086,124086,LINCOLN ST SW@THORNTON ST,33.712692,-84.399739
4937,124093,124093,METROPOLITAN PKY SW @ UNIVERSITY AVE,33.722545,-84.407793
4938,125002,125002,RIDGE AVE SW @ PULLIAM ST SW,33.72631,-84.392371
4939,125003,125003,WEYMAN AVE SW @ RIDGE AVE SW,33.724961,-84.390471
4940,125004,125004,WEYMAN AVE SW@HANK AARON DR SW,33.724989,-84.388406
4941,125010,125010,MILTON AVE SE @ 79,33.723367,-84.385275
4942,125024,125024,MILTON AVE SE@79,33.722984,-84.384773
4943,125028,125028,WEYMAN AVE SW@RIDGE AVE SW,33.725032,-84.390764
4944,125030,125030,RIDGE AVE SW @ PULLIAM ST,33.72641,-84.392156
4945,125036,125036,PRYOR RD SW @ UNIVERSITY AVE SW,33.722253,-84.393469
4946,125038,125038,PRYOR RD SW@UNIVERSITY AVE,33.720848,-84.393593
4947,125040,125040,JONESBORO RD SE@MILLER REED AVE SE,33.714062,-84.382866
4948,125042,125042,JONESBORO RD SE@HARRIETT ST SE,33.714948,-84.383225
4949,125043,125043,JONESBORO RD SE@BISBEE AVE SE,33.717439,-84.384295
4950,125046,125046,JONESBORO RD SE @ MCDONOUGH BLVD SE,33.719056,-84.384956
4951,125048,125048,MCDONOUGH BLVD SE@MARCY ST SE,33.720228,-84.38625
4952,125060,125060,MCDONOUGH BLVD SE@MARCY ST SE,33.720237,-84.386424
4953,125062,125062,MCDONOUGH BLVD SE@JONESBORO RD SE,33.719205,-84.385248
4954,125064,125064,JONESBORO RD SE@GAMMON AVE SE,33.718608,-84.384869
4955,125066,125066,JONESBORO RD SE@MARTIN AVE SE,33.71766,-84.384466
4956,125067,125067,JONESBORO RD SE@THIRKIELD AVE SE,33.715118,-84.383367
4957,125068,125068,JONESBORO RD SE@BROWN AVE SE,33.714286,-84.383008
4958,125070,125070,JONESBORO RD SE@MELDON AVE SE,33.711574,-84.38218
4959,125072,125072,JONESBORO RD SE@MOURY AVE SE,33.713283,-84.38267
4960,125074,125074,PRYOR RD SW@MANFORD RD SW,33.718541,-84.393443
4961,125094,125094,PRYOR RD SW@UNIVERSITY AVE,33.72047,-84.393326
4962,125098,125098,PRYOR RD SW@MANFORD RD SW,33.71817,-84.39339
4963,125120,125120,ARTHUR LANGFORD JR PL SW @ PRYOR RD SW,33.714101,-84.393862
4964,125122,125122,ARTHUR LANGFORD JR PL SW @ 220,33.714153,-84.395764
4965,125126,125126,ARTHUR LANGFORD JR PL SW @ JOYLAND PL,33.713857,-84.397676
4966,125128,125128,LINCOLN ST SW @ ARTHUR LANGFORD JR PL SW,33.713078,-84.397893
4967,125134,125134,ARTHUR LANGFORD JR PL SW @ BOWEN CIR SW,33.714207,-84.395786
4968,125136,125136,ARTHUR LANGFORD JR PL SW @ PRYOR RD SW,33.7142,-84.394147
4969,125138,125138,PRYOR RD SW@THIRKELD AVE,33.71308,-84.39336
4970,125214,125214,LAKEWOOD AVE SE@MCDONOUGH BLVD SE,33.716846,-84.381439
4971,125216,125216,LAKEWOOD AVE SE@HARRIETT ST SE,33.715687,-84.381668
4972,125218,125218,LAKEWOOD AVE SE@HARRIETT ST SE,33.715435,-84.381203
4973,125220,125220,LAKEWOOD AVE SE@MILLER REED AVE SE,33.714512,-84.38131
4974,125235,125235,PRYOR RD@THIRKELD AVE,33.713457,-84.393568
4975,125236,125236,THORNTON ST@THORNTON PL,33.711725,-84.399054
4976,125244,125244,WEYMAN AVE@HANK AARON DR,33.72506,-84.388406
4977,126004,126004,BOULEVARD SE @ HAMILTON AVE SE,33.725974,-84.368324
4978,126014,126014,MCDONOUGH BLVD SE@GRANT ST SE,33.716571,-84.377881
4979,126016,126016,MCDONOUGH BLVD SE@ MILLER REED AVE S,33.715909,-84.376783
4980,126018,126018,MCDONOUGH BLVD SE@SAWTELL AVE SE,33.714039,-84.373804
4981,126020,126020,MCDONOUGH BLVD SE@PARK AVE SE,33.713808,-84.370066
4982,126022,126022,MCDONOUGH BLVD SE@BOULEVARD  SE,33.71363,-84.368067
4983,126024,126024,MCDONOUGH BLVD SE@BENTEEN AVE SE,33.713201,-84.366698
4984,126026,126026,MCDONOUGH BLVD SE @ FUNSTON AVE SE,33.712691,-84.365372
4985,126030,126030,MCDONOUGH BLVD SE @ BENTEEN AVE SE,33.713254,-84.3666
4986,126032,126032,MCDONOUGH BLVD SE @ BOULEVARD  SE,33.713827,-84.368349
4987,126036,126036,MCDONOUGH BLVD SE @ GAULT ST SE,33.713825,-84.372392
4988,126038,126038,MCDONOUGH BLVD SE@SAWTELL AVE,33.714272,-84.374033
4989,126040,126040,MCDONOUGH BLVD SE @ ERIC ST SE,33.715095,-84.375522
4990,126042,126042,MCDONOUGH BLVD SE@MILLER REED AVE S,33.715858,-84.376564
4991,126044,126044,MCDONOUGH BLVD SE @ GRANT ST SE,33.716607,-84.377772
4992,126062,126062,ENGLEWOOD AVE SE @ MAILING AVE SE,33.721934,-84.375472
4993,126068,126068,ENGLEWOOD AVE SE@GAULT ST SE,33.721936,-84.37056
4994,126074,126074,CUSTER AVE SE @ FUNSTON AVE SE,33.71714,-84.365287
4995,126078,126078,CUSTER AVE SE @ BOULEVARD SE,33.717175,-84.368004
4996,126082,126082,ENGLEWOOD AVE SE@GAULT ST SE,33.721981,-84.370669
4997,126086,126086,ENGLEWOOD AVE SE@460,33.722042,-84.373665
4998,126088,126088,ENGLEWOOD AVE SE@MAILING AVE SE,33.722032,-84.375635
4999,126092,126092,HILL ST SE @ 1110,33.722652,-84.378494
5000,126094,126094,HILL ST SE@1064,33.725471,-84.378456
5001,126096,126096,HILL ST SE@FARRINGTON AVE,33.726471,-84.378507
5002,126097,126097,HILL ST SE @ TUSKEGEE ST SE,33.728539,-84.378465
5003,126098,126098,CUSTER AVE SE @ BOULEVARD SE,33.717076,-84.367634
5004,126102,126102,CUSTER AVE SE @ 930,33.717089,-84.357496
5005,126104,126104,LAKEWOOD AVE SE@MILLER REED AVE SE,33.714306,-84.380844
5006,126106,126106,LAKEWOOD AVE SE@ANNE ST SE,33.713219,-84.380882
5007,126108,126108,LAKEWOOD AVE SE@ANNE ST SE,33.712952,-84.380554
5008,126120,126120,BOULEVARD SE @ BURROUGHS ST,33.71832,-84.368482
5009,126122,126122,BOULEVARD SE @ ENGLEWOOD AVE SE,33.720791,-84.368397
5010,126123,126123,HILL ST SE @ TUSKEGEE ST SE,33.728467,-84.378552
5011,126124,126124,HILL ST SE @ FARRINGTON AVE,33.726551,-84.378572
5012,126128,126128,ENGLEWOOD AVE@HILL ST,33.722127,-84.378382
5013,126130,126130,BOULEVARD SE @ ENGLEWOOD AVE SE,33.721507,-84.368571
5014,126132,126132,BOULEVARD SE @ BURROUGHS ST,33.718186,-84.368591
5015,126134,126134,HILL ST SE @ ORMOND ST,33.731399,-84.378474
5016,126136,126136,HILL ST SE @ ATLANTA AVE,33.730239,-84.378466
5017,126142,126142,MCDONOUGH BLVD SE @ ELLEBY RD SE,33.710275,-84.361242
5018,127012,127012,MORELAND AVE SE @ CUSTER AVE SE,33.71575,-84.349631
5019,127016,127016,MORELAND AVE SE @ EASTLAND RD SE,33.719069,-84.349586
5020,127020,127020,MORELAND AVE SE @ UNITED AVE,33.724538,-84.349522
5021,127021,127021,MORELAND AVE @ VICKERS ST,33.721871,-84.3495
5022,127022,127022,UNITED AVE @ MORELAND AVE SE,33.724001,-84.349609
5023,127024,127024,UNITED AVE @ MORELAND AVE SE,33.724236,-84.350021
5024,127030,127030,UNITED AVE @ 1089,33.72469,-84.352044
5025,127032,127032,UNITED AVE @ 1098,33.7248,-84.352036
5026,127033,127033,UNITED AVE @ WOODLAND AVE,33.72528,-84.353065
5027,127034,127034,UNITED AVE @ WOODLAND AVE SE,33.72552,-84.35318
5028,127036,127036,UNITED AVE @ ALLOWAY PL,33.726345,-84.355598
5029,127038,127038,UNITED AVE @ ALLOWAY PL SE,33.726433,-84.355698
5030,127040,127040,UNITED AVE @ UNDERWOOD AVE,33.72664,-84.357185
5031,127044,127044,CUSTER AVE SE @ 1278,33.71582,-84.346379
5032,127046,127046,MORELAND AVE SE@CUSTER AVE SE,33.715202,-84.349396
5033,127050,127050,MORELAND AVE SE @ EASTLAND RD SE,33.718872,-84.349423
5034,127052,127052,MORELAND AVE SE @ VILLAGE CREEK LNDG,33.722184,-84.349424
5035,127053,127053,MORELAND AVE@SKY HAVEN RD,33.724377,-84.349349
5036,127056,127056,WOODLAND AVE SE @ WOODLAND CIR SE,33.713509,-84.35302
5037,127058,127058,WOODLAND AVE SE @ CUSTER AVE SE,33.715559,-84.35307
5038,127064,127064,CUSTER AVE SE @ MORELAND AVE SE,33.715488,-84.348965
5039,127068,127068,CUSTER AVE SE @ BENTEEN PARK DR SE,33.717123,-84.361636
5040,127082,127082,CUSTER AVE SE @ WOODLAND AVE SE,33.715711,-84.353236
5041,127084,127084,CUSTER AVE SE @ FUNSTON AVE SE,33.717032,-84.365396
5042,127086,127086,CUSTER AVE SE @ 930,33.716972,-84.358137
5043,128002,128002,FLAT SHOALS RD SE@FAYETTEVILLE RD,33.72574,-84.322354
5044,128004,128004,FLAT SHOALS RD SE @ 2063,33.724449,-84.320117
5045,128006,128006,FLAT SHOALS RD SE@KEYSTONE DR,33.723422,-84.318551
5046,128008,128008,BOULDERVIEW DR SE @ 1882,33.704059,-84.31311
5047,128010,128010,BOULDERVIEW DR SE @ ROLLINGWOOD LN,33.704201,-84.316032
5048,128012,128012,ROLLINGWOOD LN SE @ 2796,33.705581,-84.315608
5049,128013,128013,ROLLINGWOOD LN SE@2740,33.70708,-84.31498
5050,128016,128016,ROLLINGWOOD LN SE @ 2684,33.708436,-84.313065
5051,128018,128018,ROLLINGWOOD LN SE@FLINTWOOD DR,33.710155,-84.31225
5052,128020,128020,FLINTWOOD DR SE@FLAGSTONE DR,33.71035,-84.31503
5053,128022,128022,VICKI LN SE@FLAGSTONE DR,33.711247,-84.31501
5054,128024,128024,VICKI LN SE@1897,33.71109,-84.31281
5055,128026,128026,WELLAND AVE SE @ BRANNEN RD SE,33.715436,-84.311956
5056,128028,128028,BRANNEN RD SE @ BOULDER RD SE,33.715526,-84.313532
5057,128030,128030,BRANNEN RD SE @ 2190,33.715052,-84.315433
5058,128032,128032,BRANNEN RD SE @ 2154,33.71506,-84.31747
5059,128034,128034,BRANNEN RD SE @ FLAGSTONE DR SE,33.71483,-84.31927
5060,128036,128036,BRANNEN RD SE @ ROCKCLIFF RD SE,33.714801,-84.320594
5061,128038,128038,BRANNEN RD SE @ DIANNE CT SE,33.715348,-84.323213
5062,128042,128042,BRANNEN RD SE @ CECILIA DR SE,33.717424,-84.325843
5063,128048,128048,BOULDERCREST DR SE @ FAYETTEVILLE RD SE,33.719403,-84.330026
5064,128050,128050,BOULDERCREST DR SE @ SMITH ST SE,33.72147,-84.331417
5065,128052,128052,BOULDERCREST DR SE @ MARY DELL DR SE,33.722777,-84.331939
5066,128054,128054,BOULDERCREST DR SE @ WAINWRIGHT DR SE,33.723833,-84.332178
5067,128056,128056,BOULDERCREST DR SE @ LOCHLAND RD SE,33.725364,-84.332504
5068,128058,128058,BOULDERCREST DR SE @ SMITH ST SE,33.721631,-84.331624
5069,128060,128060,BOULDERCREST DR SE @ SARGENT AVE SE,33.72061,-84.33093
5070,128062,128062,CECILIA DR SE @ BOULDERCREST RD SE,33.717097,-84.329347
5071,128064,128064,BRANNEN RD SE @ ROCKCLIFF RD SE,33.714739,-84.320681
5072,128068,128068,BRANNEN RD SE @ FLAGSTONE DR SE,33.71455,-84.31961
5073,128070,128070,ROLLINGWOOD LN SE @ FLINTWOOD DR SE,33.710012,-84.31237
5074,128074,128074,BOULDERCREST RD SE @ 2000,33.698098,-84.324322
5075,128076,128076,BOULDERCREST RD SE@SUGAR CREEK LN SE,33.701279,-84.32608
5076,128078,128078,BOULDERCREST RDSE@MARY LOU LN SE,33.702556,-84.326321
5077,128082,128082,BOULDERCREST RD @ GATES DR SE,33.707784,-84.328733
5078,128084,128084,BOULDERCREST RD SE@SUGAR MILL DR,33.709842,-84.330037
5079,128086,128086,BOULDERCREST RD SE@BOULDERWOODS DR,33.71089,-84.32958
5080,128088,128088,BOULDERCREST RD SE @ FOXHALL LN SE,33.712376,-84.329352
5081,128092,128092,BOULDERCREST RD SE@1470,33.714864,-84.329711
5082,128094,128094,BOULDERCREST RD SE @ CECILIA DR SE,33.716449,-84.329841
5083,128104,128104,EASTLAND RD SE@GLYNN DR SE,33.718739,-84.33728
5084,128108,128108,EASTLAND RD SE @ MCKENZIE TRCE SE,33.718516,-84.338948
5085,128110,128110,CUSTER AVE SE @ EASTLAND RD SE,33.718533,-84.340599
5086,128112,128112,CUSTER AVE SE @ 1410,33.718345,-84.341469
5087,128114,128114,CUSTER AVE SE @ 1378,33.71736,-84.343001
5088,128128,128128,FLAT SHOALS RD SE @ KEYSTONE DR,33.723377,-84.318268
5089,128130,128130,FLAT SHOALS RD @ 2051,33.724917,-84.320735
5090,128132,128132,FLAT SHOALS RD SE@FAYETTEVILLE RD,33.725839,-84.322398
5091,128134,128134,CUSTER AVE SE @ 1278,33.715704,-84.346184
5092,128136,128136,CUSTER AVE SE@1403,33.717226,-84.343033
5093,128138,128138,CUSTER AVE SE @ THE MANOR,33.718166,-84.341566
5094,128142,128142,EASTLAND RD SE @ FLATWOOD DR SE,33.71839,-84.339024
5095,128144,128144,EASTLAND RD SE@GLYNN DR SE,33.718587,-84.337665
5096,128146,128146,EASTLAND RD SE@HAZEL DR SE,33.718632,-84.335112
5097,128151,128151,BOULDERCREST DR SE @ FAYETTEVILLE RD SE,33.719269,-84.330111
5098,128152,128152,BOULDERCREST RD SE @ 1504,33.713092,-84.329396
5099,128153,128153,BOULDERCREST RD@CECILIA DR,33.71668,-84.32996
5100,128158,128158,BOULDERCREST RD SE@2000,33.69798,-84.324638
5101,128169,128169,VICKI LN SE@FLAGSTONE DR SE,33.711319,-84.31476
5102,128170,128170,FLINTWOOD DR SE @ ROCKCLIFF RD SE,33.710254,-84.313793
5103,128176,128176,BOULDERCREST RD@TOWN COUNTRY DR,33.709932,-84.330091
5104,128184,128184,BOULDERCREST RD@1470,33.714972,-84.32982
5105,128186,128186,BOULDERCREST RD @ MARY LOU LN,33.702565,-84.326418
5106,128188,128188,BOULDERCREST RD@1725,33.707363,-84.328363
5107,128190,128190,CECILIA DR SE @ BOULDERCREST RD SE,33.717245,-84.329831
5108,128192,128192,BOULDERCREST DR SE @ ORANGE BLOSSOM TER SE,33.723055,-84.332113
5109,128196,128196,BOULDERCREST RD SE@GATES DR SE,33.708204,-84.329352
5110,129002,129002,SOMBRERO WAY SE @ HORSESHOE DR SE,33.697909,-84.30983
5111,129004,129004,HORSESHOE DR@WEE KIRK RD,33.69958,-84.30997
5112,129005,129005,WHITES MILL RD @ BRANDENBERRY DR,33.709006,-84.294562
5113,129006,129006,WEE KIRK RD SE @ CLOVERLEAF DR SE,33.70033,-84.30851
5114,129008,129008,WEE KIRK RD SE @ GRESHAM RD SE,33.70092,-84.30759
5115,129010,129010,GRESHAM RD SE @ 2926,33.703235,-84.307699
5116,129012,129012,GRESHAM RD SE @ TALLY HO DR SE,33.704363,-84.30834
5117,129014,129014,BOULDERVIEW DR SE @ SAHARA DR,33.705375,-84.311295
5118,129016,129016,GRESHAM RD SE @ ZANE GREY DR,33.705706,-84.308763
5119,129018,129018,BOULDERVIEW DR SE @ HORSESHOE DR SE,33.706762,-84.3096
5120,129022,129022,VICKI LN SE@GRESHAM RD,33.71127,-84.30981
5121,129050,129050,FLAT SHOALS RD@REXFORD DR,33.713869,-84.304763
5122,129060,129060,FLAT SHOALS RD@FLAT SHOALS TER,33.713878,-84.304905
5123,129064,129064,FLAT SHOALS RD @ CLIFTON CHURCH RD SE,33.706599,-84.29993
5124,129066,129066,CLIFTON SPRINGS RD@CLIFTON CHURCH,33.700852,-84.300247
5125,129094,129094,CLIFTON CHURCH RD @ GRESHAM RD,33.697514,-84.302204
5126,129096,129096,GRESHAM RD SE @ COTTONWOOD DR,33.698221,-84.304974
5127,129098,129098,CORRAL DR SE @ GRESHAM RD SE,33.698893,-84.306223
5128,129100,129100,CORRAL DR SE @ SOMBRERO WAY SE,33.697716,-84.306931
5129,129107,129107,HORSESHOE DR SE @ APACHE TRL SE,33.69893,-84.30991
5130,129120,129120,TILSON RD@CRANBROOKE DR,33.722281,-84.294731
5131,129122,129122,TILSON RD@DAWN DR,33.721485,-84.295644
5132,129124,129124,TILSON RD@WALLINGFORD DR,33.719534,-84.298894
5133,129126,129126,TILSON RD@MARK TRL,33.719418,-84.301784
5134,129152,129152,2ND AVE @ TRAILWOOD RD,33.725963,-84.307879
5135,129164,129164,TILSON RD@WALLINGFORD DR,33.719409,-84.298494
5136,129166,129166,TILSON RD@DAWN DR,33.721035,-84.295929
5137,129168,129168,TILSON RD@FAIR LN,33.7222,-84.294698
5138,129169,129169,TILSON RD@TYLER WAY,33.723107,-84.2939
5139,129180,129180,CANDLER RD @ 2365,33.721336,-84.277245
5140,129182,129182,2ND AVE @ LONGDALE DR,33.72607,-84.307998
5141,129186,129186,2ND AVE @ JOSEPH CT,33.723895,-84.307977
5142,129190,129190,TILSON RD @ STARLINE DR,33.726031,-84.292436
5143,129192,129192,TILSON RD @ BIXLER CIR,33.726246,-84.292436
5144,129198,129198,TILSON RD @ TILSON CIR,33.723749,-84.293839
5145,129202,129202,TILSON RD @ TILSON RIDGE LN,33.719167,-84.301274
5146,129204,129204,TILSON RD @ 2095,33.719929,-84.304827
5147,129206,129206,TILSON RD @ 2128,33.720001,-84.304686
5148,129212,129212,2ND AVE @ 2319,33.721962,-84.307823
5149,129214,129214,2ND AVE @ EAST DR,33.723228,-84.30777
5150,129218,129218,CANDLER RD @ WHITES MILL RD,33.725606,-84.279146
5151,129220,129220,CANDLER RD @ ELLEN WAY,33.724263,-84.278484
5152,129222,129222,CANDLER RD @ TONEY DR,33.722562,-84.27767
5153,129226,129226,CANDLER RD @ TONEY DR,33.722401,-84.27726
5154,129228,129228,CANDLER RD @ ELLEN WAY,33.724352,-84.278364
5155,129230,129230,CANDLER RD @ OUSLEY CT,33.721241,-84.276825
5156,129236,129236,CANDLER RD @ WHITES MILL RD,33.725777,-84.278931
5157,129240,129240,BULL RUN DR @ BATTLE FORREST DR,33.702732,-84.287869
5158,129242,129242,BATTLE FORREST DR @ SHILOH DR,33.704815,-84.289686
5159,129244,129244,BATTLE FORREST DR@FLAT SHOALS RD,33.705872,-84.290065
5160,129246,129246,FLAT SHOALS RD@BATTLECREST DR,33.70569,-84.29205
5161,129250,129250,FLAT SHOALS RD@NORMA CIR,33.706039,-84.29528
5162,129282,129282,WHITES MILL RD @ TERRATIM LN,33.70693,-84.296258
5163,129284,129284,WHITES MILL RD@NORMA CIR,33.707932,-84.295584
5164,129286,129286,WHITES MILL RD @ MILLS BND,33.709328,-84.294073
5165,129292,129292,WHITES MILL RD @ TREGONEY DR,33.711581,-84.291539
5166,129293,129293,BATTLE FORREST DR @ MANASSAS LN,33.704473,-84.289728
5167,129294,129294,WHITES MILL RD @ HABITAT WAY,33.711333,-84.291917
5168,129296,129296,WHITES MILL RD @ FLAT SHOALS RD,33.706339,-84.296454
5169,129298,129298,WHITES MILL RD @ FLAT SHOALS RD,33.70617,-84.29668
5170,129952,129952,FLAT SHOALS RD @ BATTLECREST DR,33.70547,-84.292
5171,129956,129956,FLAT SHOALS RD@SHAWN WAYNE CT,33.720314,-84.312047
5172,129958,129958,FLAT SHOALS RD@SHAWN WAYNE CT,33.720239,-84.311453
5173,129960,129960,FLAT SHOALS RD@WOODCASTLE LN,33.721354,-84.314574
5174,130002,130002,KENNARD LN @ GREEN FORREST DR,33.726035,-84.259345
5175,130004,130004,GREEN FORREST DR @ GAY DR,33.722749,-84.258989
5176,130032,130032,GREEN FORREST DR @ BELLGREEN WAY,33.723743,-84.259303
5177,130034,130034,GREEN FORREST DR @ 2313,33.72198,-84.259294
5178,130036,130036,GREEN FORREST DR @ GLENDALE DR,33.721606,-84.263369
5179,130038,130038,GREEN FORREST DR @ GAY DR,33.721718,-84.262034
5180,130040,130040,GLENDALE DR @ 2246,33.72342,-84.26319
5181,130042,130042,GLENDALE DR @ GLENDALE CT,33.725044,-84.263508
5182,130044,130044,GLENDALE DR @ 2158,33.72664,-84.263171
5183,130050,130050,RAINBOW WAY @ CANDLER RD,33.71137,-84.271179
5184,130052,130052,CANDLER RD @ WINSTON MANOR DR,33.716751,-84.274522
5185,130054,130054,CANDLER RD @ EASTWYCK RD,33.715623,-84.273708
5186,130058,130058,CANDLER RD @ RAINBOW DR,33.709606,-84.271962
5187,130062,130062,CANDLER RD @ S RAINBOW DR,33.70667,-84.271997
5188,130064,130064,CANDLER RD @ FLAT SHOALS RD,33.705121,-84.271422
5189,130070,130070,CANDLER RD @ VALLEY RIDGE DR,33.719625,-84.276367
5190,130076,130076,CANDLER RD@WARREN RD,33.704745,-84.271183
5191,130080,130080,FLAT SHOALS RD @ FAIRLAKE DR,33.702426,-84.269425
5192,130084,130084,PANTHERSVILLE RD @ 2929,33.700233,-84.270437
5193,130086,130086,CANDLER RD @ S RAINBOW DR,33.706799,-84.271774
5194,130088,130088,CANDLER RD @ RAINBOW DR,33.709669,-84.271854
5195,130090,130090,CANDLER RD @ RAINBOW WAY,33.711379,-84.271581
5196,130092,130092,CANDLER RD @ EASTWYCK RD,33.71526,-84.273193
5197,130094,130094,CANDLER RD @ WINSTON MANOR DR,33.716381,-84.273956
5198,130096,130096,CANDLER RD @ MISTY WATERS DR,33.718143,-84.275124
5199,130098,130098,CANDLER RD @ VALLEY RIDGE DR,33.719786,-84.276302
5200,130100,130100,PANTHERSVILLE RD @ FLAT SHOALS RD,33.701649,-84.269608
5201,130102,130102,PANTHERSVILLE RD@2929,33.700752,-84.270363
5202,130104,130104,RAINBOW DR@KINGS PARK CIR,33.709295,-84.244115
5203,130106,130106,RAINBOW DR@KNOLLVIEW DR,33.70945,-84.24538
5204,130108,130108,RAINBOW DR@STARDUST TRL,33.710004,-84.247613
5205,130112,130112,RAINBOW DR @ COLUMBIA DR,33.711852,-84.252631
5206,130114,130114,RAINBOW DR @ DA VINCI BLVD,33.711881,-84.256304
5207,130116,130116,RAINBOW DR @ 3181,33.711005,-84.25939
5208,130117,130117,RAINBOW DR@RAINBOW CIR,33.709771,-84.261663
5209,130118,130118,RAINBOW DR @ DASH LEWIS DR,33.709747,-84.266975
5210,130120,130120,RAINBOW DR @ 2958,33.709784,-84.269213
5211,130122,130122,RAINBOW DR @ CANDLER RD,33.70983,-84.271528
5212,130124,130124,COLUMBIA DR@OREGON TRL,33.725822,-84.251152
5213,130126,130126,COLUMBIA DR@WOODS DR,33.723534,-84.251343
5214,130128,130128,COLUMBIA DR@COLUMBIA CT,33.721787,-84.251698
5215,130134,130134,COLUMBIA DR@COLUMBIA CROSSING DR,33.714111,-84.252762
5216,130136,130136,COLUMBIA DR@ABBEYWOOD DR,33.713234,-84.2528
5217,130140,130140,COLUMBIA DR@STARDUST CIR,33.708279,-84.25309
5218,130142,130142,COLUMBIA DR@STARDUST CIR,33.705658,-84.252968
5219,130144,130144,COLUMBIA DR @ EXCHANGE TRL,33.703869,-84.252749
5220,130146,130146,COLUMBIA DR@NEWBERRY DOWNS LN,33.70083,-84.25191
5221,130148,130148,COLUMBIA DR@COLUMBIA PKY,33.698862,-84.251611
5222,130156,130156,COLUMBIA DR@COLUMBIA PKY,33.698471,-84.251274
5223,130158,130158,COLUMBIA DR @ NEWBERRY DOWNS LN,33.700098,-84.251501
5224,130160,130160,COLUMBIA DR@TRALYN CT,33.703545,-84.252487
5225,130162,130162,COLUMBIA DR@STARDUST CIR,33.705521,-84.252502
5226,130164,130164,COLUMBIA DR@STARDUST CIR,33.708366,-84.252281
5227,130166,130166,COLUMBIA DR@RAINBOW DR,33.711547,-84.252319
5228,130168,130168,COLUMBIA DR@COLUMBIA CROSSING DR,33.714272,-84.252235
5229,130169,130169,COLUMBIA DR@COLUMBIA WOODS DR,33.718166,-84.25228
5230,130178,130178,RAINBOW DR@CANDLER RD,33.709758,-84.271441
5231,130180,130180,RAINBOW DR@2958,33.709713,-84.269268
5232,130182,130182,RAINBOW DR@DASH LEWIS DR,33.709667,-84.266725
5233,130184,130184,RAINBOW DR @ DA VINCI BLVD,33.711711,-84.257032
5234,130185,130185,RAINBOW DR@COMET CIR,33.71103,-84.25024
5235,130186,130186,RAINBOW DR @ COLUMBIA DR,33.711762,-84.252555
5236,130187,130187,RAINBOW DR@COMET CIR,33.71105,-84.250486
5237,130188,130188,RAINBOW DR@KNOLLVIEW DR,33.709376,-84.245506
5238,130189,130189,RAINBOW DR@RAINBOW RIDGE RD,33.709223,-84.244235
5239,130191,130191,RAINBOW DR@RAINBOW FOREST DR,33.709244,-84.242237
5240,130193,130193,RAINBOW DR@KINGS PARK CIR,33.709498,-84.239823
5241,130194,130194,COLUMBIA DR@WOODS DR,33.723339,-84.251605
5242,130196,130196,COLUMBIA DR@COLUMBIA WOODS DR,33.718485,-84.252419
5243,130198,130198,SOUTH DEKALB MALL (MACY'S),33.709874,-84.272898
5244,130200,130200,SOUTH DEKALB MALL (PICADILLY),33.708133,-84.273011
5245,130202,130202,COLUMBIA DR@TRALYN CT,33.704608,-84.25247
5246,130204,130204,COLUMBIA DR@TRALYN CT,33.704951,-84.25283
5247,130208,130208,COLUMBIA DR@CASA LINDA DR,33.722172,-84.251903
5248,130214,130214,CANDLER RD @ H F SHEPHERD DR,33.711477,-84.271635
5249,130218,130218,RAINBOW DR @ 3260,33.711765,-84.257336
5250,130220,130220,RAINBOW DR @ RAINBOW CIR,33.709941,-84.261477
5251,130222,130222,COLUMBIA DR@OREGON TRL,33.72569,-84.251358
5252,130224,130224,RAINBOW DR @ STARDUST TRL,33.709953,-84.247921
5253,130226,130226,COLUMBIA DR@RAINBOW DR,33.71119,-84.252712
5254,131002,131002,SNAPFINGER WOODS DR @ GOLF VISTA CIR,33.710083,-84.208084
5255,131005,131005,WESLEY CHAPEL RD @ SNAPFINGER WOODS DR,33.715875,-84.215365
5256,131010,131010,SNAPFINGER RD @ WESLEY CHAPEL RD,33.706133,-84.217205
5257,131014,131014,PLEASANTWOOD DR @ PLEASANT POINT DR,33.708697,-84.214324
5258,131020,131020,RAINBOW DR @ SNAPFINGER RD,33.7071,-84.220128
5259,131022,131022,RAINBOW DR @ KELLEY CHAPEL RD,33.707499,-84.223502
5260,131024,131024,RAINBOW DR@SHADOWBROOK DR,33.707511,-84.225801
5261,131026,131026,RAINBOW DR@CHERYLTON CT,33.70793,-84.228087
5262,131028,131028,RAINBOW DR@RAINBOW PKWY,33.708165,-84.229905
5263,131030,131030,RAINBOW DR@COCKLEBUR RD,33.70838,-84.23424
5264,131032,131032,RAINBOW DR@WHIRLAWAY DR,33.709039,-84.237412
5265,131034,131034,RAINBOW DR@KINGS PARK CIR,33.709596,-84.240062
5266,131036,131036,RAINBOW DR@RAINBOW FOREST DR,33.709401,-84.242018
5267,131040,131040,SNAPFINGER RD @ GREENTREE DR,33.726815,-84.235121
5268,131042,131042,SNAPFINGER RD @ NORTHSTRAND DR,33.724021,-84.233755
5269,131046,131046,SNAPFINGER RD @ 1948,33.721552,-84.231175
5270,131048,131048,SNAPFINGER RD @ EMERALD FALLS DR,33.720427,-84.230104
5271,131050,131050,SNAPFINGER RD @ SNAPFINGER CIR,33.718395,-84.228491
5272,131052,131052,SNAPFINGER RD @ TIFFANY DR,33.715345,-84.225623
5273,131054,131054,SNAPFINGER WOODS DR @ SNAPFINGER RD,33.714422,-84.224346
5274,131056,131056,SNAPFINGER WOODS DR @ WESLEY CHAPEL,33.715095,-84.216877
5275,131058,131058,WESLEY CHAPEL RD @ 2552,33.713802,-84.216133
5276,131060,131060,RAINBOW DR@CLOUD LN,33.7081,-84.23259
5277,131062,131062,RAINBOW DR@SNAPFINGER RD,33.706741,-84.22052
5278,131075,131075,SNAPFINGER RD@AUSTIN DR,33.727522,-84.23565
5279,131076,131076,SNAPFINGER RD @ ELKRIDGE DR,33.725762,-84.234844
5280,131077,131077,SNAPFINGER RD @ TIFFANY DR,33.715376,-84.225823
5281,131078,131078,SNAPFINGER RD @ TITAN RIDGE DR,33.724149,-84.233969
5282,131079,131079,SNAPFINGER RD @ EMERALD NORTH DR,33.723411,-84.233398
5283,131080,131080,SNAPFINGER WOODS DR @ 4185,33.714487,-84.220206
5284,131084,131084,WESLEY CHAPEL RD @ RIVERWOOD CIR,33.722388,-84.214499
5285,131086,131086,WESLEY CHAPEL RD @ WESLEY MEADOWDS DR,33.725082,-84.213995
5286,131088,131088,WESLEY CHAPEL RD@CANBY LN,33.724754,-84.214188
5287,131090,131090,WESLEY CHAPEL RD@WESLEY HALL DR,33.722277,-84.214696
5288,131092,131092,WESLEY CHAPEL RD@WINGFOOT PL,33.720039,-84.215469
5289,131094,131094,WESLEY CHAPEL RD @ S HAIRSTON RD,33.7175,-84.2155
5290,131129,131129,RAINBOW DR@CLOUD LN,33.708346,-84.232436
5291,131130,131130,SNAPFINGER WOODS DR @ FRIENDLY HEIGHTS BLVD,33.710219,-84.20295
5292,131133,131133,SNAPFINGER WOODS DR @ FRIENDLY HILLS DR,33.710108,-84.203869
5293,131136,131136,SNAPFINGER RD @ GREENTREE DR,33.726646,-84.235196
5294,131138,131138,SNAPFINGER RD @ 1939,33.721632,-84.231433
5295,131144,131144,SNAPFINGER WOODS DR @ WESLEY CHAPEL RD,33.714891,-84.216887
5296,131148,131148,SNAPFINGER WOODS DR @ 4150,33.714692,-84.220231
5297,131150,131150,SNAPFINGER RD @ EMERALD FALLS DR,33.720538,-84.230326
5298,131152,131152,SNAPFINGER RD @ ELKRIDGE DR,33.725634,-84.234687
5299,131154,131154,SNAPFINGER WOODS DR@GOLF VISTA CIR,33.71003,-84.208353
5300,131156,131156,SNAPFINGER WOODS DR @ E WESLEY CHAPEL WAY,33.710993,-84.209931
5301,131158,131158,PLEASANTWOOD DR@SNAPFINGER RD,33.705179,-84.214286
5302,131162,131162,SNAPFINGER RD@SNAPFINGER CIR,33.718553,-84.228808
5303,131166,131166,WESLEY CHAPEL RD @ S HAIRSTON RD,33.719178,-84.215274
5304,131172,131172,RAINBOW DR@SHADOWBROOK DR,33.707189,-84.225783
5305,131174,131174,RAINBOW DR@COCKLEBUR RD,33.708096,-84.234857
5306,132002,132002,SNAPFINGER WOODS DR @ 5330,33.709425,-84.171625
5307,132004,132004,SNAPFINGER WOODS DR @ PARK CENTRAL BLVD,33.709427,-84.173529
5308,132006,132006,SNAPFINGER WOODS DR @ 5068,33.711048,-84.179319
5309,132008,132008,SNAPFINGER WOODS DR @ MILLER RD (W),33.71131,-84.184263
5310,132010,132010,SNAPFINGER WOODS DR @ SHELL BARK RD,33.711342,-84.190103
5311,132012,132012,SNAPFINGER WOODS DR @ QUAIL RUN,33.71131,-84.192715
5312,132020,132020,COVINGTON HWY @ MILLER RD,33.72575,-84.181828
5313,132022,132022,COVINGTON HWY @ MILLER RD,33.725641,-84.182044
5314,132024,132024,COVINGTON HWY@5816,33.724178,-84.178558
5315,132026,132026,COVINGTON HWY @ THICKET WAY,33.724709,-84.178726
5316,132028,132028,COVINGTON HWY@SCARBROUGH DR,33.724077,-84.175289
5317,132030,132030,COVINGTON HWY@SCARBROUGH DR,33.724327,-84.175583
5318,132032,132032,COVINGTON HWY @ PARK CENTRAL BLVD,33.723975,-84.17317
5319,132033,132033,COVINGTON HWY@6049,33.723604,-84.169953
5320,132048,132048,SNAPFINGER WOODS DR @ QUAIL RUN,33.711244,-84.193023
5321,132050,132050,SNAPFINGER WOODS DR @ SHELLBARK RD,33.711195,-84.189863
5322,132052,132052,SNAPFINGER WOODS DR @ TREECREST PKY,33.711229,-84.187961
5323,132054,132054,SNAPFINGER WOODS DR@LITHONIA WAY,33.711198,-84.184636
5324,132056,132056,SNAPFINGER WOODS DR @ MILLER RD,33.710918,-84.17934
5325,132058,132058,SNAPFINGER WOODS DR @ EASTERLY PL,33.709325,-84.175708
5326,132062,132062,MILLER RD @ PANOLA INDUSTRIAL BLVD,33.706657,-84.181095
5327,132064,132064,MILLER RD @ PANOLA INDUSTRIAL BLVD,33.706424,-84.181116
5328,132080,132080,MILLER RD@SNAPFINGER WOODS DR,33.71019,-84.180314
5329,132082,132082,MILLER RD @ SNAPFINGER WOODS DR,33.709838,-84.180358
5330,132106,132106,SNAPFINGER WOODS DR @ MILLER RD (E),33.711317,-84.182176
5331,132114,132114,SNAPFINGER WOODS DR@MILLER RD,33.711075,-84.180962
5332,132116,132116,SNAPFINGER WOODS DR @ TREECREST PKWY,33.711368,-84.187757
5333,132118,132118,SNAPFINGER WOODS DR@PARK CENTRAL B,33.709314,-84.173753
5334,132120,132120,SNAPFINGER WOODS DR @ LANTRAC CT,33.709434,-84.175951
5335,133002,133002,SNAPFINGER WOODS DR@PANOLA RD,33.709064,-84.170387
5336,133004,133004,SNAPFINGER WOODS DR@PANOLA RD,33.708759,-84.168686
5337,133006,133006,PANOLA RD @ PANOLA INDUSTRIAL BLVD,33.707134,-84.169258
5338,133008,133008,PANOLA RD@SNAPFINGER PARK DR,33.705357,-84.169937
5339,133014,133014,FAIRINGTON RD @ TIBURON DR,33.702407,-84.149893
5340,133015,133015,FAIRINGTON RD @ CHUPP WAY,33.701894,-84.147674
5341,133018,133018,FAIRINGTON RD @ WALMART DR,33.701315,-84.170042
5342,133020,133020,HILLANDALE DR @ 6136,33.705959,-84.140274
5343,133022,133022,HILLANDALE DR @ SOMERSET PKWY,33.705636,-84.142776
5344,133028,133028,FAIRINGTON RD @ TIBURON DR,33.702395,-84.149498
5345,133029,133029,FAIRINGTON RD @ CHUPP WAY,33.702009,-84.148159
5346,133030,133030,FAIRINGTON RD @ WILLOWICK DR,33.702897,-84.155372
5347,133038,133038,PANOLA RD @ HILLANDALE PARK CT,33.705078,-84.169656
5348,133040,133040,PANOLA RD @ HILLANDALE DR,33.707488,-84.168748
5349,133042,133042,SNAPFINGER WOODS DR @ PANOLA RD,33.709088,-84.168601
5350,133044,133044,PANOLA RD @ 2944,33.702059,-84.17092
5351,133046,133046,COVINGTON HWY@PARK CENTRAL BLVD,33.724195,-84.172918
5352,133049,133049,COVINGTON HWY @ 6038,33.723722,-84.171094
5353,133050,133050,COVINGTON HWY @ PANOLA RD,33.723202,-84.167702
5354,133052,133052,COVINGTON HWY @ PANOLA RD,33.722957,-84.168035
5355,133064,133064,COVINGTON HWY@GLEN BRIAR WAY,33.721852,-84.161843
5356,133066,133066,COVINGTON HWY @ GLEN BRIAR WAY,33.722134,-84.16232
5357,133081,133081,COVINGTON HWY @ COVE LAKE RD,33.719481,-84.15417
5358,133083,133083,COVINGTON HWY@DEKALB MEDICAL PKY,33.717492,-84.146101
5359,133085,133085,COVINGTON HWY@WOODCREST WALK,33.717046,-84.14165
5360,133087,133087,COVINGTON HWY @ HILLVALE RD (E),33.71648,-84.135175
5361,133091,133091,COVINGTON HWY @ LITHONIA WEST DR,33.716112,-84.127601
5362,133095,133095,COVINGTON HWY @ PHILLIPS RD,33.716584,-84.129507
5363,133097,133097,COVINGTON HWY@WELLINGTON CIR,33.71657,-84.135533
5364,133099,133099,COVINGTON HWY@WOODCREST WALK,33.717136,-84.141911
5365,133111,133111,COVINGTON HWY@PANOLA RD,33.722667,-84.165305
5366,133115,133115,COVINGTON HWY@6835,33.717063,-84.139471
5367,133124,133124,COVINGTON HWY@CRAGSTONE CT,33.71665,-84.13295
5368,133126,133126,COVINGTON HWY@CRAGSTONE CT,33.716305,-84.133565
5369,133128,133128,FAIRINGTON RD @ FAIRINGTON PKY,33.702882,-84.165013
5370,133130,133130,FAIRINGTON RD @ WALMART DR,33.701975,-84.169401
5371,133132,133132,COVINGTON HWY@6025,33.72357,-84.171171
5372,133136,133136,EMORY HILLANDALE HOSPITAL (5910),33.705027,-84.148418
5373,133138,133138,COVINGTON HWY@LITHONIA INDUSTRIAL,33.714051,-84.123979
5374,133140,133140,COVINGTON HWY @ LITHONIA INDUSTRIAL BLVD,33.714503,-84.124836
5375,133142,133142,COVINGTON HWY @ WELLINGTON CHASE CT,33.715938,-84.126527
5376,133144,133144,COVINGTON HWY @ STRATHMOOR MANOR DR,33.720776,-84.157702
5377,133146,133146,COVINGTON HWY@PHILLIPS RD,33.716181,-84.129525
5378,133148,133148,COVINGTON HWY @ CHUPP RD,33.707492,-84.115616
5379,133150,133150,COVINGTON HWY@STRATHMOOR MANOR DR,33.720579,-84.157518
5380,133152,133152,COVINGTON HWY@7295,33.713005,-84.123544
5381,133154,133154,FAIRINGTON RD @ WALDEN BROOK DR,33.702765,-84.160217
5382,133156,133156,FAIRINGTON RD @ WALDEN BROOK DR,33.702918,-84.157892
5383,133158,133158,COVINGTON HWY @ 7290,33.712443,-84.122377
5384,134001,134001,COVINGTON HWY @ DEKALB MEDICAL PKY,33.717559,-84.1451
5385,134003,134003,COVINGTON HWY @ WELLBORN RD,33.719769,-84.154564
5386,134004,134004,HILLANDALE DR @ LITHONIA INDUSTRIAL,33.706882,-84.130598
5387,134005,134005,COVINGTON HWY @ PANOLA RD,33.722821,-84.165247
5388,134010,134010,EVANS MILL RD @ 2746,33.70457,-84.11474
5389,134013,134013,S STONE MOUNTAIN LITHONIA RD @ 2843,33.72237,-84.10963
5390,134014,134014,MAIN ST @ KLONDIKE RD,33.70916,-84.110551
5391,134015,134015,S STONE MOUNTAIN LITHONIA RD @ 2843,33.72227,-84.10948
5392,134016,134016,MAX CLELAND BLVD @ BOND ST,33.710866,-84.108797
5393,134020,134020,SWIFT ST @ MAIN ST,33.712714,-84.106358
5394,134036,134036,MAIN ST @ REAGIN ST,33.708375,-84.112302
5395,134038,134038,EVANS MILL RD @ COVINGTON HWY,33.706159,-84.11422
5396,134040,134040,EVANS MILL RD @ DAVIDSON DR,33.70435,-84.11533
5397,134042,134042,EVANS MILL RD @ DAVIDSON DR,33.70351,-84.11556
5398,134050,134050,OLD HILLANDALE DR @ LITHONIA INDUSTRIAL,33.704124,-84.130615
5399,134052,134052,HILLANDALE DR @ HILLANDALE PARK DR,33.705515,-84.135234
5400,134056,134056,STONE MOUNTAIN ST @ IDA ST,33.716031,-84.107864
5401,134058,134058,STONE MOUNTAIN ST@TRIBBLE ST,33.718248,-84.107967
5402,134064,134064,STONE MOUNTAIN ST @ TRIBBLE ST,33.718349,-84.108276
5403,134066,134066,STONE MOUNTAIN ST @ IDA ST,33.715654,-84.107979
5404,134078,134078,HILLANDALE DR @ 6170,33.706063,-84.137684
5405,134080,134080,EVANS MILL RD @ HILLANDALE DR,33.702402,-84.115936
5406,134084,134084,HILLANDALE DR @ 6170,33.705912,-84.138785
5407,134088,134088,MALL AT STONECREST,33.698937,-84.099228
5408,134090,134090,MALL PKWY @ EVANS MILL RD,33.699248,-84.117083
5409,134092,134092,MALL PKY @ EVANS MILL RD,33.699468,-84.117169
5410,134094,134094,COVINGTON HWY@LAYTON DR,33.709563,-84.119033
5411,134096,134096,COVINGTON HWY@LAYTON DR,33.709599,-84.118401
5412,134102,134102,EVANS MILL RD @ DAVIDSON DR,33.707553,-84.113174
5413,134104,134104,MAIN ST @ REAGIN ST,33.708223,-84.112357
5414,134106,134106,S STONE MOUNTAIN LITHONIA RD @ MARBUT RD,33.726689,-84.110985
5415,134110,134110,MALL PKWY @ KLONDIKE RD,33.698472,-84.108563
5416,134112,134112,MALL PKWY @ KLONDIKE RD,33.698657,-84.107984
5417,134114,134114,STONE MOUNTAIN ST @ COLLEGE AVE,33.713719,-84.108338
5418,134116,134116,STONE MOUNTAIN ST @ COLLEGE AVE,33.713641,-84.107954
5419,136002,136002,LANGSTON AVE SW@KATHERWOOD DR SW,33.70998,-84.422815
5420,136004,136004,LANGSTON AVE SW@HARTE DR SW,33.708076,-84.422081
5421,136006,136006,LANGSTON AVE SW@VICTORY DR SW,33.706988,-84.42126
5422,136008,136008,LANGSTON AVE SW@BIRCH ST SW,33.705494,-84.420761
5423,136010,136010,LANGSTON AVE SW@BIRCH ST SW,33.705605,-84.420486
5424,136012,136012,LANGSTON AVE SW @ SYLVAN PL SW,33.704321,-84.419404
5425,136014,136014,LANGSTON AVE SW @ SYLVAN RD SW,33.702071,-84.418296
5426,136016,136016,SYLVAN RD SW@ASTOR AVE SW,33.701471,-84.418285
5427,136033,136033,SYLVAN RD SW @ BRIDGEWATER ST SW,33.702832,-84.418101
5428,136036,136036,SYLVAN RD SW@SYLVAN PL SW,33.705147,-84.418159
5429,136038,136038,SYLVAN RD SW @ MELROSE DR SW,33.706099,-84.418138
5430,136042,136042,SYLVAN RD SW@WOODBOURNE DR SW,33.709873,-84.418121
5431,136043,136043,SYLVAN RD SW@VICTORY DR SW,33.707719,-84.418129
5432,136046,136046,SYLVAN RD SW @ KATHERWOOD DR SW,33.71121,-84.418209
5433,136048,136048,SYLVAN RD SW@WOODBOURNE DR SW,33.710172,-84.418197
5434,136050,136050,SYLVAN RD SW@HARTE DR SW,33.709214,-84.418207
5435,136052,136052,SYLVAN RD SW@VICTORY DR SW,33.707827,-84.418205
5436,136054,136054,SYLVAN RD SW @ HOPE DR SW,33.706815,-84.418237
5437,136056,136056,SYLVAN RD SW@MELROSE DR SW,33.705965,-84.418225
5438,136058,136058,SYLVAN RD SW@SYLVAN PL SW,33.70498,-84.418245
5439,136062,136062,SYLVAN RD SW @ LANGSTON AVE SW,33.703295,-84.418312
5440,136080,136080,SYLVAN RD SW@HARTE DR SW,33.709214,-84.41812
5441,136104,136104,ASTOR AVE SW@1082,33.701502,-84.423901
5442,136106,136106,ASTOR AVE SW@BILLUPS ST SW,33.70145,-84.421652
5443,136108,136108,ASTOR AVE SW@SYLVAN RD SW,33.701092,-84.418526
5444,136110,136110,SYLVAN RD SW@ESTES DR,33.699314,-84.418098
5445,136114,136114,HARDEE AVE @ WOMACK AVE,33.699697,-84.430656
5446,136116,136116,ASTOR AVE SW@1069,33.70157,-84.42391
5447,136124,136124,SYLVAN RD SW@ESTES DR,33.69941,-84.41843
5448,136132,136132,ASTOR AVE SW@BILLUPS ST SW,33.701513,-84.421566
5449,136134,136134,ASTOR AVE @ SYLVAN RIDGE DR,33.70148,-84.41946
5450,136140,136140,LANGSTON AVE@KATHERWOOD DR,33.710168,-84.423149
5451,136142,136142,LANGSTON AVE@HARTE DR,33.708346,-84.422566
5452,136148,136148,LANGSTON AVE@VICTORY DR,33.707248,-84.421857
5453,136150,136150,LANGSTON AVE@SYLVAN PL,33.704272,-84.419614
5454,136900,136900,LEE ST SW@DESHLER ST  SW,33.700637,-84.429884
5455,136901,136901,LAKEWOOD STATION,33.700649,-84.429541
5456,137008,137008,METROPOLITAN PKY SW@CLAIRE DR SW,33.710438,-84.408165
5457,137010,137010,PRYOR RD SW@HILLTOP DR SW,33.69894,-84.398987
5458,137012,137012,PRYOR RD SW@LAKEWOOD WAY SW,33.700241,-84.398924
5459,137014,137014,PRYOR RD SW@ASHWOOD AVE SW,33.705342,-84.398926
5460,137016,137016,ASHWOOD AVE SW@PICKFAIR WAY SW,33.705253,-84.39933
5461,137020,137020,BOND DR SW@GIBEN RD SW,33.70564,-84.40127
5462,137022,137022,BOND DR SW@AMAL DR SW,33.707883,-84.401973
5463,137024,137024,AMAL DR SW@GIBEN RD SW,33.707696,-84.400637
5464,137026,137026,AMAL DR SW @ GIBEN RD SW,33.707446,-84.399115
5465,137028,137028,METROPOLITAN PKY SW@MT ZION RD SW,33.672787,-84.408485
5466,137030,137030,METROPOLITAN PKY SW@GRAND AVE SW,33.674068,-84.408409
5467,137036,137036,METROPOLITAN PKY SW@CLEVELAND AVE S,33.679424,-84.407944
5468,137038,137038,METROPOLITAN PKY SW@CLEVELAND AVE S,33.681059,-84.40758
5469,137040,137040,METROPOLITAN PKY SW @ CONNELL AVE SW,33.682827,-84.4077
5470,137041,137041,METROPOLITAN PKY SW@LAKEWOOD AVE SW,33.696988,-84.40792
5471,137042,137042,METROPOLITAN PKY SW@LANGSTON DR SW,33.694911,-84.407991
5472,137044,137044,METROPOLITAN PKWY SW @ CASPLAN ST SW (S),33.707047,-84.407948
5473,137048,137048,METROPOLITAN PKY SW@CASPLAN ST SW,33.707402,-84.408134
5474,137054,137054,METROPOLITAN PKWY SW @ CLAIRE DR SW,33.710117,-84.407837
5475,137056,137056,METROPOLITAN PKWY SW @ 1577,33.712053,-84.407715
5476,137062,137062,METROPOLITAN PKWY SW @ GRANT ST SW,33.70265,-84.40815
5477,137066,137066,METROPOLITAN PKY @SAINT JOHNS AVE S,33.699142,-84.408356
5478,137069,137069,METROPOLITAN PKY SW@LAKEWOOD AVE SW,33.697298,-84.408155
5479,137070,137070,PRYOR RD SW@HILLTOP DR SW,33.699192,-84.399185
5480,137072,137072,LAKEWOOD WAY SW@PRYOR RD SW,33.700446,-84.39887
5481,137074,137074,METROPOLITAN PKY @SAINT JOHNS AVE S,33.698994,-84.407903
5482,137078,137078,METROPOLITAN PKY @ FAIR DR,33.703148,-84.407921
5483,137082,137082,ATLANTA METRO STATE COLLEGE,33.71046,-84.404105
5484,137090,137090,METROPOLITAN PK@FAIR DR,33.703519,-84.408214
5485,138002,138002,JONESBORO RD SE@LETHEA ST SE,33.709336,-84.381146
5486,138004,138004,JONESBORO RD SE @ MARGARET ST SE,33.711254,-84.381989
5487,138005,138005,JONESBORO RD SE@MOURY AVE SE,33.713116,-84.382532
5488,138006,138006,JONESBORO RD SE@LETHEA ST SE,33.709497,-84.381342
5489,138008,138008,LAKEWOOD WAY SW@215,33.70023,-84.396927
5490,138010,138010,LAKEWOOD WAY SW@HILLTOP DR SW,33.699707,-84.393176
5491,138012,138012,LAKEWOOD AVE SW@MACON DR SW,33.699451,-84.391396
5492,138014,138014,LAKEWOOD AVE SW@2000,33.700371,-84.388374
5493,138016,138016,LAKEWOOD AVE SW@LAKEWOOD TERR SE,33.701176,-84.386299
5494,138018,138018,LAKEWOOD AVE SW@TERRACE WAY SE,33.702579,-84.383904
5495,138020,138020,LAKEWOOD AVE SE @ CONRAD AVE SE,33.703437,-84.382511
5496,138034,138034,PRYOR RD SW@PRYOR CIR SW,33.709938,-84.393565
5497,138036,138036,PRYOR RD SW@CLAIRE DR,33.70867,-84.39441
5498,138038,138038,PRYOR RD SW@AMAL DR,33.70778,-84.396225
5499,138040,138040,PRYOR RD SW@AMAL DR SW,33.707018,-84.397561
5500,138054,138054,LAKEWOOD AVE@TERRACE WAY,33.702957,-84.383667
5501,138055,138055,LAKEWOOD AVE@OLIVE ST,33.701644,-84.386228
5502,138064,138064,LAKEWOOD WAY SW@215,33.700537,-84.396643
5503,138066,138066,LAKEWOOD WAY SW@HILLTOP DR SW,33.699829,-84.393303
5504,138068,138068,LAKEWOOD AVE SW@LAKEWOOD WAY SW,33.699589,-84.391685
5505,138070,138070,LAKEWOOD AVE SW@2081,33.700645,-84.388474
5506,138072,138072,LAKEWOOD AVE@SHADYDALE AVE,33.70203,-84.385302
5507,138076,138076,LAKEWOOD AVE SW@CONRAD AVE SE,33.703786,-84.382359
5508,138080,138080,PRYOR RD SW@ MELDON AVE,33.712051,-84.393415
5509,138084,138084,PRYOR RD@1600,33.710431,-84.393381
5510,138086,138086,PRYOR RD @ CLAIRE DR,33.708783,-84.394086
5511,138088,138088,PRYOR RD SW @ AMAL DR,33.707553,-84.396025
5512,138090,138090,THORNTON ST SW@LINCOLN ST SW,33.711796,-84.399956
5513,138092,138092,THORNTON ST SW @ ARTHUR LANGFORD JR PL SW,33.711708,-84.397794
5514,138094,138094,ARTHUR LANGFORD JR PL SW @ BOOKER ST SW,33.712308,-84.397707
5515,138100,138100,LAKEWOOD AVE@SHADYDALE AVE,33.701912,-84.385002
5516,138102,138102,LAKEWOOD AVE@CLAIRE DR,33.705212,-84.380524
5517,138104,138104,LAKEWOOD AVE@ADAIR AVE,33.706348,-84.380363
5518,138106,138106,JONESBORO RD@LAKEWOOD AVE,33.707535,-84.38015
5519,138350,138350,METROPOLITAN PKY SW@STEVE DR SW,33.675796,-84.40845
5520,139004,139004,LAKEWOOD AVE SE@CLAIRE DR SE,33.705237,-84.380198
5521,139006,139006,LAKEWOOD AVE SE@ADAIR AVE SE,33.705954,-84.379953
5522,139008,139008,JONESBORO RD SE @ BROWNS MILL RD,33.703117,-84.376709
5523,139012,139012,BROWNS MILL RD SE@ADELLE ST SE,33.700719,-84.375871
5524,139014,139014,BROWNS MILL RD SE@2039,33.698606,-84.374588
5525,139016,139016,BROWNS MILL RD SE@MERRILYN DR SE,33.699028,-84.374725
5526,139018,139018,BROWNS MILL RD SE@ADELLE ST SE,33.7005,-84.37558
5527,139020,139020,BROWNS MILL RD SE@JONESBORO RD SE,33.702709,-84.376502
5528,139042,139042,LAKEWOOD AVE SE@LETHEA ST SE,33.709759,-84.380043
5529,139044,139044,LAKEWOOD AVE SE@RICHMOND AVE SE,33.7099,-84.379784
5530,139046,139046,LAKEWOOD AVE SE @ LIVERMORE ST SE,33.708366,-84.380135
5531,139048,139048,LAKEWOOD AVE SE @ LIVERMORE ST SE,33.70768,-84.379944
5532,139050,139050,JONESBORO RD SE@WHATLEY ST SE,33.706679,-84.379645
5533,140002,140002,MCDONOUGH BLVD SE @ PARK RD SE,33.71134,-84.363068
5534,140004,140004,MCDONOUGH BLVD SE@ELLEBY RD SE,33.710284,-84.361405
5535,140006,140006,MCDONOUGH BLVD SE @ NEW TOWN CIR,33.709747,-84.360655
5536,140008,140008,MCDONOUGH BLVD @ MORELAND DR,33.708942,-84.359405
5537,140024,140024,MCDONOUGH BLVD SE @ HENRY THOMAS DR SE,33.706186,-84.35659
5538,140056,140056,FORREST PARK RD SE@THOMASVILLE DR S,33.698317,-84.35889
5539,140058,140058,THOMASVILLE DR SE @ FORREST PARK RD SE,33.698272,-84.358716
5540,140076,140076,MCDONOUGH BLVD SE @ HENRY THOMAS DR SE,33.706132,-84.356275
5541,140078,140078,MCDONOUGH BLVD SE @ WELCH ST SE,33.707994,-84.358253
5542,140082,140082,MCDONOUGH BLVD SE @ PARK RD SE,33.711582,-84.363263
5543,140084,140084,MORELAND AVE SE @ MCDONOUGH BLVD SE,33.704774,-84.349633
5544,140086,140086,MORELAND AVE SE @ MORELAND DR SE,33.709391,-84.349654
5545,140088,140088,TURNER RD SE@VELMA ST SE,33.699833,-84.355125
5546,140094,140094,TURNER RD SE@KIPLING ST SE,33.70342,-84.354829
5547,140098,140098,HENRY THOMAS DR SE (W) @ MCDONOUGH BLVD SE,33.705211,-84.355296
5548,140104,140104,MORELAND AVE SE @ MCDONOUGH BLVD SE,33.704254,-84.349473
5549,140106,140106,MORELAND AVE@MORELAND INDUSTRIAL B,33.708984,-84.349388
5550,140108,140108,MORELAND AVE@1460,33.711796,-84.349419
5551,140110,140110,MORELAND AVE SE @ ISA DR SE,33.700333,-84.34945
5552,140118,140118,MORELAND DR @ WOODLAND AVE,33.709078,-84.352288
5553,140120,140120,WOODLAND AVE SE @ 1608,33.710913,-84.352463
5554,140150,140150,MORELAND AVE SE@ISA DR SE,33.700711,-84.349699
5555,140153,140153,MORELAND AVE SE @ HILLCREST DR SE,33.69814,-84.349514
5556,140154,140154,MORELAND AVE SE@HILLCREST DR,33.698869,-84.34972
5557,140156,140156,KIPLING ST SE @ HENRY THOMAS DR SE (E),33.702624,-84.352188
5558,140158,140158,MORELAND AVE @ 1475,33.71278,-84.349644
5559,140170,140170,MCDONOUGH BLVD @ HENRY THOMAS DR,33.705381,-84.355492
5560,140176,140176,HENRY THOMAS DR SE (E) @ MCDONOUGH BLVD SE,33.704352,-84.351099
5561,140178,140178,HENRY THOMAS DR SE (E) @ KIPLING ST SE,33.703002,-84.351936
5562,140184,140184,MCDONOUGH BLVD @ WELCH ST,33.707967,-84.35834
5563,140186,140186,ALPHARETTA HWY @ ELKINS RD,34.052054,-84.334336
5564,140192,140192,ALPHARETTA HWY@WILLS RD,34.066191,-84.312137
5565,140194,140194,ALPHARETTA HWY@WILLS RD,34.066092,-84.311169
5566,144002,144002,CAMPBELLTON RD SW @ BARGE RD SW,33.690096,-84.506289
5567,144006,144006,BARGE RD SW @ CAMPBELLTON RD SW,33.689084,-84.506364
5568,144008,144008,BARGE RD SW @ 2440,33.688216,-84.506209
5569,144010,144010,BARGE RD SW @ MELLWOOD PL SW,33.686631,-84.506303
5570,144012,144012,BARGE RD SW @ MELLWOOD PL SW,33.686605,-84.506216
5571,144014,144014,BARGE RD SW @ BUNKER HILL DR SW,33.684635,-84.506342
5572,144016,144016,BARGE RD SW @ BUNKER HILL DR SW,33.684403,-84.506238
5573,144018,144018,GREENBRIAR PKWY SW @ BARGE RD SW,33.682854,-84.505914
5574,144020,144020,GREENBRIAR PKWY SW @ 3480,33.682966,-84.503503
5575,144022,144022,GREENBRIAR PKWY SW @ 3480,33.682972,-84.504494
5576,144024,144024,GREENBRIAR PKWY SW @ BARGE RD SW,33.682926,-84.506088
5577,144028,144028,BARGE RD SW @ BEN HILL CT,33.697457,-84.506295
5578,144030,144030,BARGE RD @ PINE KNOLL AVE,33.694445,-84.506303
5579,144032,144032,BARGE RD SW @ PACIFIC DR SW,33.693077,-84.506259
5580,144034,144034,BARGE RD SW @ CAMPBELLTON RD SW,33.690332,-84.506289
5581,144036,144036,CAMPBELLTON RD SW@3667,33.690083,-84.507713
5582,144038,144038,CAMPBELLTON RD SW@3709,33.690395,-84.509864
5583,144040,144040,CAMPBELLTON RD SW@FAIRBURN RD SW,33.69067,-84.511353
5584,144042,144042,CAMPBELLTON RD SW@CAMP GROUND RD,33.690819,-84.51295
5585,144052,144052,COUNTY LINE RD SW @ CAMPBELLTON RD SW,33.695776,-84.534971
5586,144054,144054,COUNTY LINE RD@RIO GRANDE RD,33.692036,-84.534331
5587,144056,144056,COUNTY LINE RD SW@CREEK VALLEY CT S,33.690218,-84.534391
5588,144058,144058,COUNTY LINE RD SW@KIMBALL RD SW,33.6892,-84.534227
5589,144060,144060,COUNTY LINE RD SW@ROLLING HILL RD S,33.688102,-84.5339
5590,144062,144062,COUNTY LINE RD SW@SAHARA DR,33.687002,-84.534218
5591,144064,144064,COUNTY LINE RD SW@FERNBANK DR SW,33.684674,-84.536342
5592,144068,144068,COUNTY LINE RD SW@BUTNER RD SW,33.680822,-84.537744
5593,144070,144070,BUTNER RD SW@2656,33.68207,-84.535749
5594,144072,144072,BUTNER RD SW @ 2636,33.683132,-84.533798
5595,144074,144074,BUTNER RD SW @ 2616,33.684726,-84.531911
5596,144076,144076,BUTNER RD SW @ 2598,33.685982,-84.530242
5597,144078,144078,BUTNER RD SW @ 2578,33.687059,-84.529082
5598,144080,144080,BUTNER RD SW @ 2511,33.688037,-84.52789
5599,144084,144084,BUTNER RD@PALMETTO AVE,33.689957,-84.525157
5600,144086,144086,BUTNER RD SW@BLANTON AVE SW,33.690767,-84.522922
5601,144088,144088,BUTNER RD SW@FAIRBURN AVE SW,33.69188,-84.521208
5602,144090,144090,BUTNER RD SW@WAITS AVE SW,33.692625,-84.51995
5603,144092,144092,BUTNER RD SW@DANIEL RD SW,33.693146,-84.518984
5604,144094,144094,CAMPBELLTON@3911,33.692148,-84.516179
5605,144096,144096,CAMPBELLTON RD SW@CAMP GROUND RD,33.690925,-84.514015
5606,144097,144097,CAMPBELLTON RD SW@CAMP GROUND RD SW,33.69081,-84.513374
5607,144098,144098,CAMPBELLTON RD SW@FAIRBURN RD SW,33.690607,-84.511581
5608,144100,144100,CAMPBELLTON RD SW@3901,33.691202,-84.514341
5609,144102,144102,CAMPBELLTON RD SW@3911,33.692537,-84.516651
5610,144104,144104,CAMPBELLTON RD SW@BUTNER RD SW,33.6937,-84.519149
5611,144106,144106,CAMPBELLTON RD SW@KIMBERLY RD,33.694331,-84.520939
5612,144108,144108,CAMPBELLTON RD SW @ KIMBERLY RD SW,33.695354,-84.523788
5613,144110,144110,CAMPBELLTON RD SW@NISKEY LAKE RD SW,33.695702,-84.527493
5614,144112,144112,NISKEY LAKE RD SW@CAMPBELLTON RD,33.697663,-84.527846
5615,144114,144114,NISKEY LAKE RD SW@2057,33.699437,-84.528339
5616,144116,144116,N CAMP CREEK PKY @ NARRON DR,33.675406,-84.511794
5617,144118,144118,N CAMP CREEK PKY @ DARRAH DR,33.674649,-84.510004
5618,144120,144120,HOGAN RD SW @ CAMBRIDGE DR SW,33.674229,-84.506859
5619,144124,144124,FAIRBURN RD SW@STEPHANIE DR SW,33.674238,-84.514441
5620,144126,144126,N CAMP CREEK PKWY SW @ ALEXANDRIA DR SW,33.675411,-84.514593
5621,144128,144128,N CAMP CREEK PKWY SW @ NARRON DR SW,33.675398,-84.511425
5622,144130,144130,N CAMP CREEK PKWY SW @ DARRAH DR SW,33.674452,-84.509598
5623,144136,144136,CAMPBELLTON RD SW@3700,33.690278,-84.509809
5624,144138,144138,CAMPBELLTON RD SW@3660,33.689986,-84.507864
5625,144140,144140,HOGAN RD@CAMBRIDGE DR,33.674775,-84.506527
5626,144142,144142,N CAMP CREEK PKY @ HOGAN RD,33.67395,-84.509529
5627,144144,144144,HOGAN RD@STONE RD,33.675095,-84.504127
5628,144146,144146,HOGAN RD @ N CAMP CREEK PKWY SW,33.674368,-84.508139
5629,144148,144148,HOGAN RD @ N CAMP CREEK PKY,33.674069,-84.508048
5630,144154,144154,BARGE RD @ HIGHWOOD DR,33.695401,-84.506268
5631,145002,145002,GREENBRIAR PKWY SW @ 3268,33.686172,-84.496483
5632,145004,145004,GREENBRIAR PKWY SW @ 3170,33.68631,-84.493844
5633,145011,145011,CAMPBELLTON RD@GREENBRIAR PKY,33.692724,-84.49015
5634,145012,145012,CAMPBELLTON RD SW@STAR MIST DR,33.694079,-84.488538
5635,145014,145014,CAMPBELLTON RD SW @ CHILDRESS DR SW,33.696312,-84.485685
5636,145016,145016,CAMPBELLTON RD SW@CHILDRESS DR SW,33.695397,-84.487161
5637,145018,145018,CAMPBELLTON RD SW@STAR MIST DR,33.694081,-84.489079
5638,145022,145022,GREENBRIAR PKWY SW @ CAMPBELLTON RD SW,33.691526,-84.489695
5639,145024,145024,GREENBRIAR PKWY SW @ HEADLAND DR SW,33.689665,-84.489082
5640,145026,145026,GREENBRIAR PKWY @ THE FONTAINEBLEAU,33.688256,-84.489702
5641,145028,145028,GREENBRIAR PKWY SW @ CONTINENTAL COLONY PKWY SW,33.686385,-84.491617
5642,145030,145030,GREENBRIAR PKWY SW @ 3170,33.686382,-84.493757
5643,145034,145034,MEADOWLANE DR SW@2153,33.696608,-84.49757
5644,145038,145038,DALE LN SW@MT GILEAD RD SW,33.693984,-84.492166
5645,145042,145042,DALE LN SW @ COUNTRY CLUB LN SW,33.694113,-84.495881
5646,145046,145046,MT GILEAD RD SW@CAMPBELLTON RD SW,33.69318,-84.49118
5647,145048,145048,MT GILEAD RD SW @ CAMPBELLTON RD SW,33.69259,-84.49062
5648,145056,145056,CONTINENTAL COLONY PKWY SW @ GREENBRIAR PKWY SW,33.685884,-84.491747
5649,145058,145058,CONTINENTAL COLONY PKY@RIVIERA DR,33.68497,-84.492418
5650,145060,145060,CONTINENTAL COLONY PKWY SW @ RIVIERA DR,33.684693,-84.49219
5651,145062,145062,CONTINENTAL COLONY PKWY SW @ HOGAN RD SW,33.678386,-84.494761
5652,145064,145064,STONE HOGAN RD CONNE@CAMP CREEK,33.676098,-84.497162
5653,145066,145066,STONE HOGAN CONNECTOR SW @ 2950,33.67602,-84.49696
5654,145068,145068,STONE HOGAN CONNECTOR SW @ N CAMP CREEK PKWY,33.673782,-84.497021
5655,145070,145070,STONE HOGAN RD CONNE@CAMP CREEK,33.673592,-84.497307
5656,145072,145072,N CAMP CREEK PKY SW @ STONE RD SW,33.672117,-84.500683
5657,145074,145074,N CAMP CREEK PKWY SW @ STONE RD SW,33.672613,-84.500493
5658,145075,145075,N CAMP CREEK PKY SW @ 3540,33.670361,-84.503377
5659,145076,145076,HEADLAND DR SW @ GREENBRIAR PKY SW,33.68955,-84.488115
5660,145080,145080,HEADLAND DR SW @ MCALPINE TER,33.689497,-84.486045
5661,145082,145082,HEADLAND DR@BEN HILL RD,33.689823,-84.483536
5662,145084,145084,HEADLAND DR@FOREST TRL,33.690262,-84.480087
5663,145086,145086,HEADLAND DR SW @ GREENBRIAR PKY SW,33.689613,-84.48779
5664,145088,145088,HEADLAND DR@BEN HILL RD,33.690407,-84.483335
5665,145090,145090,HEADLAND DR@FOREST TRL,33.690618,-84.47971
5666,145096,145096,OLD COLONY RD@WESTCHESTER DR,33.685271,-84.468012
5667,145098,145098,OLD COLONY RD@2485,33.685457,-84.469664
5668,145100,145100,OLD COLONY RD@RANTIN DR,33.685474,-84.470609
5669,145102,145102,OLD COLONY RD@BRYANT DR,33.685481,-84.471977
5670,145104,145104,BRYANT DR@WOODHILL LN,33.687004,-84.471672
5671,145106,145106,BRYANT DR @ S BRYAN CIR,33.688059,-84.471691
5672,145108,145108,BRYANT DR @ N BRYAN CIR,33.689142,-84.471782
5673,145110,145110,MT GILEAD RD SW@DALE LN,33.693976,-84.491981
5674,145112,145112,HEADLAND DR @ GREENBRIAR PL,33.689634,-84.485617
5675,145114,145114,GREENBRIAR PKWY @ THE FONTAINEBLEAU SW,33.688008,-84.489785
5676,145300,145300,HEADLAND DR @ BRYANT DR,33.690986,-84.472085
5677,145302,145302,STONE RD@MEADOWBRIDGE DR,33.673653,-84.502318
5678,145304,145304,STONE RD@MEADOWBRIDGE DR,33.673815,-84.501997
5679,145310,145310,CONTINENTAL COLONY PKWY SW @ 3030,33.682273,-84.493737
5680,145312,145312,STONE HOGAN CONNECTOR SW @ HOGAN RD SW,33.677974,-84.495357
5681,145314,145314,GREENBRIAR PKWY @ HEADLAND DR SW,33.690417,-84.488986
5682,145316,145316,HEADLAND DR@DODSON DR,33.69086,-84.4743
5683,145318,145318,CONTINENTAL COLONY PKY@3033,33.682291,-84.493841
5684,145320,145320,GREENBRIAR PKWY SW @ 3268,33.686244,-84.496483
5685,145322,145322,CONTINENTAL COLONY PKWY SW @ 3060,33.680062,-84.493776
5686,145324,145324,CONTINENTAL COLONY PKY@HOGAN RD,33.68094,-84.493968
5687,145326,145326,GREENBRIAR PKWY SW @ 3350,33.684019,-84.499324
5688,145328,145328,DALE LN @ MEADOWLANE DR,33.694142,-84.497322
5689,145330,145330,CONTINENTAL COLONY PKWY SW @ 2999,33.683455,-84.493457
5690,145332,145332,CONTINENTAL COLONY PKY@2999,33.683864,-84.493301
5691,145334,145334,GREENBRIAR PKWY SW @ CONTINENTAL COLONY PKWY SW,33.686314,-84.49153
5692,146012,146012,RANDALL ST @ HOLCOMB AVE,33.673975,-84.433608
5693,146016,146016,RANDALL ST @ E WASHINGTON AVE,33.675676,-84.433469
5694,146024,146024,RANDALL ST @ HOLCOMB AVE,33.674217,-84.433478
5695,146026,146026,RN MARTIN ST @ RANDALL ST,33.672095,-84.433638
5696,146040,146040,CLEVELAND AVE @ RANDALL ST,33.679436,-84.433529
5697,146050,146050,MAIN ST @ WILLIAMS AVE,33.671823,-84.442918
5698,146052,146052,MAIN ST @ TAYLOR AVE,33.67358,-84.44231
5699,146054,146054,MAIN ST @ IRENE KIDD PKWY,33.675105,-84.441698
5700,146080,146080,WASHINGTON RD @ CHENEY ST,33.675797,-84.447023
5701,146082,146082,WASHINGTON RD @ JONES ST,33.675883,-84.448869
5702,146084,146084,WASHINGTON RD @ PEARL ST,33.675517,-84.450378
5703,146086,146086,WASHINGTON RD @ EIGHTH ST,33.674969,-84.451889
5704,146090,146090,WASHINGTON RD @ CLOVERHURST DR,33.67377,-84.454317
5705,146094,146094,WASHINGTON RD @ DELOWE DR,33.672358,-84.457661
5706,146098,146098,WASHINGTON RD @ KENTUCKY CT,33.671422,-84.460494
5707,146100,146100,WASHINGTON RD @ 3095,33.671133,-84.461778
5708,146104,146104,WASHINGTON RD @ JACKSON DR,33.669097,-84.464106
5709,146106,146106,WASHINGTON RD @ JACKSON DR,33.669164,-84.463905
5710,146108,146108,WASHINGTON RD @ HARRIS DR,33.671028,-84.461822
5711,146110,146110,WASHINGTON RD @ DOBBS WAY,33.671614,-84.459611
5712,146112,146112,WASHINGTON RD @ DELOWE DR,33.672187,-84.457969
5713,146114,146114,WASHINGTON RD @ CLOVERHURST DR,33.673116,-84.455653
5714,146120,146120,WASHINGTON AVE @ EIGHTH ST,33.674808,-84.452053
5715,146122,146122,WASHINGTON RD @ PEARL ST,33.675552,-84.449959
5716,146124,146124,WASHINGTON RD @ PARK ST,33.675531,-84.446039
5717,146186,146186,HEADLAND DR@RIDGECREST LN,33.689606,-84.458794
5718,146188,146188,HEADLAND DR @ FARLEY ST,33.689938,-84.460678
5719,146192,146192,MONTROSE DR @ PLANTATION DR,33.681885,-84.462206
5720,146215,146215,DELOWE DR@LEITH AVE,33.686532,-84.45832
5721,146226,146226,HEADLAND DR@FARLEY ST,33.689487,-84.4608
5722,146228,146228,HEADLAND DR @ DELOWE DR,33.68922,-84.458078
5723,146230,146230,HEADLAND DR@KIMMRIDGE DR,33.688071,-84.454364
5724,146232,146232,HEADLAND DR @ HILLCREST DR,33.685952,-84.452112
5725,146234,146234,HEADLAND DR @ WARREN WAY,33.685077,-84.449992
5726,146240,146240,HEADLAND DR@BROAD AVE,33.687931,-84.45369
5727,146242,146242,NORMAN BERRY DR@SEMMES ST,33.686026,-84.447115
5728,146244,146244,NORMAN BERRY DR@LESTER ST,33.6857,-84.445149
5729,146246,146246,CONNALLY DR @ MAIN ST,33.685675,-84.440862
5730,146248,146248,MAIN ST @ W FORREST AVE,33.682778,-84.440246
5731,146254,146254,DELOWE DR @ CONNALLY DR,33.694764,-84.457253
5732,146256,146256,DELOWE DR @ ELINWOOD DR,33.691586,-84.457237
5733,146260,146260,HEADLAND DR@PLANTATION DR,33.689785,-84.462578
5734,146266,146266,HEADLAND DR @ GRAYWALL ST,33.690502,-84.465208
5735,146268,146268,OLD COLONY RD@RIGGS DR,33.685237,-84.466296
5736,146270,146270,GRAYWALL ST @ OLD COLONY RD,33.685115,-84.464058
5737,146274,146274,GRAYWALL ST @ ENGLEWOOD DR,33.682904,-84.463761
5738,146282,146282,DELOWE DR @ 2587,33.684865,-84.45818
5739,146284,146284,DELOWE DR@MONTROSE DR,33.681931,-84.458023
5740,146286,146286,DELOWE DR@LUTHER DR,33.680603,-84.457947
5741,146288,146288,DELOWE DR @ DORSEY AVE,33.677782,-84.45767
5742,146290,146290,DORSEY AVE @ LANCASTER DR,33.678665,-84.462051
5743,146292,146292,LANCASTER DR @ PLANTATION DR,33.678774,-84.465904
5744,146296,146296,MAIN ST @ WILLIAMS AVE,33.67187,-84.443065
5745,146300,146300,MAIN ST @ LEGION WAY,33.674502,-84.442027
5746,146308,146308,EAST POINT ST @ WARE AVE,33.681845,-84.441526
5747,146314,146314,WILLINGHAM DR @ E MAIN ST,33.669895,-84.442425
5748,146316,146316,WILLINGHAM DR @ PLANT ST,33.669303,-84.440472
5749,146318,146318,WILLINGHAM DR @ PLANT ST,33.669413,-84.440385
5750,146320,146320,WILLINGHAM DR @ E MAIN ST,33.67006,-84.44229
5751,146322,146322,IRENE KIDD PKWY @ CLEVELAND AVE,33.679281,-84.436222
5752,146330,146330,IRENE KIDD PKWY @ CENTRAL AVE,33.675939,-84.439313
5753,146332,146332,IRENE KIDD PKWY @ CENTRAL AVE,33.675473,-84.440224
5754,146334,146334,W FORREST AVE @ CHENEY ST,33.683747,-84.443328
5755,146342,146342,DELOWE DR@DEWBERRY LN,33.69844,-84.45718
5756,146344,146344,DELOWE DR @ 2162,33.696151,-84.457288
5757,146349,146349,DELOWE DR@HEADLAND DR,33.68996,-84.457596
5758,146350,146350,HEADLAND DR@2469,33.691121,-84.469225
5759,146352,146352,HEADLAND DR @ 2472,33.690977,-84.469095
5760,146354,146354,DELOWE DR @ HEADLAND DR,33.688435,-84.457672
5761,146362,146362,HEADLAND DR@PLANTATION DR,33.690169,-84.462151
5762,146366,146366,HEADLAND DR@HEADLAND TER,33.69075,-84.466008
5763,146370,146370,DELOWE DR @ HEADLAND DR,33.690155,-84.45721
5764,146378,146378,NORMAN BERRY DR@SEMMES ST,33.685706,-84.447636
5765,146380,146380,NORMAN BERRY DR@LESTER ST,33.685468,-84.445572
5766,146382,146382,DORSEY AVE @ 2207,33.677906,-84.460937
5767,146404,146404,HEADLAND DR @ RIDGECREST LN,33.689435,-84.459281
5768,146406,146406,W FORREST AVE @ CHURCH ST,33.683074,-84.44178
5769,146408,146408,HEADLAND DR@BRYANT DR,33.691225,-84.471442
5770,146410,146410,HEADLAND DR@DODSON DR,33.691262,-84.473904
5771,146504,146504,DELOWE DR@ELINWOOD DR,33.691559,-84.457433
5772,146514,146514,HEADLAND DR @ HILLCREST DR,33.685891,-84.45177
5773,146516,146516,WASHINGTON RD @ SEMMES ST,33.675772,-84.447603
5774,146520,146520,W CLEVELAND AVE @ MAIN ST,33.679414,-84.440715
5775,146900,146900,EAST POINT STATION,33.67657,-84.44046
5776,147028,147028,SYLVAN RD@MILLEDGE ST,33.6941,-84.41865
5777,147036,147036,SYLVAN RD@SAMPLER WAY,33.69567,-84.418397
5778,147037,147037,SYLVAN RD SW@LAKEWOOD AVE SW,33.6975,-84.41856
5779,147040,147040,SYLVAN RD@OAKLEIGH DR,33.691372,-84.418739
5780,147042,147042,SYLVAN RD@PEGG RD,33.689296,-84.418455
5781,147044,147044,SYLVAN RD@PARKSIDE TER,33.687694,-84.418518
5782,147046,147046,SYLVAN RD@JEFFERSON AVE,33.685653,-84.418537
5783,147050,147050,SYLVAN RD@GLENWAY DR,33.68269,-84.418642
5784,147052,147052,SYLVAN RD@JEFFERSON AVE,33.68517,-84.41847
5785,147054,147054,SYLVAN RD@AVEBURY DR,33.684,-84.41831
5786,147056,147056,SYLVAN RD@AVEBURY DR,33.684006,-84.418579
5787,147058,147058,SYLVAN RD@PARKSIDE TER,33.688026,-84.418327
5788,147060,147060,SYLVAN RD@PEGG RD,33.689422,-84.418314
5789,147062,147062,SYLVAN RD@OAKLEIGH DR,33.69045,-84.41831
5790,147064,147064,SYLVAN RD@OAKLEIGH DR,33.691376,-84.418304
5791,147068,147068,SYLVAN RD@MILLEDGE ST,33.693916,-84.418304
5792,147070,147070,SYLVAN RD@LAKEWOOD AVE,33.69688,-84.41823
5793,147072,147072,SPRINGDALE RD@BROOKDALE DR,33.686317,-84.414869
5794,147074,147074,SPRINGDALE RD@BROOKDALE DR,33.686632,-84.414918
5795,147076,147076,LAKEWOOD AVE@SYLVAN RD,33.697425,-84.418108
5796,147078,147078,LAKEWOOD AVE @ SYLVAN RD,33.6971,-84.41781
5797,148002,148002,SPRINGDALE RD SW @ LAKEWOOD AVE,33.69628,-84.41417
5798,148006,148006,SPRINGDALE RD SW@YALE PL SW,33.69122,-84.41441
5799,148010,148010,SPRINGDALE RD SW @ SPRINGDALE CIR,33.69554,-84.41414
5800,148014,148014,SPRINGDALE RD SW @ GLENWAY DR,33.683439,-84.41519
5801,148016,148016,CLEVELAND AVE @ SYLVAN RD,33.681312,-84.417652
5802,148020,148020,SPRINGDALE RD SW @ PEGG RD SW,33.68899,-84.41426
5803,148022,148022,SPRINGDALE RD SW @ VINSON PL SW,33.69003,-84.41432
5804,148024,148024,SPRINGDALE RD SW @ YALE PL SW,33.69109,-84.41423
5805,148026,148026,SPRINGDALE RD@VINSON PL,33.69023,-84.41446
5806,148028,148028,SPRINGDALE RD SW @ PERKERSON RD SW,33.69654,-84.41388
5807,148038,148038,KING ARNOLD ST @ CLAIRE DR,33.658604,-84.40559
5808,148042,148042,KING ARNOLD ST @ FULTON AVE,33.659748,-84.407974
5809,148044,148044,KING ARNOLD ST@DOGWOOD DR,33.660719,-84.409875
5810,148046,148046,DOGWOOD DR@MARINA ST,33.661911,-84.409439
5811,148048,148048,DOGWOOD DR @ NORTH AVE,33.66525,-84.408533
5812,148050,148050,DOGWOOD DR @ LAKE DR,33.667172,-84.408408
5813,148054,148054,SPRINGDALE RD @ SPRINGDALE PL,33.692881,-84.414049
5814,148060,148060,METROPOLITAN PKY SW@PEGG RD SW,33.688832,-84.408063
5815,148062,148062,METROPOLITAN PKY SW @ 2370,33.690224,-84.407944
5816,148064,148064,METROPOLITAN PKY SW@AVERY RD SW,33.691489,-84.40801
5817,148070,148070,METROPOLITAN PKY SW@AVERY RD SW,33.691738,-84.408516
5818,148074,148074,METROPOLITAN PKY SW@PEGG RD SW,33.689282,-84.408332
5819,148078,148078,METROPOLITAN PKY SW@PERKERSON RD SW,33.685707,-84.408478
5820,148082,148082,METROPOLITAN PKY SW@LANGSTON DR SW,33.69543,-84.408259
5821,148088,148088,METROPOLITAN PKY@PERKERSON RD,33.685112,-84.40799
5822,148094,148094,KING ARNOLD ST @ CENTRAL PARK DR,33.657346,-84.403631
5823,148096,148096,KING ARNOLD ST@SHERMAN RD,33.656673,-84.402475
5824,149002,149002,POLAR ROCK RD SW@BAGWELL DR SW,33.695995,-84.398155
5825,149004,149004,POLAR ROCK RD SW@BICKNELL DR SW,33.695623,-84.397214
5826,149006,149006,POLAR ROCK RD SW@BICKNELL DR SW,33.695784,-84.397268
5827,149007,149007,POLAR ROCK RD SW@PRYOR RD SW,33.696973,-84.398769
5828,149010,149010,POLAR ROCK AVE SW@POLAR ROCK RD SW,33.695033,-84.395964
5829,149011,149011,SWALLOW CIR @ FINCH DR,33.694805,-84.386122
5830,149014,149014,POLAR ROCK AVE SW@POLAR ROCK PL,33.693642,-84.396225
5831,149016,149016,POLAR ROCK AVE@POLAR ROCK PL,33.692528,-84.396255
5832,149018,149018,POLAR ROCK AVE SW @ 2311,33.691147,-84.396317
5833,149020,149020,POLAR ROCK AVE SW @ POLAR ROCK DR SW,33.689903,-84.396101
5834,149022,149022,POLAR ROCK TER SW@POLAR ROCK DR SW,33.690788,-84.394653
5835,149024,149024,POLAR ROCK TER SW@POLAR ROCK PL SW,33.692436,-84.394691
5836,149026,149026,POLAR ROCK TER@POLAR ROCK RD,33.694065,-84.394684
5837,149030,149030,CLEVELAND AVE SW @ OLD HAPEVILLE RD SW,33.681186,-84.393484
5838,149031,149031,OLD HAPEVILLE RD @ MACON DR,33.68796,-84.39043
5839,149032,149032,OLD HAPEVILLE RD SW@JUDY  SW,33.684074,-84.392715
5840,149033,149033,MACON DR@2324,33.691208,-84.391047
5841,149034,149034,OLD HAPEVILLE RD SW@BREVARD AVE SW,33.684921,-84.392067
5842,149035,149035,MACON DR@LANG DR,33.694454,-84.390141
5843,149036,149036,OLD HAPEVILLE RD SW@2500,33.686787,-84.39119
5844,149042,149042,CLEVELAND AVE SW @ STEELE AVE SW,33.68122,-84.396147
5845,149044,149044,POLAR ROCK TER SW @ POLAR ROCK RD SW,33.695526,-84.394639
5846,149045,149045,LAKEWOOD AVE @ LAKEWOOD WAY,33.698895,-84.392884
5847,149046,149046,HARPER RD SE @ SWALLOW CIR SE,33.696378,-84.38571
5848,149047,149047,LAKEWOOD AVE @ MACON DR,33.699098,-84.392123
5849,149051,149051,MACON DR SW@2145,33.695721,-84.389805
5850,149053,149053,MACON DR SW@LANG DR,33.694772,-84.390271
5851,149055,149055,MACON DR SW@2315,33.691284,-84.391462
5852,149060,149060,HARPER RD SE @ SWALLOW CIR SE,33.696023,-84.385612
5853,149064,149064,MACON DR SW@OLD HAPEVILLE RD SW,33.688671,-84.390462
5854,149072,149072,MACON DR@2144,33.695747,-84.389298
5855,150010,150010,JONESBORO RD SE @ MIDWAY ST SE,33.689999,-84.364154
5856,150022,150022,MCWILLIAMS RD SE @ CAREY DR SE,33.688788,-84.36978
5857,150024,150024,MCWILLIAMS RD SE @ 660,33.688718,-84.366641
5858,150026,150026,MCWILLIAMS RD SE @ JONESBORO RD SE,33.688701,-84.36411
5859,150028,150028,JONESBORO RD SE@MIDWAY ST SE,33.689892,-84.364035
5860,150030,150030,JONESBORO RD SE@ 2267,33.691608,-84.365311
5861,150032,150032,JONESBORO RD SE @ CONSTITUTION RD SE,33.692951,-84.366409
5862,150034,150034,JONESBORO RD SE @ HARPER RD SE,33.696167,-84.369141
5863,150036,150036,HARPER RD SE @ BURROUGHS AVE SE,33.696943,-84.371154
5864,150048,150048,BROWNS MILL RD SE @ BROMACK DR SE,33.68772,-84.377709
5865,150050,150050,MCWILLIAMS RD SE @ BROWNS MILL RD SE,33.688787,-84.373875
5866,150058,150058,HARPER RD SE @ MEADOR AVE SE,33.696984,-84.380279
5867,150060,150060,HARPER RD SE @ RHINEHILL RD SE,33.696823,-84.379051
5868,150062,150062,HARPER RD SE @ 359,33.696904,-84.377444
5869,906403,150064,HARPER RD @ BROWNS MILL RD,33.696888,-84.373902
5870,150069,150069,JONESBORO RD SE @ CLEVELAND AVE SE,33.680394,-84.367349
5871,150154,150154,JONESBORO RD SE @ CLEVELAND AVE SE,33.680709,-84.366896
5872,150156,150156,FORREST PARK RD SE @ 2155,33.694976,-84.36036
5873,150160,150160,BROWNS MILL RD SE @ LYDIA DR SE,33.686072,-84.378838
5874,150179,150179,BROWNS MILL RD SE @ LINDA LN SE,33.68334,-84.382442
5875,150214,150214,NORTH POINT PKY@ROYAL BLVD S,34.055338,-84.271713
5876,151008,151008,THOMASVILLE DR SE@KIPLING ST SE,33.697521,-84.355402
5877,151010,151010,THOMASVILLE DR SE @ TURNER RD SE,33.697593,-84.355402
5878,151012,151012,THOMASVILLE DR SE @ THOMASVILLE CT SE,33.697252,-84.357346
5879,151014,151014,THOMASVILLE DR SE@THOMASVILLE CT,33.697476,-84.357911
5880,151016,151016,FORREST PARK RD SE @ NORWOOD RD SE,33.696848,-84.36004
5881,151020,151020,FORREST PARK RD SE @ NORWOOD RD SE,33.696956,-84.360138
5882,151030,151030,VALLEY VIEW RD SE@STONEWALL DR SE,33.690843,-84.35578
5883,151032,151032,VALLEY VIEW RD SE@1056,33.691631,-84.353423
5884,151040,151040,CONSTITUTION RD SE @ STONEWALL DR SE,33.692875,-84.357095
5885,151054,151054,FORREST PARK RD SE@NATHAM DR SE,33.689404,-84.360039
5886,151056,151056,FORREST PARK RD SE@STONEWALL DR SE,33.690899,-84.35997
5887,151058,151058,FORREST PARK RD SE@CONSTITUTION RD,33.692863,-84.359932
5888,151059,151059,CONSTITUTION RD SE @ JONESBORO RD SE,33.693562,-84.366118
5889,151060,151060,METRO TRANSITIONAL CENTER,33.688895,-84.337031
5890,151088,151088,MORELAND AVE @ KEY RD,33.695772,-84.349702
5891,151090,151090,REGIS RD SE @ CONSTITUTION RD SE,33.692455,-84.350708
5892,151092,151092,VALLEY VIEW RD@LOCUST LN SE,33.69113,-84.351869
5893,151100,151100,STONEWALL DR SE@OHARA PL SE,33.691595,-84.356725
5894,151109,151109,VALLEY VIEW RD SE@1086,33.691437,-84.352416
5895,151110,151110,VALLEY VIEW RD SE@LEILA LN SE,33.69087,-84.354922
5896,151122,151122,FORREST PARK RD SE@STONEWALL DR SE,33.691174,-84.360352
5897,151124,151124,FORREST PARK RD SE@MIDWAY ST SE,33.689859,-84.360329
5898,151130,151130,REBEL FOREST DR SE@FORREST PARK RD,33.688134,-84.360042
5899,151132,151132,REDFORD DR SE @ FORREST PARK RD SE,33.688801,-84.35982
5900,151134,151134,REDFORD DR SE@955,33.688577,-84.358016
5901,151138,151138,REBEL FOREST DR SE@NATHAM DR SE,33.687351,-84.357299
5902,151142,151142,MORELAND AVE SE @ KEY RD SE,33.695377,-84.349421
5903,151144,151144,REDFORD DR SE@REBEL FOREST DR SE,33.686264,-84.355156
5904,151148,151148,FORREST PARK RD SE @ CONSTITUTION RD SE,33.693259,-84.360169
5905,151152,151152,REGIS RD SE @ CONSTITUTION RD SE,33.692396,-84.350364
5906,151156,151156,CONSTITUTION RD@FORREST PARK RD,33.693232,-84.359593
5907,152004,152004,BOULDERCREST RD SE@WESTSIDE PL,33.690283,-84.32014
5908,152006,152006,BOULDERCREST RD SE@2156,33.693531,-84.321457
5909,152008,152008,BOULDERCREST RD SE@2321,33.690166,-84.31762
5910,152010,152010,BOULDERCREST RD SE@2290,33.69046,-84.319466
5911,152014,152014,BOULDERCREST RD SE@2326,33.690327,-84.317253
5912,152016,152016,BOULDERCREST RD SE @ CHERRY VALLEY DR,33.690113,-84.316034
5913,152018,152018,BOULDERCREST RD @ CONSTITUTION RD,33.688911,-84.31414
5914,152020,152020,BOULDERCREST RD SE @ CLIFTON CHURCH RD,33.688344,-84.311363
5915,152022,152022,BOULDERCREST RD SE @ CLIFTON CHURCH RD SE,33.688635,-84.311483
5916,152024,152024,BOULDERCREST RD SE @ BOULDERCREST LN SE,33.687122,-84.310646
5917,152028,152028,BOULDERCREST RD @ CONTINENTAL WAY,33.685851,-84.31081
5918,152056,152056,BOULDERCREST RD@2151,33.693533,-84.321938
5919,153007,153007,CLIFTON SPRINGS RD @ CLIFTON FARM DR,33.691663,-84.282826
5920,153009,153009,CLIFTON SPRINGS RD @ CLIFTON SPRINGS MNR,33.692318,-84.286671
5921,153010,153010,CLIFTON SPRINGS RD @ 3240,33.691669,-84.263443
5922,153011,153011,CLIFTON SPRINGS RD @ AYLESBURY LOOP,33.693777,-84.294375
5923,153012,153012,CLIFTON SPRINGS RD @ N LANIER PKY,33.690833,-84.268253
5924,153013,153013,CLIFTON SPRINGS RD @ CORBIN AVE,33.697477,-84.296715
5925,153014,153014,CLIFTON SPRINGS RD @ PANTHERSVILLE RD,33.69104,-84.271171
5926,153015,153015,CLIFTON SPRINGS WAY @ CLIFTON CHURCH RD,33.69928,-84.30101
5927,153016,153016,PANTHERSVILLE RD @ CLIFTON SPRINGS RD,33.692115,-84.272075
5928,153017,153017,CLIFTON SPRINGS RD @ TARIAN DR,33.699189,-84.298547
5929,153018,153018,CLIFTON SPRINGS RD @ 2946,33.69069,-84.276132
5930,153019,153019,CLIFTON SPRINGS RD@CORBIN AVE,33.69771,-84.29717
5931,153020,153020,PANTHERSVILLE RD @ GLEN HOLLOW DR,33.69693,-84.271095
5932,153021,153021,CLIFTON SPRINGS RD @ AYLESBURY LOOP,33.69341,-84.29413
5933,153022,153022,PANTHERSVILLE RD@GLEN HOLLOW DR,33.697262,-84.271384
5934,153023,153023,CLIFTON SPRINGS RD @ CLIFTON SPRINGS MNR,33.692138,-84.286796
5935,153024,153024,CLIFTON SPRINGS RD @ 2946,33.69047,-84.2765
5936,153026,153026,CLIFTON SPRINGS RD @ PINE HILL RD,33.694557,-84.295199
5937,153027,153027,CLIFTON SPRINGS RD @ WILDCAT RD,33.69134,-84.282273
5938,153028,153028,GSU/PERIMETER COLLEGE - DECATUR CAMPUS,33.689564,-84.272682
5939,153030,153030,PANTHERSVILLE RD@3303,33.687854,-84.272618
5940,153031,153031,PANTHERSVILLE RD@RIVER SUMMIT LN,33.675878,-84.277024
5941,153032,153032,PANTHERSVILLE RD@ROVENA CT,33.681472,-84.273459
5942,153033,153033,PANTHERSVILLE RD@RIVER TREE DR,33.678806,-84.276599
5943,153035,153035,PANTHERSVILLE RD@RIVER SUMMIT LN,33.676317,-84.277133
5944,153036,153036,PANTHERSVILLE RD @ ROVENA CT,33.681347,-84.273502
5945,153037,153037,PANTHERSVILLE RD@RIVER TREE DR,33.67927,-84.27625
5946,153038,153038,RIVER RD@OAKVALE RD,33.674092,-84.265666
5947,153040,153040,RIVER RD @ GRAY BIRCH DR,33.673957,-84.264037
5948,153042,153042,RIVER RD@OAKVALE RD,33.674011,-84.265981
5949,153044,153044,RIVER RD@CONLEY DOWNS LN,33.673804,-84.263776
5950,153046,153046,RIVER RD@RIVERSIDE PKWY,33.673768,-84.262386
5951,153048,153048,RIVER RD@RIVERSIDE PKWY,33.673839,-84.26231
5952,153054,153054,PANTHERSVILLE RD @ 3073,33.694069,-84.271553
5953,153056,153056,PANTHERSVILLE RD@3073,33.694227,-84.271929
5954,153058,153058,PANTHERSVILLE RD @ CLIFTON SPRINGS RD,33.692428,-84.272235
5955,153090,153090,PANTHERSVILLE RD @ CLIFTON SPRINGS RD,33.69054,-84.272432
5956,153094,153094,COLUMBIA DR@OLIVE TREE CT,33.692604,-84.255696
5957,153096,153096,COLUMBIA DR@NECTARINE CIR,33.692797,-84.257331
5958,153098,153098,RIVER RD@RIVER RIDGE CT,33.673611,-84.270618
5959,153100,153100,RIVER RD@RIVER RIDGE CT,33.673574,-84.270898
5960,153108,153108,COLUMBIA DR @ FLAT SHOALS PKWY,33.693091,-84.259881
5961,153112,153112,RIVER RD @ PANTHERSVILLE RD,33.673488,-84.276624
5962,153116,153116,RIVER RD @ CONLEY DOWNS DR,33.673332,-84.268631
5963,153118,153118,RIVER RD @ SEABASS RD,33.67423,-84.274158
5964,153122,153122,RIVER RD @ PANTHERSVILLE RD,33.673614,-84.277265
5965,153126,153126,PANTHERSVILLE RD @ CLIFTON SPRINGS RD,33.689868,-84.272399
5966,153128,153128,RIVER RD@CONLEY DOWNS DR,33.673395,-84.268707
5967,153130,153130,COLUMBIA DR@PEPPERTREE CIR,33.69302,-84.25497
5968,153132,153132,PANTHERSVILLE RD@CLIFTON SPRINGS R,33.685782,-84.272336
5969,153134,153134,PANTHERSVILLE RD@OAKVALE RD,33.685911,-84.272887
5970,154002,154002,RIVER RD@LANDGRAF COVE,33.674285,-84.258378
5971,154003,154003,RIVER RD@RIVERSIDE CSWY,33.674048,-84.256352
5972,154004,154004,RIVER RD @ WALDROP RD,33.674377,-84.258003
5973,154006,154006,RIVER RD@WELLHAUN RD,33.674201,-84.253263
5974,154008,154008,RIVER RD@RIVERCHASE DR,33.672425,-84.248096
5975,154010,154010,RIVER RD@RIVERCHASE DR,33.672658,-84.248171
5976,154014,154014,COLUMBIA DR@PEPPERTREE CIR,33.693214,-84.257416
5977,154018,154018,COLUMBIA DR@SPRINGSIDE XING,33.693469,-84.253002
5978,154020,154020,COLUMBIA DR @ SPRINGSIDE RUN,33.696144,-84.25161
5979,154022,154022,RIVER RD@WELLHAUN RD,33.673975,-84.253499
5980,154024,154024,RIVER RD@ RIVERVIEW CHASE DR,33.668763,-84.247035
5981,154026,154026,RIVER RD@RIVERVIEW CHASE DR,33.668691,-84.246861
5982,154028,154028,COLUMBIA DR@SPRINGSIDE XING,33.693971,-84.252831
5983,154030,154030,COLUMBIA DR@SPRINGSIDE RUN,33.697166,-84.252032
5984,154032,154032,RIVER RD @ KRISTA LN,33.67436,-84.249636
5985,158004,158004,CLEVELAND AVE @ WINBURN TERR,33.680683,-84.428879
5986,158006,158006,PORSCHE AVE @ PERKINS ST,33.657038,-84.406562
5987,158008,158008,PORSCHE AVE @ PERKINS ST,33.657481,-84.407103
5988,158034,158034,CALHOUN AVE@1101,33.672203,-84.42394
5989,158044,158044,MARIA HEAD TER@CALHOUN AVE,33.669893,-84.423927
5990,158046,158046,CLEVELAND AVE @ WINBURN TER,33.680514,-84.429099
5991,158084,158084,CLEVELAND AVE @ BAYARD ST,33.679537,-84.431085
5992,158102,158102,SYLVAN RD @ CLEVELAND AVE,33.681651,-84.418652
5993,158106,158106,SYLVAN RD @ CEDAR AVE,33.677444,-84.418777
5994,158110,158110,SYLVAN RD @ BAKER DR,33.670184,-84.418942
5995,158112,158112,SYLVAN RD @ 3107,33.668179,-84.419119
5996,158114,158114,SYLVAN RD @ N CENTRAL AVE,33.665815,-84.418763
5997,158116,158116,SYLVAN RD @ N CENTRAL AVE,33.664517,-84.418382
5998,158118,158118,N CENTRAL AVE @ STILLWOOD DR,33.662783,-84.415708
5999,158122,158122,TOFFIE TER@VIRGINIA AVE,33.659083,-84.429624
6000,158124,158124,TOFFIE TER @ VIRGINIA AVE,33.65885,-84.42957
6001,158126,158126,N OUTER LOOP RD @ WOOLMAN PL,33.657652,-84.42757
6002,158128,158128,INNER LOOP RD@WOOLMAN PL,33.657438,-84.426419
6003,158136,158136,VIRGINIA AVE @ LANG AVE,33.658989,-84.42131
6004,158138,158138,VIRGINIA AVE@ELKINS ST,33.658822,-84.420112
6005,158140,158140,VIRGINIA AVE @ ELKINS ST,33.658947,-84.420052
6006,158142,158142,VIRGINIA AVE @ OAK RIDGE AVE,33.658779,-84.418201
6007,158144,158144,VIRGINIA AVE @ OAK RIDGE AVE,33.65892,-84.41819
6008,158156,158156,N CENTRAL AVE @ STILLWOOD DR,33.66271,-84.415435
6009,158158,158158,N CENTRAL AVE @ SYLVAN RD,33.664115,-84.418197
6010,158160,158160,SYLVAN RD @ 3107,33.66848,-84.41874
6011,158162,158162,SYLVAN RD @ BAKER DR,33.670112,-84.418855
6012,158164,158164,SYLVAN RD @ 3032,33.67358,-84.41871
6013,158166,158166,SYLVAN RD @ POPLAR ST,33.674332,-84.418755
6014,158172,158172,SYLVAN RD@GLENWAY DR,33.682296,-84.418415
6015,158178,158178,CLEVELAND AVE @ SPRINGDALE RD,33.681203,-84.416139
6016,158180,158180,SPRINGDALE RD SW @ GLENWAY DR,33.68285,-84.41502
6017,158182,158182,METROPOLITAN PKY SW@CONNELL AVE SW,33.683387,-84.407912
6018,158184,158184,METROPOLITAN PKY SW@CLEVELAND AVE S,33.681481,-84.407747
6019,158186,158186,METROPOLITAN PKY SW @ CLEVELAND AVE,33.679462,-84.408348
6020,158188,158188,METROPOLITAN PKY SW @ 2799,33.678105,-84.408656
6021,158190,158190,METROPOLITAN PKY SW @ STEVE DR SW,33.675774,-84.408905
6022,158192,158192,METROPOLITAN PKY SW @ GRAND AVE SW,33.67427,-84.408552
6023,158196,158196,DOGWOOD DR@COFIELD DR,33.672203,-84.408882
6024,158198,158198,DOGWOOD DR@GORDON CIR,33.670402,-84.408801
6025,158200,158200,DOGWOOD DR@OAK DR,33.668602,-84.408913
6026,158202,158202,DOGWOOD DR@COLEMAN ST,33.666759,-84.409042
6027,158208,158208,DOGWOOD DR@MARINA ST,33.662571,-84.409576
6028,158210,158210,DOGWOOD DR@KING ARNOLD ST,33.661314,-84.409903
6029,158212,158212,WILLINGHAM DR @ PENNSYLVANIA ST,33.66666,-84.432343
6030,158214,158214,WILLINGHAM DR @ BACHELOR AVE,33.666157,-84.430748
6031,158216,158216,WILLINGHAM DR @ BOBBY BROWN PKWY,33.665452,-84.428568
6032,158222,158222,WILLINGHAM DR @ 1053,33.664323,-84.424392
6033,158226,158226,WILLINGHAM DR @ COLVILLE AVE,33.662728,-84.417718
6034,158234,158234,S CENTRAL AVE @ FULTON AVE,33.658413,-84.408818
6035,158244,158244,SYLVAN RD @ CEDAR AVE,33.67722,-84.41872
6036,158246,158246,SYLVAN RD @ REED AVE,33.67918,-84.418526
6037,158248,158248,SYLVAN RD @ CLEVELAND AVE,33.680786,-84.418488
6038,158260,158260,S CENTRAL AVE @ FULTON AVE,33.658552,-84.408972
6039,158268,158268,WILLINGHAM DR @ COLVILLE AVE,33.663007,-84.418195
6040,158272,158272,WILLINGHAM DR @ 1053,33.66453,-84.424517
6041,158280,158280,WILLINGHAM DR @ NORMAN BERRY DR,33.665445,-84.428163
6042,158282,158282,WILLINGHAM DR @ BACHELOR AVE,33.666397,-84.43096
6043,158284,158284,WILLINGHAM DR @ PENNSYLVANIA ST,33.666768,-84.432158
6044,158286,158286,CLEVELAND AVE @ RANDALL ST,33.679523,-84.433418
6045,158288,158288,CLEVELAND AVE @ BAYARD ST,33.679518,-84.432041
6046,158306,158306,CLEVELAND AVE SW @ 757,33.681315,-84.413243
6047,158308,158308,CLEVELAND AVE SW @ 786,33.681225,-84.413862
6048,158309,158309,CLEVELAND AVE SW @ SPRINGDALE RD SW,33.681367,-84.416012
6049,158310,158310,CLEVELAND AVE SW @ METROPOLITAN PKWY,33.68118,-84.40826
6050,158312,158312,CLEVELAND AVE SW @ DEARWOOD DR SW,33.681232,-84.405075
6051,158314,158314,CLEVELAND AVE SW @ 3RD AVE SW,33.68118,-84.402881
6052,158316,158316,CLEVELAND AVE SW @ BEELER DR SW,33.681263,-84.401062
6053,158318,158318,CLEVELAND AVE SW @ THIRD AVE,33.68127,-84.40239
6054,158320,158320,CLEVELAND AVE SW @ DEARWOOD DR SW,33.681303,-84.405325
6055,158322,158322,CLEVELAND AVE SW @ METROPOLITAN PKWY SW,33.681346,-84.407551
6056,158323,158323,CLEVELAND AVE@650,33.68146,-84.41009
6057,158324,158324,DOGWOOD DR@NORTH AVE,33.665417,-84.408928
6058,158350,158350,METROPOLITAN PKY@OLD JONESBORO RD,33.677058,-84.408427
6059,158352,158352,DOGWOOD DR @ MORELAND WAY,33.670261,-84.408516
6060,158354,158354,DOGWOOD DR @ OAK DR,33.668171,-84.408508
6061,158364,158364,CLEVELAND AVE @ JEFFERSON TER,33.681403,-84.426841
6062,158366,158366,CLEVELAND AVE @ JEFFERSON TER,33.681483,-84.426765
6063,158372,158372,CLEVELAND AVE @ BLOUNT ST,33.681414,-84.423572
6064,158374,158374,CLEVELAND AVE @ BLOUNT ST,33.681477,-84.423431
6065,158378,158378,CLEVELAND AVE @ ELSINORE ST,33.681346,-84.42002
6066,158390,158390,VIRGINIA AVE@LANG AVE,33.658785,-84.4216
6067,158392,158392,SYLVAN RD @ FREDELL PL,33.679315,-84.418863
6068,158404,158404,CLEVELAND AVE @ SYLVAN RD,33.681418,-84.418815
6069,158406,158406,VIRGINIA AVE @ CLAY PL,33.658736,-84.416757
6070,158408,158408,ATLANTA AVE @ COLLEGE ST,33.657739,-84.41067
6071,158410,158410,ATLANTA AVE @ COLLEGE ST,33.657675,-84.410588
6072,158412,158412,ATLANTA AVE@DOUG DAVIS DR,33.656519,-84.411792
6073,158414,158414,DOUG DAVIS DR@VIRGINIA AVE,33.658505,-84.415987
6074,158416,158416,DOUG DAVIS DR @ CLAY PL,33.658298,-84.415899
6075,158418,158418,DOUG DAVIS DR @ ATLANTA AVE,33.656483,-84.412314
6076,158420,158420,SPRINGDALE RD@CLEVELAND AVE,33.68162,-84.414943
6077,158422,158422,SPRINGDALE RD SW @ CLEVELAND AVE,33.681511,-84.41532
6078,158424,158424,SYLVAN RD @ N CENTRAL AVE,33.665922,-84.41864
6079,159002,159002,EMPIRE BLVD SW@BROWNS MILL RD SE,33.65673,-84.391184
6080,159004,159004,EMPIRE BLVD SW@3485,33.658871,-84.391609
6081,159006,159006,EMPIRE BLVD SW@EMPIRE WAY SW,33.661137,-84.391724
6082,159007,159007,EMPIRE BLVD SW@HOLLOW TREE LN SW,33.662861,-84.391721
6083,159008,159008,EMPIRE BLVD SW @ WARD DR SW,33.666538,-84.392387
6084,159010,159010,EMPIRE BLVD SW@OAK DR SW,33.668922,-84.393247
6085,159012,159012,EMPIRE BLVD SW@GLENROSE CIR SW,33.671071,-84.393178
6086,159014,159014,EMPIRE BLVD SW @ MT ZION RD SW,33.672592,-84.393394
6087,159016,159016,HAPEVILLE RD SW@2909,33.674873,-84.393288
6088,159018,159018,HAPEVILLE RD SW@WATERS RD SW,33.676933,-84.39328
6089,159020,159020,HAPEVILLE RD SW@OLD HAPEVILLE RD SW,33.678596,-84.393196
6090,211328,159022,OLD HAPEVILL RD @ CLEVELAND AVE,33.680983,-84.393609
6091,159024,159024,BROWNS MILL RD SE@CLEVELAND AVE SE,33.67926,-84.384506
6092,159042,159042,BROWNS MILL RD SE@MACEDONIA RD SE,33.665097,-84.380289
6093,159044,159044,RUBY H HARPER BLVD SE @ 3371,33.663391,-84.380592
6094,159046,159046,RUBY H HARPER BLVD SE @ SIMCA ST SE,33.66201,-84.38065
6095,159048,159048,RUBY H HARPER BLVD SE @ 3447,33.660272,-84.380481
6096,159050,159050,RUBY H HARPER BLVD SE @ BLAIR VILLA DR,33.658039,-84.380882
6097,159084,159084,JONESBORO RD SE @ 2980,33.673525,-84.371444
6098,159123,159123,CLEVELAND AVE SE @ 365,33.680621,-84.378063
6099,159124,159124,CLEVELAND AVE SE@FAIRLANE DR SE,33.68074,-84.380775
6100,159126,159126,CLEVELAND AVE SE @ ALTAVIEW DR SE,33.68079,-84.382179
6101,159128,159128,CLEVELAND AVE SE @ BROWNS MILL RD SE,33.681074,-84.384732
6102,159160,159160,PORSCHE AVE @ TRADEPORT BLVD,33.650578,-84.393457
6103,159246,159246,HUTCHENS RD SE@JONESBORO RD SE,33.671716,-84.371704
6104,159250,159250,HUTCHENS RD SE@565,33.67015,-84.370389
6105,159252,159252,HUTCHENS RD SE@KING SMITH RD SE,33.669489,-84.367749
6106,159254,159254,HUTCHENS RD SE@DONNEBROOK LN SE,33.668487,-84.366782
6107,159272,159272,JONESBORO RD SE@SPRINGSIDE DR SE,33.676739,-84.369991
6108,159274,159274,JONESBORO RD SE@SPRINGSIDE DR,33.675201,-84.370819
6109,159276,159276,JONESBORO RD SE@2961,33.673595,-84.371674
6110,159282,159282,CLEVELAND AVE SE @ BROWNS MILL RD SE,33.680994,-84.384482
6111,159296,159296,CLEVELAND AVE @ JONESBORO RD,33.680822,-84.368114
6112,159302,159302,CLEVELAND AVE SW @ MACON DR SW,33.68116,-84.388657
6113,159308,159308,CLEVELAND AVE SW @ STEELE AVE SW,33.681058,-84.396581
6114,159309,159309,CLEVELAND AVE SW @ OLD HAPEVILLE RD SW,33.68103,-84.39401
6115,159314,159314,CLEVELAND AVE SW @ MACON DR SW,33.681027,-84.389141
6116,159334,159334,ZIP INDUSTRIAL BLVD@SOUTHSIDE INDU,33.653275,-84.389267
6117,159336,159336,ZIP INDUSTRIAL BLVD SE@3720,33.654934,-84.389046
6118,159338,159338,ZIP INDUSTRIAL BLVD SE@3600,33.656818,-84.385529
6119,159340,159340,ZIP INDUSTRIAL BLVD SE@3550,33.658184,-84.383408
6120,159342,159342,ZIP INDUSTRIAL BLVD SE@BROWNS MILL,33.660477,-84.384552
6121,159344,159344,HAMILTON BLVD @ 3400,33.663052,-84.385826
6122,159382,159382,ZIP INDUSTRIAL BLVD@3675,33.656252,-84.386809
6123,159384,159384,OLD HAPEVILLE RD@CLEVELAND AVE,33.679839,-84.393117
6124,159390,159390,BROWNS MILL RD@OAK DR,33.667433,-84.380236
6125,159392,159392,CLEVELAND AVE SE @ 445,33.680699,-84.375078
6126,159410,159410,HUTCHENS RD@KATOMARICK DR,33.667995,-84.363991
6127,164002,164002,CENTRE PKWY @ 1800,33.651716,-84.513334
6128,164008,164008,OLD FAIRBURN RD @ SOMERSET TRL,33.663447,-84.527261
6129,164010,164010,FAIRBURN RD @ LANDING SOUTH DR,33.664308,-84.520998
6130,164014,164014,FAIRBURN RD SW @ WELCOME ALL RD,33.664104,-84.523453
6131,164016,164016,FAIRBURN RD SW @ LANDINGS NORTH DR,33.664658,-84.520304
6132,164024,164024,FAIRBURN RD @ WELCOME ALL RD,33.663878,-84.522885
6133,164028,164028,FAIRBURN RD @ STEPHANIE DR,33.674027,-84.514236
6134,164030,164030,N CAMP CREEK PKY @ FAIRBURN RD,33.67524,-84.514442
6135,164032,164032,OLD FAIRBURN RD @ SOMERSET TRL,33.663644,-84.527284
6136,164034,164034,OLD FAIRBURN RD @ CAMP CREEK PKY,33.65951,-84.52981
6137,164038,164038,FAIRBURN RD SW @ REDWINE PKY SW,33.66787,-84.516088
6138,165002,165002,STONE RD @ PENNY LN,33.666025,-84.467467
6139,165004,165004,STONE RD @ 2414,33.666032,-84.4689
6140,165006,165006,STONE RD @ PEBBLE DR,33.666073,-84.470375
6141,165008,165008,STONE RD @ DODSON DR CONNECTOR,33.666069,-84.472496
6142,165010,165010,STONE RD@DODSON DR,33.666077,-84.474579
6143,165014,165014,MT OLIVE RD @ STONE RD,33.665657,-84.477913
6144,165016,165016,MT OLIVE RD@RUGBY AVE,33.664033,-84.477616
6145,165017,165017,MT OLIVE RD @ DRESDEN TRL,33.661453,-84.477788
6146,165018,165018,MT OLIVE RD@WASHINGTON RD,33.659805,-84.478027
6147,165038,165038,WASHINGTON RD @ LAKEMONT DR,33.651052,-84.489408
6148,165044,165044,WASHINGTON RD @ CANDLEWOOD DR,33.643853,-84.489167
6149,165046,165046,WASHINGTON RD @ CHESTNUT DR,33.641339,-84.490828
6150,165048,165048,WASHINGTON RD @ CARMEL DR,33.6402,-84.491155
6151,165050,165050,WASHINGTON RD @ CHESTNUT DR,33.641728,-84.490543
6152,165052,165052,WASHINGTON RD @ JANICE DR,33.644558,-84.489236
6153,165055,165055,DESERT DR @ 3112,33.651455,-84.491228
6154,165056,165056,WASHINGTON RD @ LAKEMONT DR,33.650967,-84.489267
6155,165057,165057,DESERT DR @ 3140,33.651918,-84.492662
6156,165061,165061,DESERT DR @ KENELWORTH DR,33.653528,-84.493523
6157,165075,165075,DESERT DR @ KENELWORTH DR,33.65375,-84.493647
6158,165078,165078,N DESERT DR @ CAMP CREEK PKY,33.65513,-84.492864
6159,165079,165079,DESERT DR @ 3148,33.652016,-84.493064
6160,165081,165081,DESERT DR @ 3112,33.651374,-84.491358
6161,165117,165117,WASHINGTON RD @ EAST POINT ST,33.675587,-84.442505
6162,907709,165118,WASHINGTON AVE @ EAST POINT ST,33.675522,-84.443717
6163,165128,165128,N COMMERCE DR @ MARKETPLACE BLVD,33.657621,-84.504173
6164,165130,165130,REDWINE RD @ N DESERT DR,33.66075,-84.49645
6165,166042,166042,MAIN ST @ JOHN WESLEY AVE,33.650979,-84.449623
6166,166058,166058,PRINCETON AVE @ COLLEGE ST,33.654656,-84.451779
6167,166060,166060,PRINCETON DR@PRINCETON AVE,33.65513,-84.45374
6168,166062,166062,PRINCETON DR@ATLANTA ST,33.656513,-84.456027
6169,166064,166064,ATLANTA ST@CANNON CT,33.657606,-84.455671
6170,166066,166066,ATLANTA ST @ VIRGINIA AVE,33.659853,-84.455544
6171,166067,166067,PRINCETON DR@COX CT,33.65562,-84.45451
6172,166068,166068,VIRGINIA AVE@CONLEY ST,33.659882,-84.454111
6173,166071,166071,MAIN ST @ W RUGBY AVE,33.662584,-84.446427
6174,166074,166074,MAIN ST @ MERCER AVE,33.664805,-84.445605
6175,166078,166078,MAIN ST @ VESTA AVE,33.667483,-84.444567
6176,166086,166086,VIRGINIA AVE@LEE ST,33.659218,-84.432808
6177,166088,166088,VIRGINIA AVE@LEE ST,33.659044,-84.433305
6178,166090,166090,VIRGINIA AVE@HARRISON RD,33.659096,-84.434663
6179,166092,166092,VIRGINIA AVE@HARRISON RD,33.659348,-84.435074
6180,166094,166094,VIRGINIA AVE @ MADISON ST,33.65934,-84.43914
6181,166096,166096,VIRGINIA AVE@MADISON ST,33.659235,-84.439212
6182,166098,166098,VIRGINIA AVE@MYRTLE ST,33.659332,-84.440605
6183,166100,166100,VIRGINIA AVE@MYRTLE ST,33.659215,-84.441004
6184,166102,166102,VIRGINIA AVE@ADAMS ST,33.659351,-84.442101
6185,166104,166104,VIRGINIA AVE@ADAMS ST,33.659214,-84.442025
6186,166106,166106,VIRGINIA AVE@JACKSON ST,33.659286,-84.443489
6187,166108,166108,VIRGINIA AVE@JACKSON ST,33.659101,-84.443959
6188,166110,166110,VIRGINIA AVE@LEE ST,33.659264,-84.444969
6189,166112,166112,VIRGINIA AVE@LEE ST,33.659193,-84.445032
6190,166122,166122,MAIN ST @ HAWTHORNE AVE,33.655978,-84.448917
6191,166144,166144,WASHINGTON RD @ STONE RD,33.666967,-84.465511
6192,166148,166148,WASHINGTON RD @ STONE RD,33.667244,-84.465201
6193,166152,166152,PRINCETON AVE @ MAIN ST,33.654551,-84.449444
6194,166154,166154,PRINCETON AVE@COLLEGE ST,33.654567,-84.451735
6195,166156,166156,PRINCETON DR@PRINCETON AVE,33.65509,-84.45404
6196,166158,166158,PRINCETON DR@FREEMAN CT,33.656167,-84.455924
6197,166160,166160,ATLANTA ST@PRINCETON DR,33.656746,-84.456397
6198,166162,166162,ATLANTA ST@CANNON CT,33.657758,-84.455703
6199,166166,166166,VIRGINIA AVE @ ATLANTA ST,33.659952,-84.455414
6200,166168,166168,VIRGINIA AVE@CONLEY ST,33.65994,-84.454
6201,166174,166174,MAIN ST @ HOWELL SLADE CIR,33.660516,-84.44738
6202,166178,166178,MAIN ST @ W RUGBY AVE,33.662325,-84.446666
6203,166182,166182,MAIN ST @ MERCER AVE,33.664949,-84.445693
6204,166186,166186,MAIN ST @ VESTA AVE,33.66769,-84.44468
6205,166190,166190,WILLINGHAM DR @ ELM ST,33.668235,-84.437175
6206,166192,166192,WILLINGHAM DR @ HARRISON RD,33.667363,-84.434485
6207,166194,166194,WILLINGHAM DR @ HARRISON RD,33.667462,-84.434325
6208,166196,166196,WILLINGHAM DR @ CHERRY ST,33.668365,-84.437127
6209,166198,166198,W POINT AVE @ BEST RD,33.639587,-84.457077
6210,166205,166205,ROOSEVELT HWY @ GATEWAY BLVD,33.64353,-84.45374
6211,166206,166206,ROOSEVELT HWY @ CONLEY ST,33.644912,-84.451563
6212,166207,166207,ROOSEVELT HWY @ HOSPITALITY WAY,33.640531,-84.457472
6213,166208,166208,ROOSEVELT HWY @ GATEWAY BLVD,33.642828,-84.454247
6214,166210,166210,ROOSEVELT HWY @ LESLEY DR,33.640503,-84.457099
6215,166900,166900,COLLEGE PARK STATION - SOUTH LOOP,33.651267,-84.448559
6216,166901,166901,COLLEGE PARK STATION - NORTH LOOP,33.651937,-84.448465
6217,167002,167002,HUTCHENS RD@FORREST PARK RD,33.665885,-84.355488
6218,167004,167004,FORREST PARK RD SE@PINE FOREST DR,33.658974,-84.355572
6219,167006,167006,FORREST PARK RD SE@EISENHOWER RD SE,33.656408,-84.355742
6220,167008,167008,FORREST PARK RD SE@HENDON RD,33.654653,-84.3563
6221,167010,167010,FORREST PARK RD SE@FOREST VALLEY DR,33.651672,-84.357811
6222,167012,167012,CONLEY RD SE@900,33.650192,-84.359505
6223,167016,167016,CONLEY RD SE @ JONESBORO RD SE,33.648628,-84.364136
6224,167034,167034,FORREST PARK RD@CONLEY RD,33.650337,-84.358284
6225,169002,169002,RIVER RD@WABASH LN,33.66289,-84.246096
6226,169026,169026,RIVER RD @ RIVER MILL LN,33.66198,-84.24609
6227,169032,169032,CLEVEMONT RD @ CLEVEMONT WAY,33.652356,-84.253681
6228,169041,169041,RIVER RD@RIVERVIEW CLUB DR,33.666336,-84.245115
6229,169043,169043,RIVER RD@RIVERVIEW CLUB DR,33.666419,-84.245229
6230,169046,169046,RIVER RD@3796,33.66511,-84.245518
6231,169048,169048,RIVER RD@3796,33.665047,-84.245442
6232,169056,169056,CLEVEMONT RD @ LINEVIEW DR,33.653853,-84.253564
6233,171002,171002,BULL RUN DR@LLOYD RD,33.702856,-84.284867
6234,171006,171006,BULL RUN DR@COHASSETT LN,33.702915,-84.282299
6235,171008,171008,NORGATE LN@BULL RUN DR,33.703147,-84.280734
6236,171010,171010,FLAT SHOALS RD @ NORGATE LN,33.705439,-84.280863
6237,175002,175002,ROOSEVELT HWY@BEN HILL RD,33.621469,-84.50587
6238,175006,175006,ROOSEVELT HWY@DELANO RD,33.618526,-84.511246
6239,175008,175008,ROOSEVELT HWY@FELDWOOD RD,33.614059,-84.517288
6240,175010,175010,ROOSEVELT HWY@FELDWOOD RD,33.61269,-84.52012
6241,175012,175012,ROOSEVELT HWY@WELCOME ALL RD SW,33.611118,-84.523328
6242,175014,175014,ROOSEVELT HWY@BEN HILL RD,33.621288,-84.505638
6243,175018,175018,ROOSEVELT HWY@DELANO RD,33.618226,-84.510975
6244,175020,175020,ROOSEVELT HWY@DELANO RD,33.61382,-84.517232
6245,175022,175022,ROOSEVELT HWY@FELDWOOD RD,33.612418,-84.520195
6246,175024,175024,ROOSEVELT HWY@WELCOME ALL RD,33.610588,-84.523796
6247,176002,176002,WASHINGTON RD@CARMEL DR,33.639231,-84.491564
6248,176004,176004,WASHINGTON RD @ N COMMERCE DR,33.633703,-84.492322
6249,176006,176006,WASHINGTON RD @ 4555,33.630875,-84.492203
6250,176010,176010,WASHINGTON RD @ HATHCOCK RD,33.627314,-84.491994
6251,176012,176012,WASHINGTON RD@SPRING ST,33.624981,-84.492186
6252,176014,176014,WASHINGTON RD @ ROOSEVELT HWY,33.623397,-84.492189
6253,176016,176016,ROOSEVELT HWY @ 3199,33.62267,-84.494208
6254,176018,176018,ROOSEVELT HWY @ MILLER RD,33.622361,-84.497492
6255,176038,176038,ROOSEVELT HWY @ 3199,33.622563,-84.494608
6256,176040,176040,WASHINGTON RD @ ROOSEVELT HWY,33.623367,-84.492067
6257,176042,176042,WASHINGTON RD @ SPRING ST,33.625153,-84.492058
6258,176046,176046,WASHINGTON RD @ 4510,33.631722,-84.492217
6259,176048,176048,WASHINGTON RD @ N COMMERCE DR,33.633033,-84.492233
6260,176058,176058,SULLIVAN RD @ OLD NATIONAL HWY,33.624496,-84.473335
6261,176060,176060,SULLIVAN RD @ EDISON DR,33.624393,-84.466248
6262,176062,176062,SULLIVAN RD @ 2301,33.624374,-84.463463
6263,176064,176064,SULLIVAN RD @ EMBARCADERO LN,33.624371,-84.460197
6264,176066,176066,BEST RD @ SULLIVAN RD,33.625137,-84.458008
6265,176068,176068,BEST RD@RIVERDALE RD,33.62841,-84.457863
6266,176070,176070,BEST RD @ 4555,33.631785,-84.457961
6267,176076,176076,BEST RD @ 4555,33.631946,-84.458092
6268,176078,176078,BEST RD @ T OWEN SMITH BLVD,33.628343,-84.458109
6269,176080,176080,BEST RD @ 4736,33.627183,-84.458084
6270,176082,176082,SULLIVAN RD @ 2301,33.624767,-84.463326
6271,176084,176084,SULLIVAN RD @ EDISON DR,33.624805,-84.465591
6272,176088,176088,OLD NATIONAL HWY @ SULLIVAN RD,33.623454,-84.474422
6273,176090,176090,OLD NATIONAL HWY @ GODBY RD,33.615688,-84.47278
6274,176094,176094,OLD NATIONAL HWY @ OLD BILL COOK RD,33.613701,-84.472704
6275,176096,176096,OLD NATIONAL HWY @ JOLLY RD,33.61206,-84.472065
6276,176098,176098,OLD NATIONAL HWY @ JOLLY RD,33.611821,-84.471807
6277,176100,176100,OLD NATIONAL HWY @ 5234,33.612835,-84.472107
6278,176104,176104,OLD NATIONAL HWY @ GODBY RD,33.615986,-84.472641
6279,176106,176106,GODBY RD @ OLD NATIONAL HWY,33.616274,-84.471264
6280,176108,176108,GODBY RD @ OLD NATIONAL PKY,33.616257,-84.468603
6281,176110,176110,GODBY RD @ SCOFIELD RD,33.616211,-84.46271
6282,176112,176112,SCOFIELD RD @ ORLY TER,33.61232,-84.463531
6283,176116,176116,ROOSEVELT HWY @ WICKERSHAM DR,33.637161,-84.461629
6284,176120,176120,ROOSEVELT HWY @ GLOBAL GATEWAY CONN,33.631315,-84.468945
6285,176124,176124,ROOSEVELT HWY @ HERSCHEL RD,33.62858,-84.472337
6286,176128,176128,ROOSEVELT HWY @ GREENSPRING RD,33.625684,-84.475924
6287,176132,176132,ROOSEVELT HWY @ JANICE DR,33.624041,-84.479676
6288,176134,176134,ROOSEVELT HWY @ KENT RD,33.623904,-84.481098
6289,176138,176138,ROOSEVELT HWY @ WHITE CITY RD,33.623694,-84.484082
6290,176140,176140,ROOSEVELT HWY @ YATES RD,33.623413,-84.487001
6291,176144,176144,ROOSEVELT HWY @ WASHINGTON RD,33.622978,-84.491737
6292,176150,176150,ROOSEVELT HWY @ BUFFINGTON RD,33.62203,-84.501747
6293,176152,176152,OLD NATIONAL HWY @ SULLIVAN RD,33.623512,-84.474121
6294,176154,176154,BEST RD @ SULLIVAN RD,33.625154,-84.45827
6295,176156,176156,SULLIVAN RD@SOUTHPORT RD,33.624775,-84.461639
6296,176157,176157,SULLIVAN RD @ EMBARCADERO LN,33.624692,-84.460357
6297,176160,176160,ROOSEVELT HWY @ WICKERSHAM DR,33.636682,-84.461879
6298,176162,176162,ROOSEVELT HWY @ GLOBAL GATEWAY CONN,33.631824,-84.467961
6299,176166,176166,ROOSEVELT HWY @ 2511,33.629673,-84.470613
6300,176169,176169,ROOSEVELT HWY @ GREENSPRING RD,33.626383,-84.474927
6301,176174,176174,ROOSEVELT HWY@JANICE DR,33.623896,-84.479754
6302,176176,176176,ROOSEVELT HWY@KENT RD,33.623719,-84.481216
6303,176180,176180,ROOSEVELT HWY @ WHITE CITY RD,33.623458,-84.4842
6304,176182,176182,ROOSEVELT HWY @ ROCK HILL RD,33.623279,-84.486669
6305,176186,176186,ROOSEVELT HWY @ WASHINGTON RD,33.622708,-84.492272
6306,176192,176192,ROOSEVELT HWY @ CAMPBELL DR,33.622183,-84.498728
6307,176194,176194,ROOSEVELT HWY@BUFFINGTON RD,33.621731,-84.501629
6308,176196,176196,SULLIVAN RD @ 2411,33.624848,-84.469834
6309,176198,176198,SULLIVAN RD@2411,33.62452,-84.469816
6310,176200,176200,SCOFIELD RD @ ROCHELLE WAY,33.61387,-84.463449
6311,176214,176214,WASHINGTON RD @ HATHCOCK RD,33.627047,-84.491889
6312,176216,176216,ROOSEVELT HWY @ 2601,33.626628,-84.474857
6313,176220,176220,SULLIVAN RD@2511,33.624468,-84.471707
6314,176222,176222,ROOSEVELT HWY @ 2511,33.629782,-84.470852
6315,176224,176224,BEST RD @ 4601,33.630379,-84.45797
6316,176226,176226,BEST RD @ 4601,33.630048,-84.45811
6317,176230,176230,BUFFINGTON RD @ NATURALLY FRESH BLVD,33.612303,-84.500219
6318,176232,176232,BUFFINGTON RD @ NATURALLY FRESH BLVD,33.612439,-84.500125
6319,176234,176234,WASHINGTON RD @ 4626,33.630067,-84.491947
6320,182006,182006,ROOSEVELT HWY @ MASON RD,33.600811,-84.544178
6321,182010,182010,ROOSEVELT HWY @ HIGHPOINT RD,33.594247,-84.549617
6322,182014,182014,ROOSEVELT HWY@6157,33.587319,-84.548837
6323,182016,182016,ROOSEVELT HWY@TURNER DR,33.585573,-84.549028
6324,182018,182018,ROOSEVELT HWY @ TURNER DR,33.585205,-84.549124
6325,182020,182020,ROOSEVELT HWY @ BRYANT ST,33.580955,-84.552453
6326,182025,182025,CAMP DR @ STONEWALL TELL RD,33.60012,-84.54931
6327,182026,182026,ROOSEVELT HWY @ MASON RD,33.600551,-84.544448
6328,182028,182028,ROOSEVELT HWY@HIGHPOINT RD,33.594059,-84.549464
6329,182029,182029,STONEWALL TELL RD @ ROOSEVELT HWY,33.598457,-84.548685
6330,182030,182030,ROOSEVELT HWY@VIRGINIA AVE,33.590389,-84.548677
6331,182032,182032,ROOSEVELT HWY @ ALEXANDER AVE,33.588208,-84.54866
6332,182036,182036,ROOSEVELT HWY @ TURNER DR,33.585058,-84.549037
6333,182038,182038,ROOSEVELT HWY @ WATSON ST,33.581593,-84.551349
6334,183002,183002,ROYAL SOUTH PKY @ 3775,33.58784,-84.512909
6335,183004,183004,ROYAL SOUTH PKY @ FELDWOOD RD,33.587851,-84.514756
6336,183006,183006,FELDWOOD RD @ FLAT SHOALS RD,33.5869,-84.51607
6337,183012,183012,FLAT SHOALS RD @ BUFFINGTON RD,33.583782,-84.510705
6338,183014,183014,FLAT SHOALS RD @ FELDWOOD RD,33.586094,-84.515736
6339,183016,183016,FLAT SHOALS RD @ BUFFINGTON RD,33.583949,-84.510166
6340,183018,183018,ROOSEVELT HWY@YANKEE DR,33.609057,-84.527594
6341,183020,183020,ROOSEVELT HWY @ MALLORY RD,33.607793,-84.530069
6342,183022,183022,ROOSEVELT HWY@COOK RD,33.606617,-84.532776
6343,183024,183024,ROOSEVELT HWY@HUNTER RD,33.603669,-84.538446
6344,183026,183026,ROOSEVELT HWY@MALLORY RD,33.607414,-84.53043
6345,183028,183028,ROOSEVELT HWY@COOK RD,33.606414,-84.532493
6346,183030,183030,ROOSEVELT HWY@HUNTER RD,33.603741,-84.538099
6347,183032,183032,ROOSEVELT HWY @ 4285,33.608613,-84.527734
6348,183038,183038,BUFFINGTON RD @ FLAT SHOALS RD,33.5852,-84.509475
6349,183950,183950,SOUTH FULTON PARK & RIDE,33.586794,-84.51233
6350,184002,184002,FLAT SHOALS RD @ RED OAK RD,33.581921,-84.491707
6351,184004,184004,FLAT SHOALS RD @ KIMBERLY MILL RD,33.582622,-84.487706
6352,184005,184005,FLAT SHOALS RD @ SHOALS CREEK DR,33.58398,-84.48404
6353,184006,184006,KIMBERLY MILL RD @ FLAT SHOALS RD,33.581967,-84.487225
6354,184008,184008,HARPER VALLEY DR @ MICHAEL DR,33.586348,-84.480785
6355,184010,184010,CARRIAGE LN@HILLANDALE DR,33.591802,-84.479624
6356,184012,184012,FLAT SHOALS RD @ HILLANDALE RD,33.588363,-84.476537
6357,184018,184018,OLD NATIONAL HWY @ BISCAYNE DR,33.609378,-84.471151
6358,184020,184020,OLD NATIONAL HWY @ JEROME RD,33.604322,-84.472084
6359,184022,184022,OLD NATIONAL HWY @ 5615,33.602921,-84.472316
6360,184026,184026,OLD NATIONAL HWY @ PLEASANT HILL RD,33.5997,-84.47097
6361,184027,184027,OLD NATIONAL HWY @ BURDETT RD,33.597406,-84.469785
6362,184029,184029,OLD NATIONAL HWY @ BURDETT RD,33.596357,-84.468803
6363,184030,184030,OLD NATIONAL HWY @ 5917,33.594978,-84.468704
6364,184032,184032,OLD NATIONAL HWY @ LANTERN LN,33.593441,-84.468414
6365,184034,184034,OLD NATIONAL HWY @ WEXFORD DR,33.590997,-84.468731
6366,184036,184036,OLD NATIONAL HWY @ FLAT SHOALS RD,33.588118,-84.469115
6367,184038,184038,OLD NATIONAL HWY @ FLAT SHOALS RD,33.589607,-84.468727
6368,184042,184042,OLD NATIONAL HWY @ SHERIFF RD,33.593383,-84.468224
6369,184044,184044,OLD NATIONAL HWY@BURDETT RD,33.594955,-84.468369
6370,184048,184048,OLD NATIONAL HWY @ PLEASANT HILL RD,33.600157,-84.471123
6371,184050,184050,OLD NATIONAL HWY @ JEROME RD,33.603462,-84.472036
6372,184052,184052,OLD NATIONAL HWY @ SURREY TRL,33.605464,-84.471544
6373,184056,184056,FLAT SHOALS RD @ OLD NATIONAL HWY,33.588991,-84.470462
6374,184057,184057,FLAT SHOALS RD @ SHOALS CREEK DR,33.584234,-84.484115
6375,184058,184058,FLAT SHOALS RD @ GUILFORD LN,33.589135,-84.475597
6376,184060,184060,FLAT SHOALS RD @ KIMBERLY MILL RD,33.582877,-84.487839
6377,184061,184061,FLAT SHOALS RD @ RED OAK RD,33.582292,-84.491918
6378,184062,184062,OLD NATIONAL HWY @ 5400,33.608929,-84.471069
6379,184064,184064,HILLANDALE DR @ CARRIAGE LN,33.591725,-84.478912
6380,184066,184066,FLAT SHOALS RD @ HILLANDALE DR,33.58845,-84.47684
6381,184070,184070,FLAT SHOALS RD @ 3060,33.58223,-84.490513
6382,184074,184074,OLD FARM RD @ GREEN TRAIL DR,33.589582,-84.482466
6383,184076,184076,OLD FARM RD @ GREEN TRAIL DR,33.589434,-84.482266
6384,184082,184082,SCOFIELD RD @ BRITLEY TER,33.605878,-84.463191
6385,184084,184084,SCOFIELD RD @ BRITNEY FOREST DR,33.607705,-84.463161
6386,184086,184086,SCOFIELD RD @ BRITTANY TRL,33.608788,-84.463185
6387,184088,184088,BUFFINGTON RD @ SABLE RUN RD,33.601094,-84.499744
6388,184090,184090,BUFFINGTON RD @ SABLE RUN RD,33.602087,-84.500023
6389,184094,184094,HILLANDALE DR @ OCEAN VALLEY DR,33.589456,-84.477398
6390,184096,184096,HILLANDALE DR @ OCEAN VALLEY DR,33.589581,-84.477889
6391,184098,184098,BUFFINGTON RD @ ROYAL SOUTH PKWY,33.597167,-84.498186
6392,184099,184099,BUFFINGTON RD @ SABLE CHASE LN,33.597911,-84.498375
6393,184100,184100,BUFFINGTON RD @ ESTES DR,33.604535,-84.499789
6394,190004,190004,W BROAD ST @ SHAW DR,33.572903,-84.569328
6395,190010,190010,NW BROAD ST @ DODD ST,33.567689,-84.579869
6396,190012,190012,NW BROAD ST @ 152,33.568725,-84.577697
6397,190020,190020,W BROAD ST @ BROOKS DR,33.560566,-84.587129
6398,190021,190021,HWY 138 @ PARKWAY RD,33.569725,-84.562336
6399,190024,190024,S MAIN ST @ 421,34.066208,-84.306178
6400,190034,190034,ROOSEVELT HWY @ HARBOR LAKES PKWY,33.553297,-84.598339
6401,190052,190052,BEVERLY ENGRAM PKWY @ JONESBORO RD,33.571894,-84.564636
6402,190058,190058,W BROAD ST @ DODD ST,33.567914,-84.5799
6403,190060,190060,SMITH ST @ BROAD ST,33.565931,-84.582549
6404,190064,190064,ROOSEVELT HWY @ BEVERLY ENGRAM PKWY,33.574513,-84.56592
6405,191003,191003,JONESBORO RD @ LONDONDERRY WAY,33.56817,-84.53743
6406,191005,191005,JONESBORO RD @ 4751,33.569978,-84.543278
6407,191009,191009,BEVERLY ENGRAM PKWY @ PARKWAY RD,33.56983,-84.562034
6408,191011,191011,W BROAD ST @ ESTES DR,33.571267,-84.572786
6409,191013,191013,W BROAD ST @ ELDER ST,33.570342,-84.574825
6410,191020,191020,JONESBORO RD @ 4770,33.569881,-84.543464
6411,191030,191030,ROOSEVELT HWY @ GRESHAM ST,33.579787,-84.554587
6412,191032,191032,ROOSEVELT HWY@THOMPSON,33.578123,-84.558172
6413,191034,191034,ROOSEVELT HWY@WESTBROOK PL,33.577089,-84.56036
6414,191036,191036,ROOSEVELT HWY@LOWER DIXIE LAKE RD,33.576046,-84.562805
6415,191038,191038,NW BROAD ST @ BEVERLY ENGRAM PKWY,33.574278,-84.566973
6416,191042,191042,ROOSEVELT HWY @ GRESHAM ST,33.579509,-84.554879
6417,191044,191044,ROOSEVELT HWY @ THOMPSON DR,33.578036,-84.557988
6418,191046,191046,ROOSEVELT HWY @ WESTBROOK PL,33.57718,-84.55984
6419,191048,191048,ROOSEVELT HWY @ LOWER DIXIE LAKE RD,33.575924,-84.562623
6420,191058,191058,ROOSEVELT HWY @ 6935,33.54379,-84.613567
6421,191064,191064,ROOSEVELT HWY @ 6737,33.547528,-84.607097
6422,191070,191070,BEVERLY ENGRAM PKWY @ JONESBORO RD,33.570448,-84.545817
6423,191072,191072,HWY 138 @ GOODSON CONNECTOR RD,33.570253,-84.547794
6424,191078,191078,ROOSEVELT HWY @ 6935,33.543505,-84.613286
6425,191082,191082,NW BROAD ST @ NE BROAD ST,33.570489,-84.574067
6426,191084,191084,JONESBORO RD @ STUDIO WAY,33.567743,-84.536635
6427,191086,191086,HWY 138 @ 5250,33.569033,-84.556164
6428,191088,191088,HWY 138 @ GRESHAM ST,33.569086,-84.555483
6429,191090,191090,ROOSEVELT HWY @ VILLAGE CENTER BLVD,33.55362,-84.598025
6430,191091,191091,HWY 138 @ JONESBORO RD,33.572564,-84.565347
6431,192002,192002,FLAT SHOALS RD @ CONNELL RD,33.580326,-84.502921
6432,192004,192004,FLAT SHOALS RD @ CONNELL RD,33.580444,-84.502434
6433,192008,192008,FLAT SHOALS RD@3650,33.582985,-84.507663
6434,192010,192010,FLAT SHOALS RD @ BUFFINGTON RD,33.583269,-84.507565
6435,193002,193002,FLAT SHOALS RD @ HIDDEN BROOK TRL,33.578668,-84.498211
6436,193004,193004,FLAT SHOALS RD @ EL CAUDILLO CT,33.579498,-84.49543
6437,193006,193006,FLAT SHOALS RD @ TAHOE DR,33.580421,-84.494286
6438,193008,193008,KIMBERLY MILL RD @ KIMBERLY MILL LN,33.576004,-84.489159
6439,193010,193010,CADIZ CIR @ KIMBERLY MILL RD,33.573943,-84.490109
6440,193012,193012,CADIZ CIR @ CADIZ LN N,33.573753,-84.492126
6441,193014,193014,CADIZ CIR @ CADIZ LN S,33.571747,-84.491862
6442,193016,193016,CADIZ CIR @ KIMBERLY MILL RD,33.57149,-84.490625
6443,193018,193018,KIMBERLY MILL RD @ ADENA LN W,33.572384,-84.490166
6444,193020,193020,KIMBERLY MILL RD @ PINEY FORK LN,33.573425,-84.489769
6445,193022,193022,KIMBERLY MILL RD @ VALLEY BEND RD,33.57716,-84.488337
6446,193024,193024,KIMBERLY MILL RD @ 6400,33.579666,-84.487091
6447,193026,193026,FLAT SHOALS RD @ TAHOE DR,33.580933,-84.494209
6448,193028,193028,FLAT SHOALS RD @ EL CAUDILLO CT,33.580017,-84.49559
6449,193030,193030,KIMBERLY MILL RD @ KEENAN RD,33.575119,-84.489481
6450,193032,193032,KIMBERLY MILL RD @ KEENAN RD,33.574742,-84.48919
6451,197030,197030,ROOSEVELT HWY @ BISHOP RD,33.541613,-84.616263
6452,197036,197036,ROOSEVELT HWY@HOBGOOD RD,33.537422,-84.633702
6453,197040,197040,ROOSEVELT HWY@JOHN RIVERS RD,33.549029,-84.60479
6454,197100,197100,ROOSEVELT HWY @ JOHN RIVERS RD,33.549064,-84.605057
6455,197110,197110,ROOSEVELT HWY@BISHOP RD,33.541334,-84.617043
6456,197130,197130,ROOSEVELT HWY@HOBGOOD RD,33.537542,-84.63414
6457,197140,197140,ROOSEVELT HWY@WALNUT WAY,33.529376,-84.658061
6458,906386,200002,ROOSEVELT HWY @ WILKERSON MILL RD,33.536102,-84.641882
6459,906387,200010,MAIN ST@GRIFFITH DR,33.526647,-84.663621
6460,906388,200012,MAIN ST@SIMS ST,33.523399,-84.665416
6461,906389,200013,ROOSEVELT HWY @ PHIPPS RD,33.528321,-84.660799
6462,906390,200014,MAIN ST@ HARRIS AVE,33.523095,-84.66598
6463,906391,200016,MAIN ST @ JACKSON AVE,33.520394,-84.667713
6464,906392,200018,MAIN ST @ TOOMBS ST,33.517397,-84.669803
6465,906393,200020,ROOSEVELT HWY @ TATUM RD,33.53603,-84.64173
6466,906394,200026,ROOSEVELT HWY@GULLATT RD,33.537684,-84.626017
6467,906395,200030,ROOSEVELT HWY@WALNUT WAY,33.528898,-84.658906
6468,906396,200032,MAIN ST@PARK ST,33.524559,-84.664682
6469,906397,200034,MAIN ST@GRIFFITH DR,33.526527,-84.663474
6470,906398,200100,ROOSEVELT HWY@GULLATT RD,33.538074,-84.625431
6471,555300,555300,SIX FLAGS PKWY @ SERVICE RD,33.771922,-84.552397
6472,770627,770627,WOODLAND HILLS DR @ JANES LN,33.812069,-84.344556
6473,907458,770709,RALPH D ABERNATHY BLVD @ POLLARD BLVD SW,33.737036,-84.390231
6474,772066,772066,GLENWOOD AVE@2225,33.740259,-84.315691
6475,213574,772304,BRIARCLIFF RD @ BRIARCLIFF WAY,33.85412,-84.262775
6476,907766,999544,NORTH SPRINGS STATION,33.94495,-84.357275
6477,907775,999549,LINDBERGH CENTER STATION,33.823501,-84.369313
6478,120024,999673,KIMBERLY RD @ FAIRLY WAY,33.719733,-84.520839
6479,907823,999690,LINDBERGH CENTER STATION,33.823447,-84.369324
6480,901174,999738,JOHNSON RD NE @ BRIARCLIFF RD NE,33.804651,-84.337984
6481,772466,999742,RAINBOW DR @ KELLEY CHAPEL RD,33.707184,-84.224094
6482,212849,999743,MEMORIAL DR @ HOOPER ALEXANDER DR,33.751714,-84.272814
6483,109058,999748,COVINGTON HWY @ 5103,33.73246,-84.202216
6484,901234,999751,BOULEVARD NE @ IRWIN ST NE,33.757588,-84.372059
6485,901227,999755,JOHN WESLEY DOBBS AVE @ HOWELL ST,33.759379,-84.370245
6486,901228,999756,BOULEVARD NE @ IRWIN ST NE,33.757686,-84.372135
6487,901173,999759,BRIARCLIFF RD NE @ WILLOW LAKE DR NE,33.821307,-84.334679
6488,901165,999762,10TH ST NE @ JUNIPER ST NE,33.781777,-84.382427
6489,901229,999764,10TH ST NE @ PIEDMONT AVE NE,33.781823,-84.380339
6490,901230,999765,10TH ST NE @ PIEDMONT AVE NE,33.781751,-84.380535
6491,901231,999766,10TH ST NE @ JUNIPER ST NE,33.781706,-84.382373
6492,116086,999772,CHEROKEE AVE SE @ BASS ST SE,33.734798,-84.373556
6493,901167,999774,WOODLAND AVE NE@1155,33.814745,-84.349708
6494,901168,999775,WOODLAND AVE NE@1217,33.814403,-84.347924
6495,901170,999777,WOODLAND AVE NE @ 1220,33.814384,-84.347782
6496,901232,999778,WOODLAND AVE NE @ 1170,33.814938,-84.349673
6497,901233,999779,NORTH POINT PKWY@EXECUTIVE DRIVE,34.069716,-84.258924
6498,901235,999780,NORTH POINT PKWY @ OLD MILTON PKWY,34.068295,-84.261141
6499,901237,999782,WESTPARK DR @ 4175,33.73733,-84.557701
6500,212843,999790,MEMORIAL DR @ HOOPER ALEXANDER DR,33.752098,-84.272455
6501,901244,999792,WINN WAY @ 460,33.787636,-84.279392
6502,901241,999795,17TH ST NW @ SPRING ST NW,33.791843,-84.389047
6503,901242,999796,17TH ST NW @ DISTRICT AVE,33.791311,-84.395975
6504,212819,999804,CONTINENTAL COLONY PKWY SW @ GREENBRIAR PKWY SW,33.686287,-84.49128
6505,136086,999809,ASTOR AVE@ARROW ST,33.701617,-84.425824
6506,136084,999810,ASTOR AVE @ ARROW ST,33.701545,-84.425922
6507,901245,999811,DUNWOODY PARK @ DUNWOODY PARK SOUTH,33.92404,-84.311311
6508,901246,999812,TILLY MILL RD@COLDSTREAM DR,33.936608,-84.288676
6509,901292,999813,DUNWOODY PARK@DUNWOODY PARK SOUTH,33.923941,-84.3113
6510,134024,999822,HILLANDALE DR @ SOMERSET PKWY,33.705654,-84.141962
6511,901339,999823,LAWRENCEVILLE HWY @ 4375,33.857529,-84.205296
6512,159058,999841,CLEVELAND AVE @ FORREST HILLS DR,33.681082,-84.400882
6513,165032,999843,N DESERT DR @ 3540,33.65734,-84.49491
6514,165034,999844,N DESERT DR @ 3600,33.6572,-84.49467
6515,165084,999845,REDWINE RD @ CREST RIDGE DR,33.66109,-84.50135
6516,165086,999846,REDWINE RD @ CREST RIDGE DR,33.660929,-84.501499
6517,165092,999847,REDWINE RD @ N DESERT DR,33.66066,-84.49545
6518,166044,999848,VIRGINIA AVE@VICTORIA ST,33.659668,-84.452764
6519,166052,999849,VIRGINIA AVE@HEMPHILL ST,33.65982,-84.44972
6520,153060,999850,CLIFTON SPRINGS RD @ PINE SPRINGS MNR,33.69205,-84.288909
6521,153062,999851,CLIFTON SPRINGS RD @ BUNNY LN,33.691764,-84.291158
6522,153064,999852,CLIFTON SPRINGS RD @ BUNNY LN,33.69163,-84.29129
6523,154034,999853,RIVER RD@KRISTA LN,33.674396,-84.249853
6524,151034,999856,REDFORD DR@NATHAM DR,33.687826,-84.356713
6525,132122,999857,MILLER RD @ 2935,33.704051,-84.182895
6526,132124,999858,MILLER RD @ CHATOOGA DR,33.7023,-84.184011
6527,132126,999859,MINOLA DR @ MILLER RD,33.701064,-84.183818
6528,132128,999860,MINOLA DR @ 5075,33.70107,-84.18125
6529,132130,999861,MINOLA DR @ 5195,33.70107,-84.17863
6530,132132,999862,MINOLA DR @ 5215,33.701028,-84.176202
6531,132134,999863,MINOLA DR @ PANOLA RD,33.700941,-84.172328
6532,132142,999867,W FAIRINGTON PKWY@BUCKINGHAM WAY,33.69913,-84.16653
6533,133074,999874,HILLANDALE DR @ JW WILLIAMS SR LN,33.705083,-84.166976
6534,133162,999875,HILLANDALE DR @ 5850,33.703686,-84.150601
6535,133164,999876,HILLANDALE DR @ CONCEPTS 21 DR,33.70367,-84.15965
6536,133166,999877,HILLANDALE DR @ PANOLA RD,33.706932,-84.168761
6537,134048,999879,HILLANDALE DR @ 6136,33.7058,-84.1404
6538,129009,999894,FLAT SHOALS RD @ COOK RD,33.716286,-84.306512
6539,129011,999895,FLAT SHOALS RD @ 2ND AVE,33.71873,-84.309
6540,116072,999898,CHEROKEE AVE @ GRANT PARK PL,33.73232,-84.37354
6541,122054,999902,DELOWE DR SW @ CAMPBELLTON RD SW,33.706365,-84.457295
6542,122058,999903,MYRTLE DR @ 1890,33.702706,-84.45504
6543,122062,999904,MYRTLE DR @ 1881,33.703568,-84.45506
6544,122124,999905,DELOWE DR @ ALISON CT,33.700842,-84.457448
6545,211333,999915,N INDIAN CREEK DR @ ROCKBRIDGE RD,33.785678,-84.236717
6546,900746,999916,ROCKBRIDGE RD@S SUSAN CREEK DR,33.785902,-84.225504
6547,900748,999918,FAIRBURN RD SW @ MAYS XING SW,33.732144,-84.509995
6548,900749,999919,FAIRBURN RD SW @ MAYS XING SW,33.732484,-84.510224
6549,900844,999922,17TH ST NW @ STATE ST NW,33.79113,-84.398803
6550,900845,999923,17TH ST NW @ MARKET ST NW,33.791061,-84.394768
6551,165080,999943,N COMMERCE DR @ CENTER PKWY,33.652448,-84.503184
6552,184028,999947,BUFFINGTON RD @ OLD BILL COOK RD,33.593684,-84.497262
6553,184046,999948,BUFFINGTON RD @ OLD BILL COOK RD,33.593161,-84.497164
6554,184102,999949,BUFFINGTON RD @ BIRDSEYE TRL,33.590486,-84.501162
6555,902882,999957,CAROLINE ST @ 1270,33.758437,-84.347065
6556,149038,999960,OLD HAPEVILLE RD@2466,33.685528,-84.391904
6557,902810,999964,HOWELL MILL RD@NAWENCH DR,33.832539,-84.418038
6558,902811,999965,SEABOARD AVE NE @ MORELAND AVE NE,33.758374,-84.349566
6559,120028,999968,KIMBERLY RD@CASCADE RD,33.725038,-84.51514
6560,120026,999969,KIMBERLY RD SW @ CASCADE RD SW,33.725181,-84.515304
6561,902844,999978,FAIRBURN RD@SANDY CREEK ROAD,33.779758,-84.502571
6562,169005,999981,RIVER RD @ MORTONS LANDING DR,33.661386,-84.246402
6563,150064,999982,NORTH POINT PKWY @ GREAT OAKS WAY,34.061846,-84.265327
6564,116128,999985,CHEROKEE AVE SE @ AUGUSTA AVE SE,33.733634,-84.373566
6565,902908,999986,MARTIN L KING JR DR SW @ LAMAR AVE,33.750851,-84.45899
6566,122056,999987,MYRTLE DR @ PLAZA LN,33.705419,-84.455055
6567,902913,999992,CAROLINE ST @ 1245,33.758338,-84.347739
6568,902914,999994,FAIRBURN RD@680,33.735366,-84.510503
6569,902915,999995,FAIRBURN RD @ 680,33.7358,-84.51033
6570,902990,1000002,VIRGINIA AVE NE @ TODD RD NE,33.782325,-84.355076
6571,153078,1000004,COLUMBIA DR@FLATSHOALS PKWY,33.692977,-84.260611
6572,902941,1000005,GLENDALE RD @ HATTON DR,33.787337,-84.254073
6573,133032,1000008,COVINGTON HWY @ HILLVALE RD (W),33.71842,-84.150209
6574,133048,1000009,COVINGTON HWY @ HILLVALE RD (W),33.718491,-84.150188
6575,902946,1000021,CHAPEL ST @ 7TH STREET,33.786604,-84.256086
6576,183036,1000022,BUFFINGTON RD @ FLAT SHOALS RD,33.584341,-84.510192
6577,133078,1000025,PANOLA RD @ 2538,33.713823,-84.165562
6578,102258,1000027,ALABAMA ST @ BROAD ST (FIVE POINTS STATION),33.753505,-84.391973
6579,903031,1000028,PEELER RD @ N PEACHTREE RD,33.935903,-84.294593
6580,903032,1000029,CHAMBLEE TUCKER RD@STONECREST CT,33.885597,-84.250238
6581,903059,99969863,MEMORIAL DR @ N HAIRSTON RD,33.802714,-84.192805
6582,166014,99969864,VIRGINIA AVE@HEMPHILL ST,33.659698,-84.449887
6583,903060,99969873,ROCKBRIDGE RD @ S INDIAN CREEK DR,33.786811,-84.23217
6584,164042,99969875,FAIRBURN RD SW @ REDWINE PKY SW,33.667808,-84.515946
6585,900979,99969878,EMORY DECATUR HOSPITAL,33.790171,-84.282806
6586,906371,99969900,JOHNSON FERRY RD @ DONALDSON DR,33.892253,-84.326084
6587,122066,99969906,DELOWE DR SW @ DELOWE PL SW,33.703939,-84.457247
6588,150192,99969913,NORTH POINT PKWY@GREAT OAKS WAY,34.057112,-84.269189
6589,150196,99969914,NORTH POINT PKWY@ ROYAL DR,34.05884,-84.266388
6590,150162,99969915,NORTH POINT PKWY@ GREAT OAKS WAY,34.062669,-84.265402
6591,150204,99969916,NORTH POINT PKWY @ ROYAL DR,34.058939,-84.266791
6592,150208,99969917,NORTH POINT PKWY @ GREAT OAKS WAY (S),34.057356,-84.269292
6593,906373,99969920,ROCKBRIDGE RD @ THOMAS JEFFERSON DR,33.786326,-84.201054
6594,906368,99969922,CEDAR ST @ 3RD AVE,33.785291,-84.26085
6595,903337,99969950,BRIARWOOD RD NE @ COOSAWATTEE DR,33.850458,-84.333648
6596,903338,99969951,BRIARWOOD RD@N DRUID HILLS RD,33.853439,-84.339016
6597,116132,99969952,ATLANTA AVE @ CHEROKEE AVE,33.730161,-84.373325
6598,131096,99969954,NEW SNAPFINGER WOODS DR @ E WESLEY CHAPEL WAY,33.714908,-84.214901
6599,184106,99969956,FLAT SHOALS RD @ 2555,33.589123,-84.473195
6600,144950,99969960,BARGE RD PARK & RIDE,33.688804,-84.507221
6601,900110,99969968,GRESHAM RD SE @ FLAT SHOALS RD (WAL-MART),33.717889,-84.310445
6602,900111,99969969,CASCADE RD @ BEECHER RD,33.722192,-84.464113
6603,900113,99969971,ASTOR AVE SW@SYLVAN RIDGE DR SW,33.701371,-84.419599
6604,900115,99969983,FLAT SHOALS RD @ 2555,33.589143,-84.472144
6605,900116,99969984,FLAT SHOALS RD @ HIDDEN BROOK TRL,33.57882,-84.498374
6606,900117,99969985,CARRIAGE LANE @ OCEAN VALLEY DR,33.591906,-84.481729
6607,906329,99969993,E PONCE DE LEON AVE @ ROCK MOUNTAIN BLVD,33.81903,-84.184845
6608,906327,99969995,CHARLES ALLEN DR @ 10TH ST,33.781361,-84.37278
6609,906344,99970019,TARRAGON WAY@ESTER DR,33.749987,-84.519256
6610,900026,99970028,CONSTITUTION RD @ 960,33.692973,-84.357779
6611,900002,99970032,ROCKBRIDGE RD@HALWICK WAY,33.786681,-84.198596
6612,900028,99970041,S COLUMBIA DR@CONWAY RD,33.761732,-84.277809
6613,900030,99970045,MOURY AVE@204,33.715561,-84.392147
6614,900031,99970046,MOURY AVE SW @ 204,33.715668,-84.392104
6615,900032,99970047,MOURY AVE@THIRKELD AVE,33.714031,-84.391157
6616,900033,99970048,MOURY AVE@MIDDLETON ST,33.712904,-84.389928
6617,900021,99970052,PEACHTREE ST @ PEACHTREE PL,33.7807,-84.384034
6618,900118,99970074,W BROAD ST @ SMITH ST,33.565558,-84.582775
6619,900128,99970077,NORTHSIDE PKWY NW @ 4111,33.863999,-84.445706
6620,900119,99970078,COBB PKWY @ RIVER PKWY,33.871766,-84.456297
6621,900120,99970079,COBB PKWY @ RIVERWOOD PKWY,33.879746,-84.459374
6622,900121,99970080,AKERS MILL@CUMBERLAND BLVD,33.879222,-84.464601
6623,900122,99970081,AKERS MILL RD @ CUMBERLAND BLVD,33.879359,-84.46439
6624,900123,99970082,COBB PKWY @ 2980,33.880269,-84.461075
6625,900124,99970083,COBB PKWY @ CUMBERLAND BLVD,33.878099,-84.45739
6626,900125,99970084,COBB PKWY @ 3220,33.873175,-84.45651
6627,900079,99970088,CUMBERLAND TRANSFER CENTER,33.87813,-84.46919
6628,900080,99970090,HOWELL MILL RD @ DOWNWOOD CIR NW,33.841069,-84.42743
6629,900081,99970091,HOWELL MILL RD @ MOORES MILL RD,33.837435,-84.420355
6630,900061,99970093,COBB PKWY SE@PARKWAY POINTE SE,33.878029,-84.456699
6631,900004,99970097,CHESHIRE BRIDGE RD@WOODLAND AVE,33.815021,-84.353043
6632,900003,99970098,LINDBERGH DR NE @ PIEDMONT RD NE,33.821443,-84.367071
6633,900059,99970099,MORELAND AVE@NORTH AVE,33.771138,-84.349026
6634,900050,99970100,MORELAND AVE @ DRUID PL,33.769043,-84.349058
6635,900051,99970101,MORELAND AVE @ MANSFIELD AVE,33.767871,-84.349068
6636,900052,99970102,MORELAND AVE @ EUCLID AVE,33.765158,-84.349242
6637,900053,99970103,MORELAND AVE @ 299,33.762357,-84.349263
6638,900054,99970104,MORELAND AVE @ 299,33.762357,-84.349154
6639,900055,99970105,MORELAND AVE @ MCLENDON AVE,33.764899,-84.349122
6640,900015,99970107,MORELAND AVE @ MANSFIELD AVE,33.767701,-84.34896
6641,900056,99970108,MORELAND AVE @ DRUID PL,33.768936,-84.348927
6642,900057,99970109,MORELAND AVE@NORTH AVE,33.770994,-84.348895
6643,900129,99970111,TURNER HILL RD @ STONECREST CONCOURSE,33.695108,-84.088906
6644,900131,99970113,MALL PKWY@STONECREST PROM,33.693654,-84.095972
6645,900134,99970116,EVA DAVIS WAY @ GREENHAVEN DR SE,33.741208,-84.314484
6646,900062,99970117,EVA DAVIS WAY @ FOREST LAKES AVE,33.743598,-84.31481
6647,900063,99970118,EVA DAVIS WAY @ MEMORIAL DR,33.747258,-84.31444
6648,900069,99970124,LANCASTER LN @ SHANNON PKWY,33.570023,-84.538593
6649,900076,99970131,PERIMETER CTR W @ PERIMETER CTR PL,33.927055,-84.340793
6650,900077,99970132,PERIMETER CTR PL@MEADOW LANE RD,33.929659,-84.339944
6651,900016,99970136,PERIMETER CTR PL@PERIMETER CTR WEST,33.929087,-84.340805
6652,900083,99970137,PERIMETER CTR PL@PERIMETER CTR WEST,33.927664,-84.341567
6653,900096,99970150,BRIARWOOD RD@1775,33.84286,-84.322807
6654,900097,99970151,BRIARWOOD RD@1750,33.842922,-84.322753
6655,900098,99970152,BRIARWOOD RD@BRIARWOOD IND CT,33.840891,-84.321425
6656,900099,99970153,BRIARWOOD RD@BRIARWOOD IND CT,33.84098,-84.321425
6657,900043,99970171,LINDBERGH WAY NE @ W LINDMONT CT,33.820486,-84.364804
6658,900044,99970172,LINDBERGH DR NE @ ADINA DR NE,33.820585,-84.363316
6659,900045,99970173,LINDBERGH DR NE @ MOROSGO WAY,33.820766,-84.365358
6660,210032,99970183,PRINCETON LAKES PKY @ CAR MIA DR,33.65711,-84.510328
6661,210168,99970184,PRINCETON LAKES PKWY @ 3725,33.657945,-84.508734
6662,210155,99970186,PEACHTREE CENTER AVE @ JOHN W DOBBS AVE,33.757062,-84.386018
6663,210207,99970191,N DECATUR RD @ LANTERN WOOD DR,33.788524,-84.249308
6664,210147,99970194,FLAT SHOALS RD @ HEMPERLEY RD,33.586477,-84.479705
6665,210148,99970195,FLAT SHOALS RD @ HEMPERLEY RD,33.586403,-84.479309
6666,210149,99970196,TUCKERSTONE PKWY @ MOUNTAIN INDUSTRIAL BLVD,33.857978,-84.198611
6667,210208,99970204,DONALD L HOLLOWELL PKWY @ MARIETTA BLVD,33.772544,-84.425263
6668,210042,99970234,FLAT SHOALS RD @ HARPER VALLEY DR,33.58573,-84.480349
6669,903737,99970240,ROCKBRIDGE RD @ N HAIRSTON RD,33.7873,-84.19536
6670,184014,99970247,FLAT SHOALS RD @ OLD NATIONAL HWY,33.58889,-84.471197
6671,210045,99970314,BOULDERCREST RD@CHERRY VALLEY DR,33.690077,-84.31624
6672,210046,99970315,COUNTY LINE RD@IVYWOOD DR,33.682255,-84.537291
6673,210049,99970318,NORTHSIDE PKWY@3715,33.854821,-84.431197
6674,210050,99970319,NORTHSIDE PKWY @ 3715,33.854455,-84.431229
6675,210053,99970323,POWERS FERRY RD @ DUPREE DR,33.910959,-84.425156
6676,210054,99970324,POWERS FERRY RD NW @ DUPREE DR NW,33.911532,-84.424331
6677,210043,99970328,COVINGTON HWY@TURNER HILL RD,33.702189,-84.088798
6678,210044,99970329,MOURY AVE@PRYOR RD,33.717073,-84.393267
6679,210004,99970330,MOURY AVE@PRYOR RD,33.716957,-84.393017
6680,210034,99970333,NORTHSIDE PKWY @ RIVER GREEN DR,33.864243,-84.448769
6681,210033,99970334,NORTHSIDE PKWY @ RIVER GREEN DR,33.864182,-84.44922
6682,210037,99970335,BRANNEN RD SE @ WELLAND AVE SE,33.715544,-84.312141
6683,210007,99970336,MIDWAY RD @ WREN RD,33.759311,-84.251576
6684,210038,99970340,S STONE MOUNTAIN LITHONIA RD @ 490,33.782884,-84.161321
6685,210039,99970341,S STONE MOUNTAIN LITHONIA RD@490,33.782803,-84.161224
6686,210040,99970342,S STONE MOUNTAIN LITHONIA RD @ WELLS CIR,33.781094,-84.161477
6687,210001,99970343,S STONE MNT LITHONIA RD @ WELLS CIR,33.780879,-84.161423
6688,210003,99970346,S STONE MTN LITHONIA RD @ SHADOW ROCK DR,33.771734,-84.163074
6689,210018,99970347,S STONE MTN LITHONIA RD @ SHADOW RK,33.772145,-84.162877
6690,210011,99970348,S STONE MOUNTAIN LITHONIA RD @ PATTILLO WAY,33.768083,-84.163679
6691,210015,99970349,S STONE MOUNTAIN LITHONIA RD@PATTIL,33.76768,-84.163658
6692,210016,99970350,PANOLA RD @ FOREST EAST LN,33.761085,-84.16489
6693,210017,99970351,PANOLA RD@FOREST EAST LN,33.760923,-84.164857
6694,210024,99970352,PANOLA RD @ REDAN RD,33.756153,-84.165498
6695,210025,99970353,PANOLA RD @ REDAN RD,33.756283,-84.165349
6696,210026,99970354,PANOLA RS@WINDFERN CT,33.7532,-84.165536
6697,210027,99970355,PANOLA RD@JOECLAY DR,33.753047,-84.16545
6698,210028,99970356,PANOLA RD@BIFFLE RD,33.747605,-84.165439
6699,210029,99970357,PANOLA RD@BIFFLE RD,33.747507,-84.165352
6700,210030,99970358,PANOLA RD@YOUNG RD,33.738516,-84.169381
6701,210031,99970359,PANOLA RD@YOUNG RD,33.738525,-84.169283
6702,210012,99970360,PANOLA RD@MARBUT RD,33.734254,-84.168292
6703,210013,99970361,PANOLA RD@MARBUT RD,33.734513,-84.168313
6704,210014,99970362,PANOLA RD@PANOLA WAY LN,33.730511,-84.167419
6705,210019,99970363,PANOLA RD@PANOLA DOWNS RD,33.730439,-84.167278
6706,210020,99970364,PANOLA RD@MALLARD TRL,33.726035,-84.167222
6707,210021,99970365,PANOLA RD@MALLARD TRL,33.725963,-84.167157
6708,210022,99970366,PANOLA RD @ COVINGTON HWY,33.722588,-84.166979
6709,210023,99970367,PANOLA RD @ COVINGTON HWY,33.723394,-84.167097
6710,210159,99970368,PANOLA RD @ 2523,33.714763,-84.165669
6711,210160,99970369,PANOLA RD@SNAPFINGER WOODS DR,33.709011,-84.168212
6712,210161,99970370,PANOLA RD @ SNAPFINGER WOODS DR,33.709271,-84.167927
6713,210163,99970372,PEACHTREE INDUSTRIAL BLVD @ LONGVIEW DR,33.900117,-84.300053
6714,210164,99970373,PEACHTREE INDUSTRIAL BLVD @ LONGVIEW DR,33.900824,-84.299563
6715,210165,99970374,MOTORS IND WAY @ 5000,33.910521,-84.285769
6716,210166,99970375,MOTORS INDUSTRIAL WAY @ 5000,33.910709,-84.285638
6717,210167,99970376,PEACHTREE INDUSTRIAL BLVD @CHAMBLEE TUCKER RD,33.890006,-84.311676
6718,210169,99970377,PRINCETON LAKES PKY @ REDWINE RD,33.659198,-84.508976
6719,210170,99970378,PRINCETON LAKES PKY @ CAR MIA DR,33.657379,-84.510242
6720,210171,99970379,PRINCETON LAKES PKY @ CAMP CREEK PKY,33.656417,-84.512585
6721,210172,99970380,PRINCETON LAKES PKY @ CAMP CREEK PKY,33.656535,-84.511999
6722,210173,99970381,FAIRBURN RD @ VILLAGE PARK LN,33.664095,-84.525363
6723,210174,99970382,FAIRBURN RD SW @ VILLAGE PARK LN,33.664166,-84.525233
6724,210175,99970383,FAIRBURN RD @ 3070,33.671212,-84.51451
6725,210184,99970392,WASHINGTON RD @ W RUGBY AVE,33.663606,-84.468664
6726,210185,99970393,WASHINGTON RD @ DODSON DR CONN,33.662081,-84.471644
6727,210186,99970394,WASHINGTON RD @ CHARLES DR,33.66006,-84.476696
6728,210188,99970396,WASHINGTON RD @ MT OLIVE RD,33.659592,-84.477811
6729,210189,99970397,WASHINGTON RD@REDWINE RD,33.658723,-84.480616
6730,210190,99970398,WASHINGTON RD @ REDWINE RD,33.658314,-84.480839
6731,210191,99970399,WASHINGTON RD @ W POTOMAC DR,33.656672,-84.482108
6732,210192,99970400,WASHINGTON RD @ W POTOMAC DR,33.656411,-84.482139
6733,210193,99970401,WASHINGTON RD @ VICTORIA DR,33.654361,-84.486767
6734,210194,99970402,WASHINGTON RD @ SOUTHLAND CT,33.654372,-84.486508
6735,210195,99970403,MT OLIVE RD @ DRESDEN TRL,33.661733,-84.477547
6736,210196,99970404,MT OLIVE RD@W RUGBY AVE,33.663792,-84.477496
6737,210197,99970405,MT OLIVE RD @ STONE RD,33.665842,-84.477468
6738,210198,99970406,STONE RD @ DODSON DR,33.665926,-84.474959
6739,210199,99970407,STONE RD @ DODSON DR CONN,33.665902,-84.472679
6740,210200,99970408,STONE RD @ PEBBLE DR,33.665905,-84.470496
6741,210202,99970410,STONE RD @ PENNY LN,33.665903,-84.468107
6742,210077,99970412,WELCOME RD@5225,33.612619,-84.524623
6743,210078,99970413,WELCOME ALL RD@5225,33.611877,-84.524437
6744,210079,99970414,WELCOME ALL RD@5145,33.61465,-84.525334
6745,210100,99970415,WELCOME ALL RD@5145,33.614373,-84.525453
6746,210101,99970416,WELCOME ALL RD@KENSINGTON COVE,33.623656,-84.526041
6747,210102,99970417,WELCOME ALL RD@KENSINGTON COVE,33.623843,-84.526215
6748,210103,99970418,WELCOME ALL RD@KENWOOD TRL,33.628031,-84.527354
6749,210104,99970419,WELCOME ALL RD@KENWOOD TRL,33.628094,-84.527485
6750,210105,99970420,WELCOME ALL RD @ WILL LEE RD,33.630848,-84.529272
6751,210106,99970421,WELCOME ALL RD @ WILL LEE RD,33.630785,-84.529402
6752,210107,99970422,WELCOME ALL RD @ SCARBOROUGH RD,33.633143,-84.532209
6753,210108,99970423,WELCOME ALL RD @ JAILETTE RD,33.633322,-84.53247
6754,210110,99970425,WELCOME ALL RD @ 4345,33.636487,-84.527341
6755,210111,99970426,WELCOME ALL RD @ 4195,33.640391,-84.52401
6756,210112,99970427,WELCOME ALL RD @ 4195,33.640427,-84.524075
6757,210113,99970428,WELCOME ALL RD@SOUTHMEADOW PKWY,33.6484,-84.520817
6758,210114,99970429,WELCOME ALL RD @ SOUTHMEADOW PKWY,33.648561,-84.52098
6759,210115,99970430,FAIRINGTON PKWY@RUE FONTAINE,33.699999,-84.163646
6760,210116,99970431,FAIRINGTON PKWY@PHILIP BRADLEY DR,33.699054,-84.159965
6761,210117,99970432,FAIRINGTON PKWY @ TREEVIEW DR,33.69749,-84.155894
6762,210118,99970433,FAIRINGTON PKWY@FAIRINGTON CLUB DRIVE,33.69601,-84.153247
6763,210119,99970434,FAIRINGTON PKWY @ FAIRINGTON RIDGE CIR,33.697099,-84.154289
6764,210121,99970436,FAIRINGTON PKWY@MEADOWOOD CIR,33.699197,-84.159628
6765,210122,99970437,FAIRINGTON PKWY@RUE FONTAINE,33.700205,-84.163504
6766,210127,99970438,W FAIRINGTON PKWY@BUCKINGHAM WAY,33.699403,-84.166439
6767,210128,99970439,W FAIRINGTON PKWY@TURNBERRY PL,33.697562,-84.168279
6768,210129,99970440,W FAIRINGTON PKWY@PANOLA RD,33.69721,-84.17307
6769,210130,99970441,E SIDE DR @ OLD WESLEY CHAPEL RD,33.708745,-84.217605
6770,210131,99970442,PLEASANTWOOD DR @ E SIDE DR,33.708321,-84.214411
6771,210132,99970443,PLEASANTWOOD DR @ SNAPFINGER RD,33.704633,-84.214645
6772,210133,99970444,SNAPFINGER RD @ WESLEY CHAPEL RD,33.706624,-84.217684
6773,210134,99970450,SYLVAN RD@GENESSEE AVE,33.716152,-84.41802
6774,210135,99970451,SYLVAN RD@ARDEN AVE,33.717109,-84.418118
6775,210136,99970452,SYLVAN RD @ DILL AVE,33.718175,-84.417968
6776,210137,99970453,SYLVAN RD@DILL AVE,33.718336,-84.418109
6777,210140,99970456,AVON AVE SW @ MURPHY AVE SW,33.722327,-84.4222
6778,210141,99970457,MURPHY AVE @ AVON AVE,33.722226,-84.422441
6779,210142,99970458,MURPHY AVE@DILL AVE,33.718886,-84.424054
6780,210143,99970459,MURPHY AVE SW @ DILL AVE SW,33.719504,-84.423696
6781,210144,99970460,PEACHTREE IND BLVD @ SEXTON WOODS,33.890935,-84.310296
6782,210056,99970462,S INDIAN CREEK DR@CROSSINGS WAY,33.761464,-84.223328
6783,210057,99970463,S INDIAN CREEK DR@CREEK CT,33.761831,-84.223132
6784,210058,99970464,S INDIAN CREEK DR@SENECA WAY,33.758993,-84.222798
6785,210059,99970465,S INDIAN CREEK DR@SENECA WAY,33.758886,-84.222516
6786,210060,99970466,S INDIAN CREEK DR@CHEDWORTH WAY,33.752546,-84.220111
6787,210061,99970467,S INDIAN CREEK DR@COLONY EAST DR,33.75208,-84.219916
6788,210062,99970468,S INDIAN CREEK DR @ INCA CT,33.749575,-84.221115
6789,210063,99970469,S INDIAN CREEK DR@INCA CT,33.749477,-84.22106
6790,210064,99970470,S HAIRSTON RD@LAKE POINT DR,33.766019,-84.195052
6791,210065,99970471,S HAIRSTON RD @ BRASAC DR,33.766842,-84.194855
6792,210066,99970472,S HAIRSTON RD@MAINSTREET PARK DR,33.768846,-84.193764
6793,210067,99970473,S HAIRSTON RD@MAINSTREET PARK DR,33.769589,-84.194078
6794,210068,99970474,S HAIRSTON RD@HAIRSTON PL,33.772444,-84.1939
6795,210069,99970475,S HAIRSTON RD@ELAM RD,33.772346,-84.19415
6796,210070,99970476,S HAIRSTON RD@MARTINS CROSSING RD,33.776712,-84.192414
6797,210071,99970477,S HAIRSTON RD@MARTIN CROSSING RD,33.777088,-84.192543
6798,210072,99970478,S HAIRSTON RD@FAIRFOREST DR,33.782854,-84.193741
6799,210073,99970479,S HAIRSTON RD@FAIRFOREST DR,33.783499,-84.194251
6800,210074,99970480,S HAIRSTON RD @ ROCKBRIDGE RD,33.786859,-84.195474
6801,210075,99970481,S HAIRSTON RD @ ROCKBRIDGE RD,33.7863,-84.195833
6802,210080,99970482,N HAIRSTON RD@KEIGHLEY DR,33.791116,-84.194891
6803,210081,99970483,N HAIRSTON RD@KEIGHLEY DR,33.791376,-84.195097
6804,210082,99970484,N HAIRSTON RD@KENILWORTH DR,33.793648,-84.193995
6805,210083,99970485,N HAIRSTON RD@KENILWORTH DR,33.793908,-84.194179
6806,210084,99970486,N HAIRSTON RD@HAIRSTON XING RD,33.796834,-84.193609
6807,210085,99970487,N HAIRSTON RD@HAIRSTON XING RD,33.796853,-84.19388
6808,210124,99970503,CHUPP RD@HUBER ST,33.706433,-84.117696
6809,210125,99970504,CHUPP RD@HUBER ST,33.706353,-84.117805
6810,210126,99970505,HILLANDALE DR@JW WILLIAMS SR LN,33.705348,-84.167253
6811,210300,99970509,BOLTON RD @ PARROTT AVE,33.810578,-84.477506
6812,210302,99970511,PEYTON RD@JAMES JACKSON PKWY,33.80806,-84.476603
6813,210303,99970512,PEYTONRD@2770,33.808058,-84.478126
6814,210318,99970522,CHUPP RD@MACEDONIA DR,33.705787,-84.126792
6815,210319,99970523,CHUPP RD @ MACEDONIA DR,33.705706,-84.126019
6816,210320,99970524,CHUPP RD @ EVANS MILL DR,33.705663,-84.122175
6817,210321,99970525,CHUPP RD @ EVANS MILL DR,33.705855,-84.121893
6818,210322,99970526,HILLANDALE DR @ FAIRINGTON RD,33.704984,-84.144601
6819,210323,99970527,HILLANDALE DR @ FAIRINGTON RD,33.704788,-84.144792
6820,210324,99970528,MINOLA DR @ 5220,33.701143,-84.176201
6821,210325,99970529,MINOLA DR@MILLER RD,33.701181,-84.184328
6822,210326,99970530,MILLER RD@CHATOOGA DR,33.702281,-84.183783
6823,210328,99970532,MINOLA DR @ 5174,33.701157,-84.178523
6824,210329,99970533,MINOLA DR @ 5094,33.701184,-84.181304
6825,210316,99970538,HILLANDALE DR @ KEYSTONE GATES DR,33.703714,-84.154391
6826,210317,99970539,HILLANDALE DR@5786,33.703511,-84.153415
6827,210338,99970545,DURHAM PARK RD@ S INDIAN CREEK DR,33.771608,-84.226109
6828,210339,99970546,DURHAM PARK RD@S INDIAN CREEK DR,33.771635,-84.226348
6829,210340,99970547,S INDIAN CREEK DR@ROWLAND RD,33.766925,-84.224397
6830,210341,99970548,S INDIAN CREEK DR@ROWLAND RD,33.7668,-84.224289
6831,210342,99970549,S INDIAN CREEK DR@REDAN RD,33.763344,-84.223271
6832,210343,99970550,S INDIAN CREEK DR@REDAN RD,33.763693,-84.223184
6833,210344,99970551,FAIRBURN RD@BOLTON RD,33.778616,-84.499948
6834,210348,99970553,S STONE MOUNTAIN LITHONIA RD @ CHAPMAN RD,33.732205,-84.112998
6835,210349,99970554,SNAPFINGER RD @ 2131,33.716504,-84.227068
6836,210351,99970556,PEACHTREE INDUSTRIAL BLVD @ GREEN INDUSTRIAL WAY,33.903248,-84.297024
6837,210352,99970557,PEACHTREE INDUSTRIAL BLVD @ GREEN INDUSTRIAL WAY,33.903132,-84.296992
6838,210353,99970558,CEDAR ST@REED ST,33.78529,-84.258512
6839,210346,99970563,GRTA - PANOLA PARK & RIDE,33.702106,-84.172974
6840,210358,99970564,I-85 ACCESS RD SOUTH (N.E. EXPY) @ ASHLEY OAKS CT,33.851628,-84.301451
6841,210379,99970580,NORTHSIDE DR@TRABERT AVE,33.793899,-84.407801
6842,210380,99970581,NORTHSIDE DR NW @ GREEN ST NW,33.793192,-84.407909
6843,210382,99970583,NORTHLAKE PKWY @ CRESCENT CENTRE BLVD,33.843109,-84.243977
6844,210383,99970584,NORTHLAKE PKWY @ E EXCHANGE PL,33.844004,-84.244444
6845,801510,99970612,N OUTER LOOP RD @ DELTA BLVD,33.657978,-84.422989
6846,801500,99970613,N INNER LOOP RD @ DELTA BLVD,33.657782,-84.422793
6847,801530,99970614,N OUTER LOOP RD @ATLANTA AVE,33.65531,-84.413235
6848,210384,99970616,GLENWOOD AVE SE @ BILL KENNEDY WAY SE,33.7397,-84.357864
6849,210387,99970618,I-85 ACCESS RD SOUTH (N.E. EXPY) @ APPLING PL,33.871052,-84.281238
6850,210390,99970621,CAMP CREEK PKWY@HERSCHEL RD,33.650041,-84.470934
6851,210391,99970622,CAMP CREEK PKWY @ POTOMAC DR,33.651953,-84.480687
6852,210392,99970623,CAMP CREEK PKWY @ POTOMAC DR,33.65164,-84.480654
6853,210394,99970625,HARBIN RD@1512,33.71403,-84.483505
6854,210402,99970633,ORMOND ST@HANK AARON DR,33.731819,-84.387846
6855,210403,99970634,NORMAN BERRY DR@LUMPKIN ST,33.685436,-84.449015
6856,210404,99970635,WELCOME ALL RD @ SUNRISE TRL,33.620398,-84.525501
6857,210405,99970636,WELCOME ALL RD @ SUNRISE TRL,33.620218,-84.525652
6858,210431,99970659,GA STATE STATION - JESSE HILL JR DR,33.749764,-84.385434
6859,210389,99970675,CAMP CREEK PKWY @ HERSCHEL RD,33.650488,-84.471564
6860,210447,99970676,HAMMOND DR@BROOKGREEN RD,33.91898,-84.36752
6861,210484,99970710,ALPHARETTA HWY @ COMMERCE PKWY,34.039564,-84.3428
6862,210482,99970713,S INDIAN CREEK DR@INDIAN CREEK CIR,33.750783,-84.220374
6863,210502,99970728,AMAL DR @ PRYOR RD,33.707018,-84.397637
6864,210500,99970731,GREENBRIAR PKWY SW @ 3381,33.68409,-84.500608
6865,210501,99970732,GREENBRIAR PKWY SW @ 3378,33.683991,-84.500573
6866,801520,99970733,N INNER LOOP RD @ ATLANTA AVE,33.654782,-84.412681
6867,210555,99970779,PIEDMONT AVE  SE @ GILMER ST SE,33.752543,-84.384156
6868,210551,99970782,IVAN ALLEN JR BLVD NW @ LUCKIE ST,33.764727,-84.395984
6869,210552,99970783,IVAN ALLEN JR BLVD NW @ LUCKIE ST,33.764497,-84.39566
6870,210560,99970789,IRENE KIDD PKWY @ HARRIS ST,33.679362,-84.435614
6871,210561,99970790,COVINGTON DR @ MIDWAY RD,33.761402,-84.252462
6872,210562,99970791,PEACHTREE RD @ HIGHLAND DR,33.845026,-84.368814
6873,210563,99970792,NORTHSIDE DR NW @ DEERING RD NW,33.79628,-84.407945
6874,210564,99970793,GLENWOOD AVE@HAMILTON ST SE,33.73979,-84.356234
6875,210565,99970794,BUFORD HWY @ OAKCLIFF RD,33.911576,-84.264265
6876,210566,99970795,BUFORD HWY@MCELROY RD,33.909081,-84.266783
6877,210568,99970797,TRINITY AVE SW @ TED TURNER DR SW,33.750593,-84.396743
6878,210570,99970799,NORTHSIDE DR SW @ SPELMAN LN SW,33.744454,-84.408346
6879,210571,99970800,CHAPEL ST SW @ W WHITEHALL ST SW,33.742699,-84.40991
6880,210572,99970801,CHAPEL ST SW @ WESTVIEW DR SW,33.742967,-84.409877
6881,210573,99970802,NORTHSIDE DR SW @ SPELMAN LN SW,33.744687,-84.407999
6882,210574,99970803,NORTHSIDE DR SW @ MCDANIEL ST SW,33.746147,-84.406587
6883,210576,99970805,NORTHSIDE DR SW @ FAIR ST SW,33.74904,-84.404372
6884,210578,99970807,WINDSOR ST@GLENN ST,33.738177,-84.39834
6885,210579,99970808,COOPER ST@GLENN ST,33.738053,-84.397014
6886,210581,99970810,MARIA HEAD TER @ NORMAN BERRY DR,33.669981,-84.426077
6887,210589,99970818,BROWNS MILL RD@ SPRINGSIDE DR,33.67641,-84.384196
6888,210602,99970819,BROWNS MILL RD @ MT ZION RD,33.673224,-84.38314
6889,210606,99970820,RUBY H HARPER BLVD SE@ ATKINSON DR,33.654175,-84.380661
6890,210608,99970822,RUBY H HARPER BLVD SE @ SOUTHSIDE IND PKWY,33.652268,-84.380693
6891,210600,99970836,PRYOR RD SW @ ST JOHNS AVE SW,33.701377,-84.399001
6892,210601,99970837,BROWNS MILL RD@HARPER RD,33.696951,-84.37388
6893,210591,99970839,POLAR ROCK RD@POLAR ROCK AVE,33.695301,-84.395975
6894,210616,99970845,UNIVERSITY AVE@BOOKER AVE,33.722173,-84.39751
6895,210617,99970846,UNIVERSITY AVE@GARIBALDI ST,33.722172,-84.399194
6896,210618,99970847,UNIVERSITY AVE @ MCDANIEL ST,33.722179,-84.401313
6897,210619,99970848,MCDANIEL ST@ROY ST,33.724104,-84.401587
6898,210620,99970849,MCDANIEL ST@ FLETCHER ST,33.725607,-84.401578
6899,210621,99970850,MCDANIEL ST@FLETCHER ST,33.725715,-84.401665
6900,210622,99970851,UNIVERSITY AVE@GARIBALDI ST,33.722019,-84.39927
6901,210623,99970852,UNIVERSITY AVE@BOOKER AVE,33.722003,-84.397466
6902,210648,99970875,AMAL DR@GIBEN DR,33.707554,-84.399322
6903,210649,99970876,AMAL DR@GIBEN RD,33.70775,-84.400539
6904,210650,99970877,AMAL DR@BOND DR,33.708062,-84.40168
6905,210651,99970878,BOND DR@ASHWOOD AVE,33.705297,-84.401362
6906,210652,99970879,ASHWOOD AVE@PRYOR RD,33.705137,-84.398928
6907,210653,99970880,PRYOR RD @ AMAL DR,33.70691,-84.397626
6908,210654,99970881,PRYOR RD@FAIR DR,33.702666,-84.39898
6909,210655,99970882,PRYOR RD@FAIR DR,33.702559,-84.398904
6910,210656,99970883,PRYOR RD@PRYOR CIR,33.705066,-84.39882
6911,210659,99970886,RALPH D ABERNATHY BLVD @ HUMPHRIE ST,33.736708,-84.404538
6912,210664,99970898,BROOKS DR@ SW BROAD ST,33.561533,-84.587167
6913,210665,99970899,N CENTRAL AVE @ VIRGINIA AVE,33.661665,-84.413818
6914,210667,99970901,N CENTRAL AVE @ DOGWOOD DR,33.659927,-84.410793
6915,210668,99970902,N CENTRAL AVE @ VIRGINIA AVE,33.661791,-84.413883
6916,210678,99970912,17TH ST NW @ W PEACHTREE ST NW,33.791754,-84.387818
6917,210679,99970913,17TH ST NE @ PEACHTREE ST NE,33.7924,-84.386383
6918,210710,99970938,JACKSON ST NE @ OLD WHEAT ST NE,33.755895,-84.374276
6919,210743,99970971,MCGINNIS FERRY RD @ DEERFIELD POINT DR,34.104192,-84.248717
6920,210744,99970972,MCGINNIS FERRY RD@DEERFIELD POINT D,34.104237,-84.248608
6921,210745,99970973,WINDWARD CONCOURSE@MCGINNIS FERRY R,34.101091,-84.241055
6922,210746,99970974,WINDWARD CONCOURSE @ ALDERMAN DR,34.098711,-84.241112
6923,210747,99970975,WINDWARD CONCOURSE @ ALDERMAN DR,34.099545,-84.240787
6924,210748,99970976,WINDWARD PLAZA@4025,34.093047,-84.23984
6925,210749,99970977,WINDWARD PLZ @ 4025,34.092993,-84.239993
6926,210750,99970978,WINDWARD PKWY@MARCONI DR,34.089878,-84.25014
6927,210751,99970979,WINDWARD PKWY@MARCONI DR,34.089591,-84.250359
6928,210752,99970980,WINDWARD PKWY@EDISON DR,34.08979,-84.252389
6929,210753,99970981,WINDWARD PKWY@EDISON DR,34.089441,-84.252575
6930,210757,99970985,MORRIS RD @ ONE VERIZON PL,34.090791,-84.26739
6931,210758,99970986,MORRIS RD@13560,34.094466,-84.261808
6932,210709,99970990,GA STATE STATION - PIEDMONT AVE,33.749937,-84.386893
6933,210769,99970991,FLAT SHOALS AVE SE @ CAVANAUGH AVE SE,33.731227,-84.33707
6934,210768,99970993,BRANNEN RD SE @ 2149,33.71498,-84.316965
6935,210759,99970994,PEACHTREE CENTER AVE @ BAKER ST,33.762182,-84.385979
6936,210761,99970995,RALPH MCGILL BLVD @ PIEDMONT AVE,33.764171,-84.382099
6937,210760,99970996,RALPH MCGILL BLVD @ COURTLAND ST,33.76434,-84.384154
6938,210765,99970997,PEACHTREE INDUSTRIAL BLVD @ RENAISSANCE BLVD,33.927921,-84.270975
6939,210771,99971000,NORTHSIDE DR@DEERING RD,33.796101,-84.407749
6940,210772,99971001,CASCADE RD SW @ DOLPHIN DR SW,33.722437,-84.461908
6941,210763,99971002,FAIRBURN RD NW @ 1065,33.779455,-84.507367
6942,210762,99971003,COURTLAND ST @ AUBURN AVE,33.756087,-84.384289
6943,210774,99971006,SWALLOW CIR @ JAY PL,33.69357,-84.38699
6944,210779,99971007,SWALLOW CIR @ FINCH DR,33.695941,-84.38773
6945,210777,99971008,SWALLOW CIR SE @ 2298,33.69647,-84.387253
6946,210784,99971016,PANOLA RD@BENTON DR,33.719283,-84.165486
6947,210785,99971017,PANOLA RD@BENTON DR,33.719292,-84.165573
6948,210786,99971018,GLENWOOD AVE@TERRY MILL RD,33.73974,-84.322006
6949,210790,99971020,REDWINE RD @ N COMMERCE DR,33.6608,-84.497937
6950,210791,99971021,REDWINE RD @ N DESERT DR,33.660647,-84.498707
6951,210800,99971030,MEMORIAL DR@S HOWARD ST,33.747292,-84.322066
6952,210802,99971032,ROSWELL RD@OSNER DR,33.894978,-84.381269
6953,210797,99971037,HAMILTON BLVD@BROWNS MILL RD,33.662204,-84.383794
6954,210799,99971039,SOUTHSIDE INDUSTRIAL PKWY@WILSON RD,33.652302,-84.384808
6955,210814,99971046,MARTIN L KING JR DR SW @ 3050,33.75257,-84.486507
6956,210815,99971047,WENDELL DR @ 4415,33.769666,-84.53194
6957,210816,99971048,WENDELL DR @ FULTON INDUSTRIAL BLVD,33.767889,-84.524389
6958,210827,99971057,MORRIS RD@WEBB RD,34.096889,-84.259775
6959,210825,99971058,MORRIS RD@WEBB RD,34.097533,-84.259588
6960,210826,99971059,DEERFIELD PKWY @ WEBB RD,34.097018,-84.264875
6961,210828,99971060,DEERFIELD PKWY @ THREE VERIZON PL,34.095588,-84.268609
6962,210829,99971061,DEERFIELD PKWY @ TWO VERIZON PL,34.092878,-84.271101
6963,210833,99971063,IVAN ALLEN JR BLVD NW @ LOVEJOY ST,33.764729,-84.393146
6964,900787,99971069,MARIETTA ST @ CENTENNIAL OLYMPIC PARK DR,33.75738,-84.393085
6965,903336,99971072,MARIETTA ST NW @ PARK AVE WEST,33.759832,-84.394827
6966,904423,99971073,MARIETTA ST @ PARK AVE WEST,33.759877,-84.394751
6967,901372,99971075,MARIETTA ST @ LATIMER ST,33.762042,-84.396481
6968,210837,99971076,MARIETTA ST @ SIMPSON ST,33.76333,-84.397102
6969,901338,99971077,MARIETTA ST NW @ SIMPSON ST NW,33.763411,-84.3972
6970,210842,99971082,BROWNS MILL RD SE @ CLEVELAND AVE SE,33.681397,-84.384308
6971,210843,99971083,BENJAMIN E MAYS HIGH SCHOOL,33.733942,-84.505152
6972,210848,99971090,PLEASANT HILL RD @ WILLOW PARK BLVD,33.600214,-84.468194
6973,210846,99971093,PARKLAKE DR @ LAVISTA RD,33.846496,-84.24984
6974,210860,99971100,PIERCE DR NE @ PEACHTREE IND BLVD,33.893898,-84.305642
6975,210861,99971101,PIERCE DR @ PEACHTREE INDUSTRIAL BLVD,33.893764,-84.305773
6976,210863,99971102,PERIMETER CTR PL@PERIMETER CTR W,33.927368,-84.341371
6977,210876,99971116,14TH ST @ MCMILLAN ST,33.786177,-84.40429
6978,210877,99971117,14TH ST @ SNYDER ST,33.786143,-84.401267
6979,210879,99971119,14TH ST @ SNYDER ST,33.786241,-84.401833
6980,210880,99971120,14TH ST @ MCMILLAN ST,33.786249,-84.404236
6981,210881,99971121,14TH ST @ HEMPHILL AVE,33.786274,-84.406923
6982,210882,99971122,17TH ST NW @ BISHOP ST NW,33.791573,-84.405732
6983,210883,99971123,17TH ST NW @ VILLAGE ST,33.789517,-84.402902
6984,210884,99971124,17TH ST NW @ VILLAGE ST,33.789758,-84.402684
6985,210885,99971125,17TH ST NW @ BISHOP ST NW,33.791681,-84.40546
6986,210886,99971126,VALLEY VIEW RD SE @ 1069,33.691381,-84.35314
6987,210891,99971131,HARPER RD @ MEADOR AVE,33.696921,-84.380409
6988,210900,99971140,SYLVAN RD@AVON AVE,33.722051,-84.417896
6989,210901,99971141,SYLVAN RD@AVON AVE,33.722051,-84.418113
6990,210902,99971142,SYLVAN RD@COX AVE,33.719625,-84.418078
6991,210903,99971143,SYLVAN RD@ERIN AVE,33.719186,-84.417958
6992,210904,99971144,N PEACHTREE RD @ 3920,33.907946,-84.296412
6993,210905,99971145,GLENWOOD RD @ LA MESA LN,33.73778,-84.246325
6994,210907,99971147,MAIN ST @ HOWELL SLADE CIR,33.660372,-84.447303
6995,210914,99971154,N CENTRAL AVE @ N WHITNEY AVE,33.660807,-84.41221
6996,210915,99971155,N CENTRAL AVE @ N WHITNEY AVE,33.660825,-84.412373
6997,210916,99971156,WINDWARD PKWY@WINDWARD PLZ,34.092754,-84.243116
6998,210917,99971157,WINDWARD PKWY@ALDERMAN DR,34.092585,-84.24387
6999,210918,99971158,PANOLA RD@2221,33.72497,-84.167452
7000,210920,99971160,PANOLA RD @ CIRCLESTONE DR,33.746083,-84.16542
7001,210921,99971161,PANOLA RD@BIFFLE DOWNS RD,33.745636,-84.165573
7002,210923,99971164,HOLLY RD @ 231,33.761338,-84.437643
7003,210924,99971165,CLIFTON SPRINGS RD @ PANTHERSVILLE RD,33.690925,-84.273116
7004,210927,99971168,IRENE KIDD PKWY @ GUS THORNHILL JR DR,33.677696,-84.437013
7005,210928,99971169,IRENE KIDD PKWY @ GUS THORNHILL JR DR,33.677598,-84.436937
7006,210936,99971177,DEFOORS FERRY RD @ 2788,33.820679,-84.447826
7007,210940,99971181,RAINBOW DR@RAINBOW PKWY,33.708031,-84.229862
7008,210957,99971198,CAMP CREEK PKWY @ AIRPORT DR,33.649191,-84.462909
7009,210960,99971201,MEMORIAL DR@MIDWAY RD,33.75598,-84.266049
7010,210961,99971202,MEMORIAL DR@COTTAGE GROVE AVE,33.747257,-84.306157
7011,210962,99971203,E PONCE DE LEON AVE @ PATTERSON AVE,33.785867,-84.265733
7012,210966,99971209,BUFORD HWY@WOODSIDE WAY,33.874994,-84.294236
7013,210967,99971210,ALEXANDER DR @ 4325,34.059364,-84.244941
7014,210972,99971216,MARIETTA BLVD NW @ ELAINE AVE NW,33.791205,-84.429714
7015,210973,99971217,MARIETTA BLVD @ TACOMA DR,33.794828,-84.431938
7016,210974,99971218,MARIETTA BLVD @ 1595,33.798165,-84.433944
7017,210975,99971219,MARIETTA BLVD @ CARROLL DR,33.802324,-84.436256
7018,210976,99971220,MARIETTA BLVD @ PLYMOUTH RD,33.805545,-84.43725
7019,210977,99971221,MARIETTA BLVD @ PLYMOUTH RD,33.805501,-84.437457
7020,210978,99971222,MARIETTA BLVD @ CARROLL DR,33.802226,-84.43631
7021,210979,99971223,MARIETTA BLVD @ 1594,33.798272,-84.434183
7022,210980,99971224,MARIETTA BLVD @ TACOMA DR,33.794935,-84.432112
7023,210981,99971225,MARIETTA BLVD @ ELAINE AVE,33.791786,-84.430271
7024,210987,99971240,BULL RUN DR @ BATTLE FORREST DR,33.702693,-84.287677
7025,210990,99971243,HOLCOMB BRIDGE RD @ OLD DOGWOOD RD,34.022089,-84.326413
7026,210995,99971246,FLAT SHOALS RD @ SHENFIELD LN,33.587156,-84.519933
7027,210997,99971248,WASHINGTON ST @ MALONE ST,33.565434,-84.584402
7028,210999,99971250,WASHINGTON ST @ SMITH ST,33.566438,-84.583711
7029,211005,99971256,TED TURNER DR @ BROTHERTON ST,33.74884,-84.39799
7030,211006,99971257,WASHINGTON RD @ LAUREL RIDGE DR,33.648561,-84.490401
7031,211008,99971259,WINDWARD PLZ@3025,34.092269,-84.240617
7032,211009,99971260,CENTRAL AVE @ BUFORD HWY,33.90096,-84.277496
7033,211010,99971261,MORRIS RD@13300,34.102819,-84.255926
7034,211011,99971262,MORRIS RD@13125,34.102765,-84.255795
7035,211012,99971263,NORTH POINT PKWY@CYPRESS CT,34.072864,-84.256269
7036,211013,99971264,NORTH POINT PKWY @ CYPRESS CT,34.072596,-84.25652
7037,211018,99971268,BUFFINGTON RD @ AUGUSTA ST,33.60555,-84.499744
7038,211031,99971272,VIRGINIA AVE@HOWELL SLADE CIR,33.6597,-84.448486
7039,211030,99971273,VIRGINIA AVE@HOWELL SLADE CIR,33.659728,-84.446944
7040,211032,99971274,OTTLEY DR @ 195,33.808758,-84.381138
7041,211034,99971276,ARMOUR DR @ 205,33.810861,-84.381187
7042,211022,99971278,POLLARD BLVD SW@BILL LUCAS DR SW,33.734225,-84.390891
7043,211021,99971279,POLLARD BLVD SW@BILL LUCAS DR SW,33.734449,-84.390805
7044,211023,99971280,ATLANTA IND PKWY@3201,33.792031,-84.495453
7045,211024,99971281,POWERS FERRY RD @ BRICKSTONE DR,33.907672,-84.427303
7046,211025,99971282,POWERS FERRY RD NW @ BRICKSTONE DR NW,33.907914,-84.426951
7047,211029,99971286,HAYNES BRIDGE RD @ ROCK MILL RD,34.052307,-84.285621
7048,211036,99971287,MARIETTA BLVD @ CHATTAHOOCHEE AVE,33.810494,-84.438824
7049,211037,99971288,MARIETTA BLVD @ CHATTAHOOCHEE AVE,33.810288,-84.438693
7050,211039,99971290,BROWNTOWN RD NW@2571,33.803814,-84.472548
7051,211040,99971291,RAINBOW DR@3181,33.710469,-84.260064
7052,211045,99971296,OLD NATIONAL HWY @ MCGHEE LANDING,33.584518,-84.469336
7053,211044,99971297,OLD NATIONAL HWY @ HACKAMORE DR,33.581984,-84.46944
7054,211043,99971298,OLD NATIONAL HWY @ CREEL RD,33.573179,-84.468557
7055,211047,99971299,OLD NATIONAL HWY @ THORNTON DR,33.570704,-84.468563
7056,211048,99971300,OLD NATIONAL HWY @ HALLIE MILL RD,33.566541,-84.468642
7057,211049,99971301,OLD NATIONAL HWY @ BETHSAIDA RD,33.563202,-84.468713
7058,211050,99971302,OLD NATIONAL HWY @ TOPAZ RD,33.558197,-84.468225
7059,211051,99971303,OLD NATIONAL HWY @ JONESBORO RD,33.551198,-84.465979
7060,211052,99971304,JONESBORO RD @ OLD JONESBORO RD,33.555483,-84.501478
7061,211053,99971305,JONESBORO RD @ BETHSAIDA RD,33.559442,-84.507557
7062,211055,99971307,JONESBORO RD @ BUFFINGTON RD,33.56295,-84.518218
7063,211056,99971308,JONESBORO RD @ BETHSAIDA RD,33.559206,-84.508329
7064,211057,99971309,JONESBORO RD @ OLD JONESBORO RD,33.55113,-84.470695
7065,211058,99971310,OLD NATIONAL HWY @ JONESBORO RD,33.552167,-84.465564
7066,211059,99971311,OLD NATIONAL HWY @ DALTON PARK,33.55673,-84.467073
7067,211060,99971312,OLD NATIONAL HWY @ BETHSAIDA RD,33.563479,-84.468539
7068,211061,99971313,OLD NATIONAL HWY @ DODD RD,33.566371,-84.468479
7069,211062,99971314,OLD NATIONAL HWY @ THORNTON DR,33.570543,-84.468421
7070,211063,99971315,OLD NATIONAL HWY @ CREEL RD,33.572334,-84.468392
7071,211064,99971316,OLD NATIONAL HWY @ HACKAMORE DR,33.581599,-84.469309
7072,211065,99971317,OLD NATIONAL HWY @ MCGHEE LANDING,33.585073,-84.469175
7073,211067,99971319,PLEASANT HILL RD @ WILLOW PARK BLVD,33.600071,-84.467813
7074,211068,99971320,PLEASANT HILL RD @ SURREY TRL,33.59994,-84.465231
7075,211072,99971324,SCOFIELD RD @ BRITNEY FOREST DR,33.607589,-84.463064
7076,211073,99971325,SCOFIELD RD @ BRITTANY TRL,33.608788,-84.46299
7077,211074,99971326,SCOFIELD RD @ ORLY TER,33.612361,-84.463029
7078,211075,99971327,SCOFIELD RD @ ROCHELLE WAY,33.613936,-84.463053
7079,211076,99971328,GODBY RD @ OLD NATIONAL PKY,33.616338,-84.468364
7080,211077,99971329,GODBY RD @ OLD NATIONAL HWY,33.616443,-84.472157
7081,211079,99971331,OLD NATIONAL HWY @ BIGWOOD TRL,33.577194,-84.469345
7082,211080,99971332,OLD NATIONAL HWY @ BIGWOOD TRL,33.576776,-84.469049
7083,211081,99971333,SURREY TRL @ MONTILLY CIR N,33.602169,-84.465875
7084,211082,99971334,GODBY RD @ LIMETREE WAY,33.61628,-84.464902
7085,211083,99971335,CHAMBLEE TUCKER RD@BRITTS GATE LN,33.864505,-84.218164
7086,211084,99971336,CHAMBLEE TUCKER RD@BROWN RD,33.860953,-84.219247
7087,211085,99971337,CHAMBLEE TUCKER RD @ MORGAN RD,33.856781,-84.217946
7088,211089,99971341,BUFORD HWY @ 4416,33.870297,-84.298049
7089,211090,99971342,BUFORD HWY NE @ 4416,33.870708,-84.297809
7090,211092,99971344,NISKEY LAKE RD SW@2004,33.701785,-84.528998
7091,211096,99971348,HARPER RD SE @ 204,33.697018,-84.382311
7092,211097,99971349,HARPER RD SE @ 209,33.696911,-84.382376
7093,211098,99971350,GLENWOOD RD @ MOSERI RD,33.737268,-84.232174
7094,211101,99971353,FORSYTH ST SW @ MITCHELL ST SW,33.751696,-84.394341
7095,211104,99971356,CAMPBELLTON RD SW@2605,33.70272,-84.473596
7096,211107,99971357,CLEVEMONT RD @ 4203,33.655338,-84.252293
7097,211109,99971359,WINDWARD CONCOURSE@1100,34.095525,-84.239237
7098,211110,99971360,WINDWARD CONCOURSE@1100,34.095462,-84.239641
7099,211111,99971361,INTERSTATE NORTH PKWY @ 5500,33.907809,-84.433715
7100,211114,99971364,SCOFIELD RD @ SHANCEY LN,33.604643,-84.463134
7101,211116,99971366,POLLARD BLVDSW@LITTLE ST SW,33.73299,-84.390901
7102,211120,99971368,JONESBORO RD @ 3650,33.5594,-84.509664
7103,211121,99971369,JONESBORO RD @ 3650,33.55923,-84.509598
7104,211122,99971370,JONESBORO RD @ MILES TER,33.564093,-84.519324
7105,211123,99971371,JONESBORO RD @ LESTER RD,33.564621,-84.520315
7106,211124,99971372,BILL KENNEDY WAY SE @ FAITH AVE SE,33.741919,-84.358202
7107,211125,99971373,DONALD L HOLLOWELL PKWY @ FINLEY AVE,33.773122,-84.422165
7108,211126,99971374,DONALD L HOLLOWELL PKWY @ FINLEY AVE,33.773248,-84.42198
7109,211127,99971375,FELDWOOD RD @ ROYAL SOUTH PKY,33.587665,-84.51587
7110,211128,99971376,OLD NATIONAL HWY @ WOODWARD RD,33.579858,-84.469603
7111,211129,99971377,OLD NATIONAL HWY @ WOODWARD RD,33.578958,-84.469381
7112,211132,99971380,LAWRENCEVILLE HWY @ MONTREAL RD W,33.826004,-84.256225
7113,211133,99971381,PANOLA RD@SHIREWICK DR,33.711542,-84.166599
7114,211134,99971382,PANOLA RD @ SHIREWICK DR,33.711372,-84.166828
7115,211139,99971387,LAKEWOOD AVE SE@OWEN ST SE,33.704404,-84.380806
7116,211140,99971388,MONTREAL RD @ WINDFIELD CIR,33.828431,-84.258519
7117,211143,99971391,SURREY TRL @ MONTILLY CIR S,33.600935,-84.464571
7118,211144,99971392,SURREY TRL @ MONTILLY CIR S,33.601007,-84.46443
7119,211145,99971393,HOWELL MILL RD NW @ NAWENCH DR NW,33.832451,-84.417916
7120,211149,99971396,PERIMETER CTR PL NE@MEADOW LANE RD,33.93136,-84.339149
7121,211150,99971397,PERIMETER CTR PL NE@MEADOW LANE RD,33.931127,-84.339247
7122,211169,99971506,UNIVERSITY AVE SW@71,33.721049,-84.389837
7123,211170,99971507,UNIVERSITY AVE SW@71,33.721058,-84.390043
7124,211171,99971508,FULTON IND BLVD SW @ INTERCHANGE DR SW,33.7686,-84.522151
7125,211161,99971509,RUPERT RD@CATALINA DR,33.748322,-84.274784
7126,211162,99971513,SAN GABRIEL AVE @ MONTEREY DR,33.747487,-84.268893
7127,211163,99971514,SAN GABRIEL AVE @ PASADENA DR,33.746574,-84.269133
7128,211173,99971527,WINTERS CHAPEL RD @ 4830,33.93736,-84.267885
7129,211175,99971529,CECILIA DR SE @ BRANNEN RD SE,33.717326,-84.326158
7130,211176,99971530,GRESHAM RD SE @ VICKI LN SE,33.711569,-84.309914
7131,211181,99971536,BROOKSIDE PKWY @ ALEXANDER DR,34.060609,-84.246686
7132,211182,99971539,HOGAN RD SW@STONE RD SW,33.675302,-84.504148
7133,211183,99971540,2ND AVE @ TILSON RD,33.720878,-84.307978
7134,211184,99971541,2ND AVE @ TILSON RD,33.720843,-84.30813
7135,211190,99971547,ELIZABETH ANDREWS HIGH SCHOOL,33.833559,-84.195419
7136,211191,99971558,LAVISTA RD @ RESERVE WAY,33.831411,-84.275318
7137,211192,99971559,CAMERON M ALEXANDER BLVD @ NORTHSIDE DR,33.768195,-84.404914
7138,211194,99971571,JONESBORO RD SE @ CONSTITUTION RD SE,33.693328,-84.366969
7139,211195,99971572,OLD NATIONAL HWY @ HILLSIDE RD,33.568632,-84.468636
7140,211196,99971573,OLD NATIONAL HWY @ HILLSIDE RD,33.569039,-84.46844
7141,211201,99971580,BEECHER RD SW@RECTOR DR SW,33.733552,-84.456189
7142,211203,99971583,OLD HAPEVILLE RD SW@2672,33.68208,-84.394062
7143,211205,99971585,CUSTER AVE SE @ BENTEEN PARK DR SE,33.716989,-84.361603
7144,211206,99971586,BROWNS MILL RD SE@GREENDALE DR SE,33.69968,-84.375218
7145,211207,99971587,RIVER RD@OLD RIVER RD,33.658207,-84.244288
7146,211209,99971589,REDWINE RD SW @ N COMMERCE DR,33.659967,-84.504135
7147,211210,99971590,REDWINE RD SW @ N COMMERCE DR,33.660308,-84.503604
7148,211213,99971596,BRIARWOOD RD NE@BUFORD HWY NE,33.844274,-84.32629
7149,211215,99971598,NORTHSIDE DR NW @ W WESLEY RD NW,33.828456,-84.407489
7150,211216,99971599,NORTHSIDE DR NW @ ARDEN RD NW,33.83476,-84.407355
7151,211221,99971604,PRINCETON LAKES PKWY SW @ REDWINE RD,33.659915,-84.508663
7152,211223,99971606,PARKLAKE DR NE @ 2200,33.850451,-84.249205
7153,211225,99971610,HUTCHENS RD SE @ 916,33.666018,-84.359809
7154,211229,99971612,N HAIRSTON RD @ MEMORIAL DR,33.801399,-84.193633
7155,211228,99971613,LLOYD RD @ HF SHEPHERD DR,33.711545,-84.285282
7156,211230,99971614,WHITES MILL RD@LLOYD RD,33.711769,-84.285641
7157,211234,99971618,VIRGINIA AVE@COLLEGE ST,33.659697,-84.451407
7158,211235,99971619,VIRGINIA AVE@COLLEGE ST,33.65984,-84.451201
7159,211238,99971627,N PEACHTREE RD @ PEACHFORD RD,33.929021,-84.295337
7160,211240,99971635,MARKETPLACE BLVD @ SHELBY LN,33.656981,-84.501566
7161,211241,99971636,SHELBY LN @ N COMMERCE DR,33.656289,-84.503225
7162,211247,99971638,RAINBOW DR@WHIRLAWAY DR,33.70895,-84.237401
7163,211249,99971640,MEMORIAL DR@5723,33.800882,-84.204012
7164,211267,99971649,GREENBRIAR PKWY SW @ 3350,33.684433,-84.49838
7165,211293,99971650,HILLANDALE DR @ EMBARCADERO DR,33.70554,-84.135607
7166,211309,99971682,UNIVERSITY AVE SW @ PRYOR RD SW,33.721407,-84.392425
7167,211312,99971685,PLANTATION DR@DORSEY AVE,33.679932,-84.463778
7168,211305,99971686,WELCOME ALL RD @ 4095,33.647183,-84.520727
7169,211306,99971687,WELCOME ALL RD SW @ 4095,33.647121,-84.520488
7170,211314,99971696,FLAT SHOALS RD SE@BRIGHTON BLVD SE,33.721551,-84.3149
7171,211320,99971735,BULL RUN DR @ NORGATE LN,33.703102,-84.28068
7172,211322,99971737,OGLETHROPE AVE SW @ EVANS ST SW,33.73591,-84.414967
7173,211324,99971739,I-85 ACCESS RD SOUTH (N.E. EXPY) @ SHALLOWFORD RD NE,33.86717,-84.286738
7174,211327,99971742,RIVER RD@SEABASS RD,33.674194,-84.2738
7175,211329,99971760,S HAIRSTON RD@FIELDGREEN DR,33.749489,-84.197449
7176,211330,99971761,S HAIRSTON RD @ FIELDGREEN DR,33.749426,-84.197156
7177,211331,99971762,MT VERNON RD@VERNON RIDGE DR,33.947898,-84.326336
7178,211332,99971763,COVINGTON HWY @ 6835,33.716873,-84.139836
7179,211336,99971769,SW BROAD ST @ BROOKS DR,33.560818,-84.586588
7180,211337,99971770,SW BROAD ST @ SENOIA RD,33.562972,-84.584469
7181,211338,99971771,SW BROAD ST @ SMITH ST,33.566289,-84.581956
7182,211339,99971772,VIRGINIA AVE @ NORMAN BERRY DR,33.659088,-84.428742
7183,211340,99971773,VIRGINIA AVE @ NORMAN BERRY DR,33.658976,-84.428375
7184,211341,99971774,MCAFEE RD @ PINEDALE PL,33.73151,-84.254113
7185,211342,99971775,MCAFEE RD @ PINEDALE PL,33.731447,-84.254254
7186,211343,99971776,MCAFEE RD @ SHAMROCK DR,33.731557,-84.257167
7187,211344,99971777,MCAFEE RD @ BANDERA DR,33.731549,-84.259406
7188,211345,99971778,MCAFEE RD @ ROSEWOOD RD,33.731586,-84.26196
7189,211346,99971779,MCAFEE RD @ GLENDALE DR,33.731605,-84.263318
7190,211347,99971780,MCAFEE RD @ SHANNON RIDGE CT,33.731669,-84.265894
7191,211348,99971781,MCAFEE RD @ SHANNON RIDGE CT,33.731606,-84.266198
7192,211349,99971782,MCAFEE RD @ MEADOW LN,33.731707,-84.270839
7193,211350,99971783,MCAFEE RD @ NICHOLS LN,33.731635,-84.2711
7194,211352,99971785,2ND AVE SE @ GLENWOOD AVE SE,33.740392,-84.309756
7195,211390,99971795,FLAT SHOALS AVE SE @ CLOVERDALE DR SE,33.732149,-84.338233
7196,211392,99971797,FLAT SHOALS RD SE@FLAT SHOALS AVE S,33.73077,-84.336331
7197,211393,99971798,FLAT SHOALS RD SE@MAYNARD TER SE,33.730654,-84.335646
7198,211394,99971799,FLAT SHOALS RD SE@WINFIELD AVE SE,33.730717,-84.333907
7199,211395,99971800,FLAT SHOALS RD SE@WINFIELD AVE SE,33.730788,-84.333853
7200,211396,99971801,FLAT SHOALS RD SE@CLIFTON RD SE,33.729983,-84.330103
7201,211397,99971802,FLAT SHOALS RD SE@ROCKLAND DR SE,33.730511,-84.330234
7202,211398,99971803,UNITED AVE @ UNDERWOOD AVE,33.726506,-84.357054
7203,211399,99971804,UNITED AVE @ WALKER AVE SE,33.727033,-84.359663
7204,211400,99971805,UNITED AVE @ WALKER AVE SE,33.726899,-84.359619
7205,211401,99971806,UNITED AVE @ CONFEDERATE CT,33.727363,-84.362304
7206,211402,99971807,UNITED AVE @ EDIE AVE SE,33.727784,-84.363749
7207,211403,99971808,UNITED AVE @ HOME AVE SE,33.729439,-84.364489
7208,211405,99971810,HARPER RD SE @ BROWNS MILL RD SE,33.69696,-84.373728
7209,211406,99971811,HARPER RD SE@BURROUGHS AVE SE,33.69688,-84.371208
7210,211407,99971812,JONESBORO RD SE @ MCWILLIAMS RD SE,33.688817,-84.364023
7211,211408,99971813,JONESBORO RD SE@MCWILLIAMS RD SE,33.688665,-84.363947
7212,211411,99971816,ISA DR SE @ MORELAND AVE SE,33.700602,-84.349678
7213,211412,99971817,GRESHAM RD SE @ VICKI LN SE,33.711104,-84.309382
7214,211413,99971818,GRESHAM RD SE@BOULDERVIEW RD SE,33.706762,-84.308198
7215,211414,99971819,GRESHAM RD SE @ PARKER RANCH RD SE,33.706699,-84.308133
7216,211415,99971820,GRESHAM RD @ ZANE GREY DR,33.705733,-84.30885
7217,211416,99971821,GRESHAM RD @ TALLY HO DR,33.704408,-84.308525
7218,211417,99971822,GRESHAM RD @ WEE KIRK RD,33.701069,-84.307472
7219,211418,99971823,GRESHAM RD @ CORRAL DR,33.698956,-84.306125
7220,211419,99971824,GREEN FORREST DR@ GAY DR,33.722821,-84.258848
7221,211420,99971825,GRESHAM RD SE @ CORRAL DR SE,33.699036,-84.30606
7222,211421,99971826,GRESHAM RD SE@COTTONWOOD DR,33.698204,-84.305039
7223,211422,99971827,GRESHAM RD SE@CLIFTON CHURCH RD,33.697326,-84.302215
7224,211426,99971831,VIRGINIA AVE @ INTERNATIONAL BLVD,33.658972,-84.422827
7225,211427,99971833,KENNARD LN @ GREEN FORREST DR,33.725918,-84.259389
7226,211428,99971834,ASHFORD DUNWOODY RD@HAMMOND DR,33.920737,-84.339278
7227,211438,99971844,GREEN FORREST DR @ GAY DR,33.721561,-84.262174
7228,211440,99971845,NORMAN BERRY DR @ S MARTIN ST,33.668927,-84.428257
7229,211442,99971847,NORMAN BERRY DR @ WILLINGHAM DR,33.665529,-84.428373
7230,211446,99971851,MACON DR@MOBLEY DR,33.686353,-84.389363
7231,211447,99971852,MACON DR@LOIS LN,33.684223,-84.388742
7232,211448,99971853,CORNELL BLVD@WHITWORTH DR,33.75885,-84.518158
7233,211449,99971854,10TH ST NE @ CHARLES ALLEN DR,33.781728,-84.3729
7234,211450,99971855,WILSON MILL RD@BAKERS FERRY RD,33.755858,-84.514345
7235,211451,99971856,WASHINGTON RD @ CHURCH ST,33.67562,-84.444721
7236,211355,99971859,MACON DR @ POLAR ROCK RD,33.697829,-84.38985
7237,211356,99971860,MACON DR @ POLAR ROCK RD,33.697695,-84.390013
7238,211364,99971869,NORTH AVE @ JETAL PL,33.768504,-84.449386
7239,211366,99971871,NORTH AVE@PELTON PL,33.768528,-84.452615
7240,211368,99971873,NORTH AVE @ BAKER RD,33.770135,-84.456402
7241,211372,99971877,NORTH AVE@PELTON PL,33.768465,-84.452735
7242,211374,99971879,JOSEPH E BOONE BLVD @ W LAKE AVE NW,33.763533,-84.441338
7243,211378,99971883,JOSEPH E BOONE BLVD NW @ HOLLY RD NW,33.763495,-84.437353
7244,211381,99971886,JOSEPH E BOONE BLVD @ HOLLY RD/ST,33.763647,-84.438016
7245,211453,99971888,GREEN FORREST DR @ 2312,33.721765,-84.259772
7246,211456,99971891,NORTHSIDE DR NW @ NORTH AVE NW,33.769698,-84.404665
7247,211457,99971892,MCDANIEL ST SW @ NORTHSIDE DR SW,33.745825,-84.406087
7248,211458,99971893,NORTHSIDE DR @ NORTH AVE,33.769725,-84.404774
7249,211459,99971894,TURNER HILL RD @ STONECREST CONCOURSE,33.694517,-84.088626
7250,211460,99971895,HILL ST SE @ DALTON ST SE,33.720053,-84.378785
7251,211461,99971896,MCDANIEL ST @ NORTHSIDE DR,33.746228,-84.406402
7252,211462,99971897,COVINGTON HWY @ TURNER HILL RD,33.702305,-84.089536
7253,211463,99971898,N DRUID HILLS RD @ KITTREDGE PARK RD,33.827081,-84.327498
7254,211464,99971899,HILL ST SE @ NOLAN ST SE,33.718951,-84.378828
7255,211465,99971900,PETERS ST SW @ TRENHOLM ST,33.745557,-84.403954
7256,211466,99971901,PETERS ST SW@ WALKER ST SW,33.745729,-84.403521
7257,211467,99971902,HILL ST SE @ MILTON AVE SE,33.717448,-84.378827
7258,211469,99971904,HILL ST SE@ENGLEWOOD AVE SE,33.722228,-84.378721
7259,211474,99971909,MALL PKWY @ STONECREST PROM,33.693676,-84.097163
7260,211476,99971911,FLOWERS RD S @ HOLLINSWOOD DR,33.871906,-84.268074
7261,211479,99971914,SHAMROCK DR @ IRISH LN,33.728003,-84.257333
7262,211480,99971915,SHAMROCK DR @ SANDUSKY DR,33.730321,-84.257276
7263,211482,99971917,GOLDSMITH PARK & RIDE,33.811196,-84.182803
7264,211483,99971918,MEMORIAL DR @ 5019 (GPTC - NORTH ENTRANCE),33.791597,-84.229075
7265,211484,99971919,WEE KIRK RD SE @ HORSE SHOE DR SE,33.699887,-84.309905
7266,211485,99971920,HORSE SHOE DR SE @ APACHE TRL SE,33.698912,-84.309982
7267,211487,99971922,CORRAL SR SE@SOMBRERO WAY SE,33.697855,-84.306647
7268,211488,99971923,CORRAL DR SE@GRESHAM RD SE,33.698848,-84.306103
7269,211489,99971924,MEMORIAL DR @ HAMBRICK RD,33.800911,-84.205372
7270,211491,99971926,BOULEVARD NE @ NORTH AVE NE,33.771077,-84.371665
7271,211492,99971927,N DRUID HILLS RD NE @ BRIARCLIFF RD,33.827591,-84.329827
7272,211493,99971928,EXECUTIVE PARK S @ CHANTILLY DR,33.82733,-84.34258
7273,211494,99971929,CHANTILLY DR NE @ 1680,33.82647,-84.345147
7274,211495,99971930,CHANTILLY DR NE @ CHESHIRE BRIDGE RD,33.82339,-84.350979
7275,211497,99971932,N DRUID HILLS RD NE @ BRIARCLIFF RD,33.828029,-84.330257
7276,211498,99971933,PERRY BLVD NW @ ODESSA DR,33.794489,-84.449047
7277,211499,99971934,PERRY BLVD NW @ ODESSA DR NW,33.794408,-84.44921
7278,211500,99971935,AJAX DR NW @ 2223,33.79938,-84.460813
7279,211501,99971936,NORTH AVE NW@CHARLOTTE PL NW,33.76853,-84.45056
7280,211502,99971937,NORTH AVE NW@CHARLOTTE PL NW,33.768458,-84.450419
7281,211503,99971938,DEKALB EAST CAMPUS,33.798978,-84.19866
7282,211504,99971939,ENGLISH AVE NW @ PELHAM ST NW,33.771393,-84.413507
7283,211505,99971940,ENGLISH AVE NW @ NORTH AVE NW,33.77014,-84.413506
7284,211506,99971941,ENGLISH AVE NW @ CAMERON M ALEXANDER BLVD,33.768323,-84.413504
7285,211507,99971942,JOSEPH E BOONE BLVD NW @ W LAKE DR NW,33.763493,-84.439636
7286,211510,99971944,MARTIN L KING JR DR SW @ BARFIELD AVE SW,33.751904,-84.461524
7287,211511,99971945,MARTIN L KING JR DR SW @ WYNNWOOD,33.750653,-84.458551
7288,211512,99971949,BARGE RD SW@CAMPBELLTON RD SW,33.690544,-84.506149
7289,211513,99971950,BARGE RD SW@PACIFIC DR SW,33.692889,-84.506133
7290,211514,99971951,BARGE RD SW@DALE LN SW,33.693892,-84.506168
7291,211515,99971952,BARGE RD SW@HIGHWOOD RD SW,33.695261,-84.506149
7292,211516,99971953,BARGE RD SW@FAIRBURN RD SW,33.699037,-84.50731
7293,211519,99971957,2ND AVE SE @ FLAT SHOALS RD SE,33.718918,-84.309184
7294,211520,99971958,AJAX DR NW @ ADDISON PL NW,33.799665,-84.461793
7295,211522,99971960,VIRGINIA AVE @ DELTA BLVD,33.658874,-84.423055
7296,211523,99971961,COVINGTON HWY @ EVANS MILL RD,33.706479,-84.113754
7297,211524,99971962,PONCE DE LEON AVE @ N HIGHLAND AVE,33.773916,-84.353067
7298,211525,99971963,S STONE MOUNTAIN LITHONIA RD @ WALKER RD,33.777318,-84.162094
7299,211526,99971964,S STONE MOUNTAIN LITHONIA RD@MANASS,33.777478,-84.161942
7300,211527,99971965,S STONE MOUNTAIN LITHONIA RD @ MARBUT,33.726912,-84.111198
7301,211528,99971968,GEORGIA AVE SE @ GRANT ST SE,33.736605,-84.376188
7302,211529,99971969,GEORGIA AVE SE @ CHEROKEE AVE SE,33.736561,-84.37371
7303,211531,99971971,SYLVAN RD SW @ DECKNER AVE SW,33.713905,-84.41818
7304,211532,99971972,GRESHAM RD SE @ WEE KIRK RD SE,33.700961,-84.307352
7305,211533,99971973,CLIFTON CHURCH RD@CLIFTON SPRINGS W,33.69917,-84.301247
7306,211535,99971975,CLIFTON SPRINGS RD @ 2984,33.691032,-84.273181
7307,211538,99971978,2ND AVE SE @ GLENWOOD AVE SE,33.740437,-84.309648
7308,211539,99971979,JONESBORO RD @ OAKLEY INDUSTRIAL BLVD,33.566988,-84.523282
7309,211540,99971980,JONESBORO RD @ OAKLEY INDUSTRIAL BLVD,33.566881,-84.522989
7310,211542,99971982,SAN GABRIEL AVE @ SANTA MONICA DR,33.744694,-84.268808
7311,211546,99971987,PEACHTREE CENTER AVE @ PEACHTREE ST,33.763766,-84.385926
7312,211547,99971988,LINE ST@FAIRLEE DR,33.747,-84.28022
7313,211548,99971989,EXECUTIVE PARK S @ EXECUTIVE PARK DR,33.828306,-84.339108
7314,211549,99971990,WENDELL DR SW@WENDELL CT SW,33.766713,-84.520928
7315,211550,99971991,WENDELL DR SW @ WENDELL CT SW,33.766615,-84.520928
7316,211552,99971992,WINDWARD PKWY @ INNOVATION WAY,34.089184,-84.273593
7317,211551,99971993,WINDWARD PKWY @ INNOVATION WAY,34.088853,-84.273593
7318,211554,99971995,MEMORIAL DR @ 3978,33.764675,-84.255757
7319,211555,99971996,CLAIRMONT RD NE @ CENTURY BLVD,33.845553,-84.315189
7320,211556,99971997,ROOSEVELT HWY @ HERSCHEL RD,33.62858,-84.472098
7321,211558,99971999,JONESBORO RD SE @ SPRINGSIDE DR,33.676632,-84.369904
7322,211559,99972000,JONESBORO RD SE @ 2920,33.674635,-84.370684
7323,211560,99972002,MEMORIAL DR @ RAYS RD,33.798759,-84.22031
7324,211561,99972003,HOLLYWOOD RD NW @ N GRAND AVE NW,33.783575,-84.459589
7325,211563,99972005,17TH ST NW @ NORTHSIDE DR NW,33.791357,-84.407417
7326,211574,99972008,BUFORD HWY NE @ CURTIS DR NE,33.836505,-84.336814
7327,211575,99972009,BOULEVARD SE @ DELMAR AVE,33.732122,-84.368244
7328,211576,99972010,LUCKIE ST NW @ MERRITTS AVE,33.769077,-84.396163
7329,211568,99972015,NW BROAD ST @ BEVERLY ENGRAM PKWY,33.573619,-84.567786
7330,211569,99972017,LAWRENCEVILLE HWY @ 4TH ST,33.851262,-84.212174
7331,211570,99972018,LAWRENCEVILLE HWY @ HUGH HOWELL RD,33.853114,-84.209825
7332,211572,99972021,MARIETTA ST NW @ 491,33.76661,-84.397685
7333,211573,99972022,LUCKIE ST NW @ MERRITTS AVE,33.768881,-84.396031
7334,779803,99972026,NO PASSENGERS - NORTHEAST EXPY @ CLAIRMONT RD,33.839825,-84.313034
7335,779807,99972030,NO PASSENGERS - NORTHEAST EXPY @ CLAIRMONT RD,33.841024,-84.313295
7336,211584,99972031,ORMOND ST @ CREW ST SW,33.731746,-84.389476
7337,211586,99972032,S STONE MOUNTAIN LITHONIA RD @ ROCKBRIDGE RD,33.785436,-84.162164
7338,211580,99972033,S STONE MOUNTAIN LITHONIA RD @ ROCKBRIDGE RD,33.785463,-84.162077
7339,211582,99972034,LINECREST RD @ DAVANA DR,33.650269,-84.248725
7340,211581,99972036,ROOSEVELT HW @ 6725,33.547937,-84.606893
7341,211589,99972040,FLAT SHOALS RD SE @ 2ND AVE,33.718918,-84.309326
7342,211590,99972041,FLAT SHOALS RD @ COOK RD,33.716322,-84.306708
7343,211592,99972044,HARPER RD SE @ JERNIGAN DR SE,33.69696,-84.372294
7344,211594,99972045,BROWNS MILL RD SE @ 2045,33.69832,-84.37437
7345,211596,99972048,MAIN ST @ JAMES B RIVERS MEMORIAL,33.811467,-84.171096
7346,211595,99972053,MAIN ST @ E MOUNTAIN ST,33.808513,-84.170591
7347,211599,99972055,BEST RD @ 4736,33.627067,-84.457975
7348,211600,99972056,MEMORIAL DR @ 6130,33.80526,-84.188753
7349,211602,99972057,JOHNSON FERRY RD NE @ WADDESTON WAY,33.893515,-84.330342
7350,211601,99972058,JOHNSON FERRY RD NE @ WADDESTON WAY,33.893362,-84.331203
7351,211603,99972059,JOHNSON FERRY RD @ OLD JOHNSON FERRY RD,33.904055,-84.348893
7352,211604,99972060,JOHNSON FERRY RD NE @ OLD JOHNSON FERRY RD NE,33.904001,-84.349001
7353,211605,99972061,JOHNSON FERRY RD @ JOHNSON FERRY PKWY,33.906811,-84.351146
7354,211606,99972062,JOHNSON FERRY RD NE @ JOHNSON FERRY PKWY,33.905799,-84.3502
7355,211610,99972066,E SIDE DR @ OLD WESLEY CHAPEL RD,33.708807,-84.217192
7356,211611,99972068,WHITE OAK DR @ WELIKA DR,33.742924,-84.274222
7357,211612,99972069,WHITE OAK DR @ 2868,33.742933,-84.272364
7358,211620,99972070,SAN GABRIEL AVE @ LAGUNA DR,33.749295,-84.268794
7359,211615,99972072,BELVEDERE LN @ 2885,33.750245,-84.271304
7360,211616,99972073,WHITE OAK DR @ CAPISTRANA PL,33.74243,-84.270179
7361,211617,99972074,LINE ST @ LINE CIR S,33.744144,-84.280178
7362,211622,99972079,BOULEVARD SE @ CHAMBERLAIN ST SE,33.753766,-84.37209
7363,211623,99972080,BOULEVARD SE @ EDGEWOOD AVE SE,33.754267,-84.37209
7364,211631,99972081,BOULEVARD SE @ DECATUR ST SE,33.751609,-84.371284
7365,211632,99972082,BOULEVARD SE @ DECATUR ST SE,33.751761,-84.370838
7366,211627,99972088,PRYOR ST SE @ WALL ST SE,33.753346,-84.389407
7367,211643,99972100,SHAMROCK DR @ KENNARD LN,33.726455,-84.258204
7368,211644,99972101,KENNARD LN @ SHAMROCK DR,33.725927,-84.258193
7369,211645,99972102,PEACHTREE ST @ WALL ST (FIVE POINTS STATION),33.75358,-84.390368
7370,211647,99972104,AUBURN POINTE DR @ VERANDA CIR,33.751284,-84.377654
7371,211648,99972105,AUBURN POINTE DR @ VERANDA CIR,33.751212,-84.377697
7372,211650,99972106,JONESBORO RD SE @ 2491,33.685335,-84.364793
7373,211649,99972107,JONESBORO RD SE @ 2520,33.685433,-84.364673
7374,211651,99972108,JOHNSON FERRY RD NE @ BLAIR CIR,33.890955,-84.322763
7375,211652,99972109,JOHNSON FERRY RD NE @ BLAIR CIR NE,33.890964,-84.322414
7376,211656,99972112,KIMBERLY MILL RD @ KIMBERLY MILL LN,33.575852,-84.489105
7377,211655,99972113,W POINT AVE @ BEST RD,33.6396,-84.457812
7378,211657,99972114,NORTHSIDE DR NW @ KINGSWOOD LN NW,33.832108,-84.407395
7379,211658,99972115,CHUPP RD @ COVINGTON HWY,33.706331,-84.115252
7380,211659,99972116,CHUPP RD @ COVINGTON HWY,33.706425,-84.115587
7381,211660,99972117,MAIN ST @ WIGGINS ST,33.7114,-84.107263
7382,211661,99972118,MAIN ST @ KLONDIKE RD,33.709303,-84.110431
7383,211663,99972120,CLIFTON ST SE @ MEMORIAL DR SE,33.746328,-84.331811
7384,211664,99972121,MCAFEE RD @ LAUREL LN,33.731559,-84.260938
7385,211666,99972123,2ND AVE NE @ HOSEA L WILLIAMS DR NE,33.751331,-84.309678
7386,211667,99972124,HARLAN RD SW @ PEYTON RD SW,33.744373,-84.478936
7387,211670,99972127,GODBY RD @ 2300,33.616154,-84.464761
7388,211671,99972128,E PONCE DE LEON AVE @ PALOMA DR,33.786699,-84.264754
7389,211672,99972129,N ROYAL ATLANTA DR @ TUCKERSTONE PKY,33.859652,-84.198891
7390,211673,99972130,JW WILLIAMS SR LN @ HILLANDALE DR,33.705383,-84.167036
7391,211674,99972131,ALICE WILLIAMS TOWERS,33.706532,-84.163291
7392,211675,99972132,JACKSON ST NE @ OLD WHEAT ST NE,33.75594,-84.374374
7393,211676,99972133,CHAMBLEE TUCKER RD @ TUCKER NORCROS,33.880579,-84.2191
7394,211683,99972134,LAVISTA RD NE @ WEMBLEY CT NE,33.816716,-84.31628
7395,211687,99972135,DUNWOODY PL @ 8250,33.989445,-84.342049
7396,211685,99972136,JOHNSON FERRY RD @ HAMPTON HALL DR,33.893344,-84.332477
7397,211686,99972137,JOHNSON FERRY RD NE @ HAMPTON HALL DR,33.893192,-84.333196
7398,211682,99972139,LAWRENCEVILLE HWY @ COFER CIR,33.858342,-84.203694
7399,211677,99972140,CLEVELAND AVE SE @ 84,33.681029,-84.385872
7400,211678,99972141,BUFFINGTON RD @ OLD FAIRBURN RD,33.620717,-84.499725
7401,211679,99972142,BUFFINGTON RD @ OLD FAIRBURN RD,33.62075,-84.499889
7402,211680,99972143,BUFFINGTON RD @ BUFFINGTON CENTER,33.616616,-84.500221
7403,211681,99972144,BUFFINGTON RD @ BUFFINGTON CENTER,33.617312,-84.500435
7404,211697,99972145,WALMART DR @ FAIRINGTON RD,33.700544,-84.169239
7405,211690,99972147,MCDANIEL ST @ RALPH D ABERNATHY BLVD,33.737478,-84.401543
7406,211700,99972148,STEPHENS ST SW @ COLEMAN ST SW,33.734575,-84.403847
7407,211701,99972149,STEPHENS ST SW @ COLEMAN ST SW,33.734504,-84.403793
7408,211693,99972150,STEPHENS ST SW @ HUMPHRIES ST SW,33.734565,-84.405195
7409,211694,99972151,HUMPHRIES ST SW @ STEPHENS ST SW,33.734565,-84.405282
7410,211695,99972152,HUMPHRIES ST @ RALPH D ABERNATHY BLVD,33.736436,-84.404675
7411,211749,99972154,KING HISTORIC DISTRICT,33.755506,-84.374961
7412,211750,99972155,DOBBS PLAZA,33.755565,-84.378785
7413,211751,99972156,AUBURN AVE @ PIEDMONT AVE,33.755522,-84.382019
7414,211752,99972157,WOODRUFF PARK,33.756022,-84.3882
7415,211753,99972158,PEACHTREE CENTER STATION,33.758064,-84.387532
7416,211754,99972159,CARNEGIE WAY @ TED TURNER DR,33.759567,-84.389572
7417,211755,99972160,CENTENNIAL OLYMPIC PARK,33.759425,-84.391975
7418,211756,99972161,LUCKIE ST @ CONE ST,33.758058,-84.390306
7419,211757,99972162,PARK PLACE,33.755036,-84.388211
7420,211758,99972163,HURT PARK,33.754483,-84.385283
7421,211759,99972164,SWEET AUBURN MARKET,33.754407,-84.379845
7422,211760,99972165,EDGEWOOD AVE @ HILLIARD ST,33.754408,-84.376378
7423,211702,99972166,WELCOME ALL RD SW @ 4125,33.642453,-84.52281
7424,211703,99972167,WELCOME ALL RD SW @ 4125,33.64325,-84.52215
7425,211704,99972169,GLENWOOD AVE @ FAYETTEVILLE RD,33.740124,-84.311061
7426,211699,99972170,HOWELL MILL RD NW @ NORTHCLIFFE DR,33.818731,-84.416902
7427,211692,99972172,HOWELL MILL RD NW @ GLENBROOK DR NW,33.815857,-84.415483
7428,211698,99972173,UNITED AVE @ AVONDALE AVE,33.727211,-84.36188
7429,211710,99972174,MEMORIAL DR @ N HAIRSTON RD,33.802002,-84.194387
7430,211714,99972175,GEORGIA AVE @ HANK AARON DR,33.736903,-84.387763
7431,211713,99972176,EAST DEKALB HEALTH CENTER,33.740581,-84.122913
7432,211712,99972178,FLOWERS RD S @ BRANDYWINE RD,33.873126,-84.26926
7433,211715,99972179,MARIETTA ST @ BAKER ST NW,33.761335,-84.396057
7434,211720,99972184,FAIRINGTON RD @ WILLOWICK DR,33.702769,-84.153945
7435,211722,99972186,KIPLING ST SE @ 1088,33.701506,-84.351036
7436,211723,99972187,CLIFTON SPRINGS HEALTH CENTER,33.692696,-84.262943
7437,211724,99972188,CLIFTON SPRINGS RD @ COLONIAL PKY,33.690771,-84.270085
7438,211725,99972189,FAIRBURN RD SW @ 3070,33.671535,-84.514315
7439,211728,99972192,POLLARD BLVD @ RALPH D ABERNATHY BLVD,33.736248,-84.390893
7440,211727,99972193,WINN WAY @ RUFUS EVANS DR,33.791831,-84.280971
7441,211733,99972195,REDAN RD @ 5565,33.757113,-84.166637
7442,211735,99972197,S STONE MOUNTAIN LITHONIA RD @ SOUTHLAND DR,33.774953,-84.162568
7443,211736,99972198,S STONE MOUNTAIN LITHONIA RD @ SOUTHLAND DR,33.775367,-84.162316
7444,211734,99972202,N INDIAN CREEK DR @ ROGERS ST,33.804915,-84.239328
7445,211870,99972207,MAIN ST @ CLEVELAND AVE,33.679591,-84.440122
7446,211871,99972208,BRYANT DR @ HEADLAND DR,33.690968,-84.471846
7447,211873,99972210,SAN GABRIEL AVE @ CATALINA DR,33.748418,-84.26886
7448,211874,99972211,WASHINGTON RD @ ARLINGTON RD,33.654937,-84.484187
7449,211875,99972212,WASHINGTON RD @ ARLINGTON RD,33.654972,-84.484275
7450,211876,99972213,WINTERS CHAPEL RD @ PEACHTREE INDUSTRIAL BLVD,33.931658,-84.265165
7451,211878,99972215,MORELAND AVE NE @ 326,33.76344,-84.349285
7452,211879,99972216,PANOLA RD @ DIVIDEND DR,33.716303,-84.165644
7453,211880,99972217,PANOLA RD @ DIVIDEND DR,33.716195,-84.165503
7454,211881,99972218,RAINBOW DR @ SLUMBER TRL,33.707761,-84.228504
7455,211882,99972219,DEKALB INDUSTRIAL WAY @ RIMINGTON LN,33.785147,-84.276283
7456,211884,99972222,PENELOPE ST NW @ COLLUM ST NW,33.753362,-84.455222
7457,211885,99972223,PENELOPE ST NW @ TORRENCE ST NW,33.752665,-84.453959
7458,211886,99972224,JOSEPH E BOONE BLVD @ AURORA AVE NW,33.763566,-84.455228
7459,211887,99972225,E WESLEY CHAPEL WAY @ 4300,33.711831,-84.215015
7460,211888,99972226,E WESLEY CHAPEL WAY @ SNAPFINGER WOODS DR,33.711029,-84.210116
7461,211889,99972227,LINECREST RD @ RIDGETOP DR,33.651277,-84.243904
7462,211891,99972229,LINECREST RD @ 3800,33.653653,-84.236214
7463,211892,99972230,CLEVEMONT RD @ CLEVEMONT CT,33.648661,-84.254025
7464,211894,99972232,LINECREST RD @ LINCOLNDALE DR,33.648677,-84.251604
7465,211896,99972234,RIVER RD @ RIDGETOP DR,33.656674,-84.241564
7466,211897,99972235,NEW SNAPFINGER WOODS DR @ 4325,33.714711,-84.212783
7467,211898,99972236,NEW SNAPFINGER WOODS DR @ 4325,33.71489,-84.212757
7468,211899,99972237,SNAPFINGER WOODS DR @ E WESLEY CHAPEL WAY,33.711218,-84.210173
7469,211900,99972239,WESLEY CHAPEL RD @ E SIDE DR,33.709381,-84.217898
7470,211902,99972241,RIVER RD @ BOSENBERRY WAY,33.656312,-84.235907
7471,211903,99972242,LAWRENCEVILLE HWY @ LYNBURN DR,33.854356,-84.209535
7472,211904,99972243,S HAIRSTON RD @ PINNACLE DR,33.76346,-84.196274
7473,211905,99972244,ALPHARETTA ST @ CLARA DR,34.034954,-84.345114
7474,211906,99972245,TURNER HILL RD @ STONECREST PKY E,33.695895,-84.088589
7475,211907,99972246,TURNER HILL RD @ MALL PKY,33.69244,-84.088632
7476,211908,99972247,MALL PKWY @ 8109,33.692593,-84.092323
7477,211909,99972248,MARTIN L KING JR DR SW @ ADAMSVILLE PLACE PKWY  SW,33.763349,-84.509221
7478,211910,99972249,WINN WAY @ 445,33.786491,-84.279284
7479,211911,99972250,BEECHER RD SW @ BEECHER CIR SW,33.729895,-84.46054
7480,211912,99972251,PORSCHE AVE @ SOUTH ST,33.65551,-84.403963
7481,211913,99972252,PORSCHE AVE @ SOUTH ST,33.655653,-84.404002
7482,211914,99972253,S HAIRSTON RD @ PINNACLE DR,33.763398,-84.196524
7483,211915,99972254,N HAIRSTON RD @ 452,33.788701,-84.195732
7484,211916,99972255,NORTHSIDE DR NW @ TRABERT AVE NW,33.794839,-84.407889
7485,211917,99972256,DALE LN SW @ COUNTRY CLUB LN SW,33.694006,-84.495946
7486,211918,99972257,MEADOWLANE DR SW @ DALE LN SW,33.694111,-84.497489
7487,213032,99972258,N DECATUR RD @ N INDIAN CREEK DR,33.785625,-84.236858
7488,213156,99972259,LAKE MIRROR RD @ 271,33.627507,-84.398488
7489,213266,99972260,MEMORIAL DR @ 6097,33.803875,-84.19066
7490,213327,99972261,HILL ST SE @ ENGLEWOOD AVE SE,33.721995,-84.378569
7491,211919,99972262,ABNER TER NW @ MARY GEORGE AVE NW,33.801285,-84.461893
7492,211920,99972263,KIPLING ST @ HENRY THOMAS DR,33.703662,-84.355448
7493,211922,99972265,W MOUNTAIN ST @ VFW DR,33.806765,-84.175055
7494,211923,99972266,W MOUNTAIN ST @ VFW DR,33.80689,-84.175011
7495,211924,99972267,N HAIRSTON RD @ KENILWORTH CIR,33.799886,-84.193603
7496,211925,99972268,N HAIRSTON RD @ KENILWORTH CIR,33.800558,-84.193885
7497,211926,99972269,HAMMOND DR @ 1145,33.918973,-84.348156
7498,211927,99972270,RIVER RD @ LINECREST RD,33.655262,-84.23365
7499,213119,99972271,FALCON DR @ FRONTAGE RD,33.624732,-84.397818
7500,211928,99972272,S STONE MOUNTAIN LITHONIA RD @ CHAPMAN RD,33.732035,-84.113064
7501,211929,99972273,MARKET WAY @ HOLCOMB BRIDGE RD,34.020433,-84.321221
7502,211931,99972275,LANCASTER DR @ 2839,33.678356,-84.463916
7503,211932,99972276,BRANNEN RD SE @ BOULDER RD SE,33.715526,-84.313303
7504,211933,99972277,OLD NATIONAL HWY @ DALTON PARK,33.555881,-84.46683
7505,211935,99972279,BOULDERVIEW DR @ SAHARA DR,33.7055,-84.311154
7506,211936,99972280,ROLLINGWOOD LN @ BOULDERVIEW DR,33.704104,-84.316162
7507,211938,99972282,BROWNLEE RD SW @ CEDAR ISLAND DR SW,33.738145,-84.496032
7508,211939,99972283,DEFOORS FERRY RD @ GLENDEVEN CT,33.817329,-84.431903
7509,211940,99972284,DEFOORS FERRY RD @ GLENDEVEN CT,33.817535,-84.432132
7510,211942,99972287,DEKALB INDUSTRIAL WAY @ 766,33.798717,-84.280136
7511,211944,99972289,ACADEMY ST @ S MAIN ST,34.075493,-84.294222
7512,211945,99972291,OLD FAIRBURN RD @ CAMP CREEK PKY,33.659558,-84.529477
7513,211947,99972295,HARLAN RD SW @ FIELDING LN SW,33.747248,-84.483692
7514,211949,99972297,ROOSEVELT HWY @ DIXIE LAKE RD,33.583754,-84.549565
7515,211950,99972298,ROOSEVELT HWY @ DIXIE LAKE RD,33.583234,-84.550084
7516,211953,99972301,WASHINGTON RD @ LAUREL RIDGE DR,33.648261,-84.490606
7517,211954,99972302,DECATUR ST @ PRATT ST SE,33.74984,-84.383088
7518,211955,99972303,14TH ST NE @ 14TH PL,33.786415,-84.379461
7519,211956,99972304,14TH ST NE @ 14TH PL,33.786532,-84.379461
7520,211958,99972306,ORMOND ST SW @ POLLARD BLVD,33.731844,-84.390618
7521,211959,99972307,SHAMROCK DR @ IRISH LN,33.728075,-84.257409
7522,211960,99972308,NORTHWEST DR @ BOLTON RD,33.801118,-84.487336
7523,211962,99972310,MARIETTA BLVD @ 1650,33.800293,-84.435491
7524,211963,99972311,MARIETTA BLVD @ 1695,33.800705,-84.435525
7525,211964,99972312,KIMBERLY MILL RD @ 6410,33.579955,-84.487389
7526,211965,99972313,SYLVAN RD @ SAMPLER WAY,33.695482,-84.418299
7527,213476,99972314,WASHINGTON RD @ W RUGBY AVE,33.663733,-84.468396
7528,211967,99972316,GREEN FORREST DR @ BELLGREEN WAY,33.723743,-84.259217
7529,211968,99972317,WENDELL DR @ MARTIN L KING JR DR NW,33.769451,-84.516281
7530,211969,99972318,WENDELL DR @ MARTIN L KING JR DR NW,33.769586,-84.516075
7531,211970,99972319,RALPH MCGILL BLVD @ 760,33.767115,-84.361801
7532,211971,99972320,BENJAMIN E MAYS DR @ BROWNLEE RD,33.736535,-84.495702
7533,211972,99972321,17TH ST NW @ STATE ST NW,33.791354,-84.399477
7534,211973,99972322,SULLIVAN RD @ SOUTHPORT RD,33.624609,-84.461997
7535,211974,99972323,MCGINNIS FERRY RD @ TIDWELL DR,34.103721,-84.246876
7536,211975,99972324,MCGINNIS FERRY RD @ TIDWELL DR,34.10361,-84.247134
7537,211976,99972325,2ND AVE SE @ MEMORIAL DR SE,33.747142,-84.309668
7538,213118,99972326,S PARK BLVD @ 3060,33.623334,-84.291209
7539,211979,99972330,W POINT AVE @ LESLEY DR,33.641017,-84.456023
7540,211980,99972331,W POINT AVE @ LESLEY DR,33.640883,-84.456012
7541,211981,99972332,PERIMETER CTR W @ 111,33.926769,-84.33893
7542,211983,99972334,FLAT SHOALS RD @ DORIS DR,33.712052,-84.304405
7543,211984,99972335,FLAT SHOALS RD @ DORIS DR,33.712114,-84.304275
7544,211985,99972336,ROCKBRIDGE RD @ N HAIRSTON RD,33.787126,-84.196355
7545,211986,99972337,RIVEREDGE PKY NW @ 2100,33.909389,-84.438815
7546,211987,99972339,FLAT SHOALS RD @ ROCKDALE DR,33.709223,-84.302461
7547,211988,99972340,FLAT SHOALS RD @ ROCKDALE DR,33.709043,-84.302146
7548,211989,99972341,FLAT SHOALS RD @ LEAFWOOD TRL,33.707638,-84.300886
7549,211990,99972342,FLAT SHOALS RD @ LEAFWOOD TRL,33.707736,-84.30081
7550,211992,99972344,JAMES JACKSON PKWY NW @ NORTHWEST DR NW,33.787698,-84.476704
7551,211993,99972345,EXECUTIVE PARK SOUTH NE @ 57,33.828404,-84.340469
7552,211994,99972346,EXECUTIVE PARK SOUTH NE @ 57,33.828333,-84.340404
7553,211995,99972347,DAWSON BLVD NW @ RUTHERFORD GLEN CIR,33.903095,-84.239558
7554,211996,99972348,PERIMETER CTR W @ 90,33.926527,-84.339235
7555,211997,99972349,FAIRBURN RD SW @ 1041,33.729619,-84.510554
7556,211998,99972350,FAIRBURN RD SW @ 1041,33.729316,-84.510353
7557,211999,99972351,SPRINGDALE RD @ SPRINGDALE PL,33.692666,-84.414146
7558,212000,99972352,S INDIAN CREEK DR @ CARROLLWOOD DR,33.756144,-84.219693
7559,212001,99972353,S INDIAN CREEK DR @ CARROLLWOOD DR,33.757371,-84.220854
7560,212002,99972354,NORTH AVE NW @ STATE ST NW,33.77117,-84.39898
7561,212003,99972355,LUCILE AVE SW @ RALPH D ABERNATHY BLVD,33.742854,-84.437084
7562,212004,99972356,NORTHSIDE PKWY NW @ 4111,33.863838,-84.445129
7563,212005,99972357,HAYNES BRIDGE RD @ OLD MILTON PKWY,34.071055,-84.293798
7564,212007,99972359,BUFFINGTON RD @ SABLE CHASE LN,33.598114,-84.498517
7565,212008,99972360,S ATLANTA ST @ MARIETTA HWY,34.013949,-84.362997
7566,212009,99972361,SCOFIELD RD @ SURREY TRL,33.603305,-84.466496
7567,213503,99972362,RESURRECTION WAY @ LONDONDERRY WAY,33.574525,-84.537792
7568,212011,99972366,SPRINGDALE RD SW @ JEFFERSON AVE SW,33.685449,-84.415431
7569,212012,99972367,SPRINGDALE RD SW @ JEFFERSON AVE SW,33.685288,-84.4153
7570,212015,99972370,SYLVAN RD SW @ KATHERWOOD DR SW,33.711183,-84.418122
7571,212016,99972371,JOSEPH E BOONE BLVD @ EDWARDS ST NW,33.763516,-84.403592
7572,213051,99972372,E PONCE DE LEON AVE @ N DECATUR RD,33.792834,-84.264225
7573,212019,99972375,CENTRE PKWY @ 1200,33.653694,-84.513784
7574,212020,99972376,PEACHTREE ST NE @ JOHN WESLEY DOBBS AVE NE,33.756939,-84.388052
7575,212021,99972377,N COMMERCE DR @ MARKETPLACE BLVD,33.658464,-84.503924
7576,212023,99972379,HOWELL MILL RD NW @ 3280,33.843702,-84.42845
7577,212024,99972380,HOWELL MILL RD NW @ 3280,33.843735,-84.428304
7578,212025,99972383,SWALLOW CIR SE @ HARPER RD SE,33.695288,-84.385229
7579,213505,99972384,SHANNON PKWY @ FLAT SHOALS RD,33.584192,-84.539994
7580,212026,99972385,SKIPPER DR NW @ SKIPPER PL NW,33.781456,-84.492157
7581,212027,99972386,NEW PEACHTREE RD @ CHAMBLEE DUNWOODY RD,33.891319,-84.299816
7582,212028,99972387,N DECATUR RD @ 2920,33.793801,-84.273765
7583,212029,99972388,PONCE DE LEON AVE NE @ JUNIPER ST NE,33.772361,-84.383497
7584,213524,99972389,DERRICK INDUSTRIAL PKWY @ 4505,33.628049,-84.582476
7585,213120,99972391,ANVIL BLOCK RD @ LUNSFORD DR,33.633628,-84.288925
7586,213499,99972392,RESURRECTION WAY @ LONDONDERRY WAY,33.574683,-84.5369
7587,213335,99972393,HARGIS ST SE @ FORREST PARK RD SE,33.687377,-84.360308
7588,213115,99972394,CALHOUN AVE @ JOHN FREEMAN WAY,33.672625,-84.425381
7589,213329,99972396,TURNER RD SE @ KIPLING ST SE,33.703313,-84.354937
7590,213321,99972397,PEACHTREE ST SW @ BROTHERTON TRANSPORTATION MALL,33.747512,-84.395613
7591,213506,99972398,SHANNON PKWY @ PORTSMOUTH DR,33.581794,-84.540328
7592,213116,99972399,MT ZION PKWY @ WAGON WHEEL CT,33.555581,-84.310539
7593,213025,99972401,ROOSEVELT HWY @ 4003,33.645955,-84.450885
7594,213306,99972402,RIVER EXCHANGE DR @ HOLCOMB BRIDGE RD,33.970252,-84.261559
7595,213312,99972403,HOLCOMB BRIDGE RD @ TERRAMOUNT DR,34.014688,-84.308154
7596,213504,99972405,FLAT SHOALS RD @ DODSON RD,33.5844,-84.539767
7597,213311,99972408,HOLCOMB BRIDGE RD @ EVES RD,34.005424,-84.297522
7598,213313,99972417,HOLCOMB BRIDGE RD @ HOLCOMB WOODS PKWY,34.018554,-84.3134
7599,213325,99972418,MCDONOUGH BLVD SE @ ERIC ST SE,33.715363,-84.375739
7600,213449,99972419,N COMMERCE DR @ 4100,33.646221,-84.503075
7601,213478,99972420,WASHINGTON RD @ CHARLES DR,33.660233,-84.476065
7602,213031,99972421,BOLTON RD NW @ COLLIER DR NW,33.769535,-84.508703
7603,212032,99972422,N SHALLOWFORD RD @ COMMODORE DR,33.917658,-84.303795
7604,213136,99972423,S ROYAL ATLANTA DR @ 4950,33.856319,-84.187685
7605,213308,99972424,HOLCOMB BRIDGE RD @ STEEPLE CHASE DR (SOUTH),33.991163,-84.277277
7606,213305,99972425,RIVER EXCHANGE DR @ 3175,33.967954,-84.263654
7607,213453,99972426,N COMMERCE DR @ CENTRE PKWY,33.652022,-84.502907
7608,213026,99972427,HILLANDALE DR @ 5850,33.70357,-84.150992
7609,212034,99972429,JOHNSON FERRY RD @ MILL CREEK RD,33.896001,-84.342889
7610,212035,99972430,JOHNSON FERRY RD NE @ MILL CREEK RD,33.895992,-84.343129
7611,212036,99972431,WINDWARD PKY @ NORTH POINT PKY,34.088754,-84.256364
7612,213326,99972432,HILL ST SE @ NOLAN ST SE,33.718987,-84.378675
7613,212037,99972433,MAIN ST @ JACKSON AVE,33.520888,-84.667271
7614,212038,99972434,CENTRE PKWY @ N COMMERCE DR,33.652152,-84.504074
7615,212039,99972435,N COMMERCE DR @ CAMP CREEK POINT,33.653907,-84.503361
7616,212040,99972436,MERCER UNIVERSITY DR @ DUNNINGTON CIR,33.875298,-84.25346
7617,212041,99972437,SPRINGDALE RD SW @ PEGG RD SW,33.689335,-84.414468
7618,212042,99972438,PLEASANT HILL RD @ SURREY TRL,33.600102,-84.465166
7619,213450,99972440,N COMMERCE DR @ 4100,33.646133,-84.503322
7620,213451,99972441,N COMMERCE DR @ 3900,33.648438,-84.503072
7621,212044,99972442,BILL KENNEDY WAY SE @ FAITH AVE SE,33.741919,-84.358126
7622,213442,99972443,N COMMERCE DR @ WASHINGTON RD,33.632599,-84.493815
7623,213155,99972444,LAKE MIRROR RD @ LAKE MIRROR PL,33.627323,-84.394562
7624,213492,99972445,OAKLEY RD @ 6300,33.584358,-84.531564
7625,212045,99972446,N SHALLOWFORD RD @ ADMIRAL WAY,33.91559,-84.302183
7626,212046,99972447,N SHALLOWFORD RD @ LONGVIEW DR,33.916279,-84.302554
7627,212047,99972448,2ND AVE SE @ ALSTON DR SE,33.745316,-84.309766
7628,213455,99972449,N COMMERCE DR @ SHELBY LN,33.655913,-84.50394
7629,212048,99972450,DRYDEN RD @ NORTH POINT PKY,34.086921,-84.257228
7630,212049,99972451,CUSTER AVE SE @ MORELAND AVE SE,33.715536,-84.350042
7631,212050,99972452,OLD MILTON PKWY @ 2365,34.070401,-84.290502
7632,212051,99972453,OLD MILTON PKWY @ 2400,34.070624,-84.289989
7633,212052,99972454,OLD MILTON PKWY @ NORTHWINDS PKWY,34.06862,-84.277853
7634,212053,99972455,OLD MILTON PKWY @ NORTHWINDS PKWY,34.06884,-84.277165
7635,212054,99972457,OLD MILTON PKWY @ MORRIS RD,34.068951,-84.267548
7636,212055,99972458,OLD MILTON PKWY @ MORRIS RD,34.068665,-84.267777
7637,212981,99972460,BUFFINGTON RD @ BIRDSEYE TRL,33.590719,-84.500481
7638,213304,99972461,HOLCOMB BRIDGE RD @ SPALDING DR,33.968497,-84.258639
7639,213135,99972462,MOUNTAIN INDUSTRIAL BLVD @ S ROYAL ATLANTA DR,33.857424,-84.191025
7640,212057,99972463,S ATLANTA HIGH SCHOOL,33.67006,-84.362056
7641,212059,99972465,PORSCHE AVE @ PORSCHE DR,33.653073,-84.39885
7642,212060,99972466,PORSCHE AVE @ PORSCHE DR,33.65331,-84.399515
7643,212061,99972467,OLD MILTON PKWY @ NORTH POINT PKWY,34.068122,-84.263186
7644,212062,99972469,MALL PKWY @ STONECREST TRC,33.695973,-84.10083
7645,212063,99972470,MALL PKY @ STONECREST TRC,33.695757,-84.100256
7646,212064,99972471,FLAT SHOALS RD @ 3592,33.703071,-84.270261
7647,212065,99972472,MCGINNIS FERRY RD @ BETHANY BND,34.104029,-84.254776
7648,212066,99972473,MORRIS RD @ BETHANY RD,34.104231,-84.254123
7649,212067,99972474,STONEWALL TELL RD @ ROOSEVELT HWY,33.597991,-84.54851
7650,212068,99972475,OLD MILTON PKWY @ NORTH POINT PKWY,34.068349,-84.262888
7651,212069,99972476,JONESBORO RD @ RUSKIN DR,33.646653,-84.36486
7652,212070,99972477,JONESBORO RD @ SCOTT RD,33.643269,-84.363273
7653,212071,99972478,JONESBORO RD @ CONLEY RD,33.638919,-84.360937
7654,212072,99972479,JONESBORO RD @ COLLEGE ST,33.634515,-84.358602
7655,212073,99972480,JONESBORO RD @ ERNEST DR,33.632564,-84.357559
7656,212074,99972481,JONESBORO RD @ OLD JONESBORO RD,33.628473,-84.355929
7657,212075,99972482,JONESBORO RD @ GRACE DR,33.625823,-84.355125
7658,213493,99972483,OAKLEY RD @ OAKLEY COMMONS BLVD,33.581889,-84.530497
7659,212076,99972484,JONESBORO RD @ FOREST AVE,33.623863,-84.35418
7660,212077,99972485,JONESBORO RD @ MARIE ST,33.620829,-84.352496
7661,212079,99972487,FOREST PKY @ JONESBORO RD,33.615182,-84.350587
7662,212080,99972488,FOREST PKY @ PHILLIPS DR,33.618102,-84.357673
7663,212083,99972491,JONESBORO RD @ BARTLETT RD,33.621285,-84.352648
7664,212084,99972492,JONESBORO RD @ WATTS RD,33.623791,-84.354049
7665,212085,99972493,JONESBORO RD @ GRACE DR,33.625698,-84.354973
7666,212086,99972494,JONESBORO RD @ OLD JONESBORO RD,33.628643,-84.355886
7667,212087,99972495,JONESBORO RD @ ERNEST DR,33.632215,-84.357276
7668,212088,99972496,JONESBORO RD @ THURMAN RD,33.635249,-84.358884
7669,212089,99972497,JONESBORO RD @ CONLEY RD,33.639295,-84.361057
7670,212090,99972498,JONESBORO RD @ SCOTT RD,33.643413,-84.363252
7671,212091,99972499,JONESBORO RD @ RUSKIN DR,33.646671,-84.364773
7672,212092,99972500,RIVERDALE RD @ PHOENIX BLVD,33.613327,-84.4378
7673,212094,99972502,RIVERDALE RD @ NORMAN DR,33.608826,-84.436187
7674,212095,99972503,RIVERDALE RD @ OLD RIVERDALE RD,33.605255,-84.434989
7675,212096,99972504,RIVERDALE RD @ FLAT SHOALS RD,33.60159,-84.429721
7676,212097,99972505,RIVERDALE RD @ LAKE REGENCY DR,33.599065,-84.429034
7677,212098,99972506,RIVERDALE RD @ LAKE REGENCY DR,33.5998,-84.428916
7678,212099,99972507,RIVERDALE RD @ FLAT SHOALS RD,33.602046,-84.430047
7679,212100,99972508,RIVERDALE RD @ OLD RIVERDALE RD,33.605667,-84.435141
7680,212101,99972509,RIVERDALE RD @ SHOREHAM DR,33.608961,-84.436014
7681,212103,99972511,RIVERDALE RD @ KINGSWOOD CIR,33.612395,-84.436885
7682,212104,99972512,GARDEN WALK BLVD @ RIVERDALE RD,33.596971,-84.427925
7683,212105,99972513,GARDEN WALK BLVD @ GARDEN WOOD DR,33.596714,-84.425679
7684,212106,99972514,GARDEN WALK BLVD @ GARDEN SPRINGS DR,33.595859,-84.420785
7685,212107,99972515,GARDEN WALK BLVD @ GARDEN RIDGE DR,33.595763,-84.416922
7686,212108,99972516,GARDEN WALK BLVD @ W LEES MILL RD,33.594468,-84.412505
7687,212109,99972517,GARDEN WALK BLVD @ SR 85,33.59413,-84.409814
7688,212110,99972518,GARDEN WALK BLVD @ SR 85,33.594327,-84.409858
7689,212111,99972519,GARDEN WALK BLVD @ W LEE MILLS RD,33.594648,-84.412256
7690,212112,99972520,GARDEN WALK BLVD @ GARDEN RIDGE DR,33.596022,-84.417671
7691,212113,99972521,GARDEN WALK BLVD @ GARDEN SPRINGS DR,33.596065,-84.420438
7692,212114,99972522,GARDEN WALK BLVD @ BROOKSTONE RDG,33.597027,-84.425994
7693,212115,99972523,GARDEN WALK BLVD @ RIVERDALE RD,33.597156,-84.428614
7694,212116,99972524,SR 85 @ BRIAR HILL LN,33.590317,-84.409105
7695,212117,99972525,SR 85 @ ADAMS DR,33.582687,-84.411374
7696,212118,99972526,SR 85 @ KING RD,33.579204,-84.411978
7697,212119,99972527,SR 85 @ HOWARD ST,33.574879,-84.412418
7698,212120,99972528,SR 85 @ MAIN ST,33.571365,-84.412797
7699,212121,99972529,SR 85 @ VALLEY HILL RD SW,33.573339,-84.412416
7700,212122,99972530,SR 85 @ DENHAM ST,33.576061,-84.412148
7701,212123,99972531,SR 85 @ CAMP ST,33.578398,-84.411945
7702,212124,99972532,SR 85 @ ALLEN DR,33.581881,-84.411298
7703,212125,99972533,SR 85 @ BRIAR HILL LN,33.589959,-84.408909
7704,212128,99972536,CHURCH ST @ BETHSAIDA RD,33.560604,-84.416968
7705,212129,99972537,CHURCH ST @ TOWN CENTER DR,33.557919,-84.41627
7706,212130,99972538,SR 85 @ LAMAR HUTCHESON PKWY,33.560983,-84.413541
7707,212131,99972539,SR 85 @ 7145,33.559845,-84.413995
7708,212132,99972540,CHURCH ST @ TOWN CENTER DR,33.558384,-84.416304
7709,212133,99972541,CHURCH ST @ BETHSAIDA RD,33.561217,-84.416755
7710,212137,99972545,LAMAR HUTCHESON PKY @ 658,33.560976,-84.410982
7711,212138,99972546,LAMAR HUTCHESON PKY @ ROBERTS DR,33.565043,-84.40808
7712,212139,99972547,XPRESS - RIVERDALE PARK & RIDE,33.56835,-84.403322
7713,212140,99972548,LAMAR HUTCHESON PKY @ UPPER RIVERDALE RD SW,33.572585,-84.402903
7714,212141,99972549,LAMAR HUTCHESON PKY @ VALLEY HILL RD SW,33.570973,-84.402804
7715,212143,99972551,LAMAR HUTCHESON PKWY @ ROBERTS DR,33.564783,-84.408459
7716,212144,99972552,LAMAR HUTCHESON PKY @ 618,33.561182,-84.410884
7717,212145,99972553,UPPER RIVERDALE RD SW @ STAYMAN DR,33.574181,-84.399195
7718,212147,99972555,UPPER RIVERDALE RD SW @ ROY HUIE RD,33.575841,-84.394283
7719,212148,99972556,UPPER RIVERDALE RD SW @ HAYES DR,33.577984,-84.388634
7720,212149,99972557,UPPER RIVERDALE RD @ ARROWHEAD BLVD,33.579114,-84.384394
7721,212150,99972558,UPPER RIVERDALE RD @ 276,33.579894,-84.38152
7722,212151,99972559,UPPER RIVERDALE RD @ LEES MILL RD,33.58114,-84.378863
7723,212152,99972560,UPPER RIVERDALE RD @ LEES MILL RD,33.58183,-84.378538
7724,212153,99972561,UPPER RIVERDALE RD @ 281,33.580082,-84.38126
7725,212154,99972562,UPPER RIVERDALE RD @ ARROWHEAD BLVD,33.579534,-84.383295
7726,212156,99972563,UPPER RIVERDALE RD SW @ HAYES DR,33.57784,-84.389448
7727,212157,99972564,UPPER RIVERDALE RD SW @ ROY HUIE RD,33.575742,-84.394696
7728,212159,99972566,UPPER RIVERDALE RD SW @ RIVER PARK DR,33.574262,-84.399326
7729,212161,99972568,MT ZION RD @ TARA BLVD,33.572937,-84.370282
7730,212162,99972569,MT ZION RD @ DOROTHY LN,33.572827,-84.367241
7731,212163,99972570,MT ZION RD @ KING WILLIAMS DR,33.572579,-84.362013
7732,212164,99972571,MT ZION RD @ IMPERIAL DR,33.57232,-84.358651
7733,212165,99972572,MT ZION RD @ PERSONAL PL,33.571981,-84.355614
7734,212166,99972573,MT ZION RD @ KELLY AVE,33.571489,-84.351297
7735,212167,99972574,MERCHANTS WAY @ EXCHANGE PL,33.572649,-84.348555
7736,212168,99972575,SOUTHLAKE MALL,33.573786,-84.350014
7737,212170,99972577,MT ZION RD @ MARKET PL,33.571561,-84.351145
7738,212171,99972578,MT ZION RD @ LAKE DR,33.571945,-84.354724
7739,212172,99972579,MT ZION RD @ IMPERIAL DR,33.572293,-84.357599
7740,212173,99972580,MT ZION RD @ KING WILLIAM DR,33.572739,-84.363304
7741,212174,99972581,MT ZION RD @ DOROTHY LN,33.572971,-84.36761
7742,213480,99972582,FLAT SHOALS RD @ SHENFIELD LN,33.587017,-84.519583
7743,212175,99972583,MT ZION RD @ TARA BLVD,33.573068,-84.370376
7744,212176,99972584,TARA BLVD @ MT ZION RD,33.574061,-84.371624
7745,212180,99972588,PANTHERSVILLE RD @ BRITTANY PARK LN,33.662435,-84.282397
7746,212181,99972589,PANTHERSVILLE RD @ FORK CREEK CHURCH RD,33.666042,-84.28056
7747,212182,99972590,BOULDERCREST RD @ PANTHERSVILLE RD,33.656984,-84.286472
7748,212183,99972591,PANTHERSVILLE RD @ RIVER RD,33.672799,-84.277819
7749,212184,99972592,BOULDERCREST RD @ YOLANDA TRL,33.652919,-84.285334
7750,212185,99972593,BOULDERCREST RD @ LINECREST RD,33.647208,-84.282714
7751,212186,99972594,BOULDERCREST RD @ TILSON RD,33.639946,-84.282235
7752,212187,99972595,BOULDERCREST RD @ ANVIL BLOCK RD,33.630502,-84.282707
7753,212188,99972596,BOULDERCREST RD @ ANVIL BLOCK RD,33.631335,-84.28292
7754,212189,99972597,BOULDERCREST RD @ MANOR PL,33.640063,-84.282062
7755,212190,99972598,BOULDERCREST RD @ LINECREST RD,33.647664,-84.282828
7756,212191,99972599,BOULDERCREST RD @ YOLANDA TRL,33.653161,-84.285323
7757,212192,99972600,PANTHERSVILLE RD @ BOULDERCREST RD,33.658005,-84.286124
7758,212193,99972601,ANVIL BLOCK RD @ LUNSFORD DR,33.633875,-84.289575
7759,212194,99972602,JONESBORO RD SE @ CONLEY RD SE,33.64825,-84.365377
7760,212195,99972603,CONLEY RD SE @ 925,33.650083,-84.359553
7761,212196,99972605,FORREST PARK RD SE @ CONLEY RD SE,33.65071,-84.357892
7762,212197,99972606,FORREST PARK RD SE @ FOREST VALLEY DR SE,33.651803,-84.35748
7763,212198,99972607,FORREST PARK RD SE @ OAKSHIRE WAY SE,33.654945,-84.355874
7764,212199,99972608,FORREST PARK RD SE @ EISENHOWER RD SE,33.657139,-84.355506
7765,212200,99972609,FORREST PARK RD SE @ PINE FOREST DR SE,33.659807,-84.355474
7766,212201,99972610,HUTCHENS RD SE @ FORREST PARK RD SE,33.665966,-84.355759
7767,212202,99972611,HUTCHENS RD SE @ 916,33.666072,-84.359972
7768,212203,99972612,HUTCHENS RD SE @ 852,33.666707,-84.361428
7769,212204,99972613,HUTCHENS RD SE @ 860,33.666322,-84.361091
7770,212205,99972614,HUTCHENS RD SE @ KATOMARICK DR SE,33.66812,-84.364132
7771,212206,99972615,HUTCHENS RD SE @ DONNEBROOK LN SE,33.66846,-84.366641
7772,212207,99972616,HUTCHENS RD SE @ KING SMITH RD SE,33.669525,-84.367673
7773,212208,99972617,HUTCHENS RD SE @ 560,33.669837,-84.369856
7774,212209,99972618,HUTCHENS RD SE @ JONESBORO RD SE,33.672021,-84.371878
7775,212210,99972619,GEORGIA AVE SE @ CHEROKEE AVE SE,33.73665,-84.374068
7776,212211,99972620,GEORGIA AVE SE @ HILL ST SE,33.736738,-84.378362
7777,213117,99972621,MT ZION PKWY @ 2530,33.554728,-84.308367
7778,212212,99972622,SR 85 @ ROBERTS DR,33.566606,-84.413125
7779,212213,99972623,SR 85 @ ROBERTS DR,33.566382,-84.413059
7780,212214,99972624,SR 85 @ BETHSAIDA RD,33.562236,-84.413759
7781,212215,99972625,SR 85 @ 7056,33.562917,-84.413337
7782,212216,99972626,MERCHANTS WAY @ EXCHANGE PL,33.572949,-84.348944
7783,212217,99972627,BOULDERCREST RD @ PANOLA RD,33.612257,-84.28568
7784,212218,99972628,LOU WALKER SENIOR CENTER,33.714072,-84.164453
7785,212219,99972629,RAINBOW WAY @ CANDLER RD,33.711539,-84.271114
7786,212223,99972633,FLAT SHOALS RD @ CLIFTON CHURCH RD SE,33.706304,-84.299365
7787,212224,99972634,BULL RUN DR @ LLOYD RD,33.70281,-84.285158
7788,212225,99972635,BULL RUN DR @ COHASSETT LN,33.702835,-84.282744
7789,212226,99972636,FLAT SHOALS RD @ WILLIAMSBURG WAY,33.70525,-84.280081
7790,212227,99972637,FLAT SHOALS RD @ 3491,33.704935,-84.275583
7791,212228,99972638,FLAT SHOALS RD @ 3424,33.705025,-84.275551
7792,212229,99972639,MITCHELL ST SW @ NORTHSIDE DR SW,33.753901,-84.403127
7793,212974,99972642,HORSE SHOE DR SE @ SOMBRERO WAY SE,33.697963,-84.309949
7794,213302,99972643,HOLCOMB BRIDGE RD @ STEEPLE CHASE DR (SOUTH),33.990966,-84.27719
7795,213303,99972644,HOLCOMB BRIDGE RD @ S HOLCOMB BRIDGE WAY (NORTH),33.988289,-84.273212
7796,213487,99972645,FLAT SHOALS RD @ 4483,33.585753,-84.535167
7797,213488,99972646,FLAT SHOALS RD @ 4483,33.58565,-84.534989
7798,213489,99972647,FLAT SHOALS RD @ BALLYE SHANNON PIKE,33.584997,-84.537525
7799,213307,99972648,HOLCOMB BRIDGE RD @ NESBIT FERRY RD,33.988253,-84.272972
7800,213315,99972649,CUSTER AVE SE @ KNOB HILL CT,33.716319,-84.354975
7801,213522,99972651,S FULTON PKWY @ STONEWALL TELL RD,33.618562,-84.559019
7802,212230,99972654,BAKERS FERRY RD SW @ BAKERS FERRY DR SW,33.760298,-84.508453
7803,213314,99972656,HOLCOMB BRIDGE RD @ MARKET BLVD,34.020684,-84.319238
7804,213452,99972659,N COMMERCE DR @ 3909,33.648787,-84.503323
7805,212231,99972660,FOREST PKY @ ASH ST,33.619508,-84.362497
7806,212232,99972661,POWERS FERRY RD NW @ NEW NORTHSIDE DR NW,33.906002,-84.429107
7807,212233,99972662,FOREST PKWY @ OLD DIXIE RD,33.62007,-84.381605
7808,212234,99972663,FOREST PKWY @ LAKE DR,33.619803,-84.364172
7809,212235,99972664,SOUTHAMPTON RD @ GODBY RD,33.616208,-84.457132
7810,212236,99972665,JUSTICE CENTER BUS TRANSIT STATION,33.505605,-84.360157
7811,212237,99972666,VALLEY HILL RD SW @ LAMAR HUTCHESON PKWY,33.570337,-84.404116
7812,212238,99972667,CHURCH ST @ KING RD,33.578727,-84.415383
7813,213448,99972668,N COMMERCE DR @ LOGISTICS WAY,33.642368,-84.502323
7814,212332,99972669,GODBY RD @ 2200,33.616131,-84.459734
7815,212333,99972670,SOUTHAMPTON RD @ GODBY RD,33.616137,-84.457001
7816,212334,99972671,SOUTHAMPTON RD @ JONES CIR,33.616115,-84.452541
7817,212335,99972672,SOUTHAMPTON RD @ W FAYETTEVILLE RD,33.616064,-84.449926
7818,212336,99972673,SOUTHAMPTON RD @ W FAYETTEVILLE RD,33.61617,-84.450848
7819,212337,99972674,SOUTHAMPTON RD @ JONES CIR,33.616186,-84.452802
7820,212338,99972675,GODBY RD @ 2135,33.616294,-84.459957
7821,212339,99972676,PHOENIX BLVD @ W FAYETTEVILLE RD,33.6139,-84.447893
7822,212340,99972677,PHOENIX BLVD @ PHOENIX PKY,33.614673,-84.444389
7823,212341,99972678,PHOENIX BLVD @ 1590,33.614291,-84.44122
7824,212342,99972679,FOREST PKY @ RIVERDALE RD,33.614734,-84.437183
7825,212343,99972680,PHOENIX BLVD @ RIVERDALE RD,33.614616,-84.43944
7826,212344,99972681,PHOENIX BLVD @ 1591,33.614577,-84.441871
7827,212345,99972682,PHOENIX BLVD @ PHOENIX PKWY,33.614861,-84.44453
7828,212346,99972683,PHOENIX BLVD @ W FAYETTEVILLE RD,33.613997,-84.448479
7829,212347,99972684,FOREST PKY @ SOUTHRIDGE PKY,33.617627,-84.426378
7830,212348,99972685,FOREST PKWY @ ATLANTA SOUTH PKY,33.617692,-84.412379
7831,212349,99972686,FOREST PKWY @ MAIN DR (FARMERS MKT ENTRANCE),33.618287,-84.39303
7832,212350,99972687,FOREST PKWY @ GOVERNORS DR,33.620522,-84.375903
7833,212351,99972688,FOREST PKWY @ GEORGIA AVE,33.621268,-84.37319
7834,212352,99972689,FOREST PKY @ ASH ST,33.618842,-84.361368
7835,212353,99972691,FOREST PKWY @ BARTLETT DR,33.61608,-84.352745
7836,212354,99972692,FOREST PKY @ JONESBORO RD,33.613641,-84.348045
7837,212355,99972693,FOREST PKY @ BARTLETT DR,33.616928,-84.353952
7838,212356,99972694,FOREST PKY @ LAKE DR,33.620385,-84.365205
7839,212357,99972695,FOREST PKWY @ GEORGIA AVE,33.621235,-84.373793
7840,212358,99972696,FOREST PKWY @ HALE RD,33.620755,-84.376942
7841,212359,99972697,FOREST PKWY @ OLD DIXIE RD,33.620143,-84.382292
7842,212360,99972698,FOREST PKWY @ MAIN DR (FARMERS MKT ENTRANCE),33.61852,-84.393214
7843,212361,99972699,FOREST PKY @ ATLANTA SOUTH PKY,33.617833,-84.411673
7844,212362,99972700,FOREST PKY @ SOUTHRIDGE PKY,33.618129,-84.425359
7845,212363,99972701,FOREST PKY @ DIXIE INDUSTRIAL DR,33.611574,-84.341164
7846,212365,99972703,SR 85 @ LEES MILL RD,33.60734,-84.403882
7847,212366,99972704,SR 85 @ AIRPORT SOUTH PKY,33.602612,-84.40532
7848,212367,99972705,SR 85 @ EAGLES CROSSING WAY,33.595824,-84.407385
7849,212368,99972706,SR 85 @ EAGLES CROSSING WAY,33.595869,-84.407093
7850,212369,99972707,SR 85 @ AIRPORT SOUTH PKY,33.602746,-84.40493
7851,212370,99972708,SR 85 @ LEES MILL RD,33.607331,-84.403567
7852,212372,99972710,RIVERDALE RD @ GARDEN WALK BLVD,33.596272,-84.428998
7853,212373,99972711,RIVERDALE RD @ E FAYETTEVILLE RD,33.588246,-84.423542
7854,212374,99972712,RIVERDALE RD @ POPLAR SPRINGS RD,33.586484,-84.421543
7855,212375,99972713,SR 85 @ SR 138,33.54868,-84.415002
7856,212376,99972714,SR 85 @ LAKE RIDGE PKY,33.541856,-84.416805
7857,212377,99972715,SR 85 @ LAKEVIEW DR,33.536679,-84.418371
7858,212378,99972716,SR 85 @ WARREN DR,33.533419,-84.419342
7859,213310,99972717,HOLCOMB BRIDGE RD @ CHAMPIONS GREEN PKWY,33.999523,-84.283837
7860,212379,99972718,SR 85 @ PINE RIDGE DR,33.530553,-84.420217
7861,212380,99972719,SR 85 @ HELMER RD,33.52689,-84.42186
7862,212381,99972720,POINTE SOUTH PKY @ SR 85,33.521767,-84.423317
7863,212382,99972721,POINTE SOUTH PKY @ BRANDON HILL WAY,33.520489,-84.42027
7864,212383,99972722,POINTE SOUTH PKY @ ELON TRL,33.518691,-84.417731
7865,212384,99972724,POINTE SOUTH PKY @ ANSLEY DR,33.51796,-84.414262
7866,212385,99972725,POINTE SOUTH PKY @ NICHOLSON DR,33.518356,-84.411976
7867,212386,99972726,FLINT RIVER RD SW @ THOMAS RD,33.518269,-84.407879
7868,212387,99972727,FLINT RIVER RD SW @ GUTHRIE DR,33.518298,-84.404443
7869,212388,99972728,FLINT RIVER RD SW @ GLENWOODS DR,33.518221,-84.399706
7870,212389,99972729,FLINT RIVER RD SW @ DORSEY RD,33.518143,-84.395327
7871,212390,99972730,FLINT RIVER RD SW @ TAYLOR RD,33.518146,-84.39123
7872,212391,99972731,FOREST PKY @ ELLENWOOD  RD,33.612268,-84.29167
7873,212392,99972732,FLINT RIVER RD @ ASHTON RD,33.518023,-84.387144
7874,212393,99972733,FLINT RIVER RD @ LEXINGTON DR,33.518105,-84.383481
7875,212394,99972734,FLINT RIVER RD @ KENDRICK RD,33.517892,-84.379698
7876,212395,99972735,FLINT RIVER RD @ ROBERTS RD,33.517859,-84.374614
7877,212396,99972736,FLINT RIVER RD @ 688,33.517789,-84.368989
7878,212397,99972737,FLINT RIVER RD @ TARA BLVD,33.517585,-84.365131
7879,212398,99972738,FLINT RIVER RD @ TARA BLVD,33.517898,-84.366139
7880,212399,99972739,FLINT RIVER RD @ 681,33.517995,-84.369347
7881,212400,99972740,FLINT RIVER RD @ ROBERTS RD,33.518056,-84.374105
7882,212401,99972741,FLINT RIVER RD @ KENDRICK RD,33.518008,-84.380489
7883,212402,99972742,FLINT RIVER RD @ LEXINGTON DR,33.518186,-84.383557
7884,212403,99972743,FLINT RIVER RD @ ASHTON RD,33.518094,-84.387231
7885,212404,99972744,FLINT RIVER RD @ TAYLOR RD,33.518262,-84.390905
7886,212405,99972745,FLINT RIVER RD SW @ DORSEY RD,33.518215,-84.395457
7887,212406,99972746,FLINT RIVER RD SW @ GLENWOODS DR,33.518293,-84.399739
7888,212407,99972747,FLINT RIVER RD SW @ GUTHRIE DR,33.518353,-84.403868
7889,212408,99972748,FLINT RIVER RD SW @ THOMAS RD,33.518449,-84.407478
7890,212409,99972749,POINTE SOUTH PKY @ NICHOLSON DR,33.518606,-84.412182
7891,212410,99972750,POINTE SOUTH PKY @ ANSLEY DR,33.518147,-84.415021
7892,212411,99972751,POINTE SOUTH PKY @ PARK VILLA WAY,33.519014,-84.417754
7893,212412,99972752,POINTE SOUTH PKY @ BRANDON HILL WAY,33.520785,-84.420324
7894,212413,99972753,POINTE SOUTH PKY @ SR 85,33.521964,-84.423112
7895,212414,99972755,SR 85 @ PINE RIDGE DR,33.531297,-84.419698
7896,212415,99972756,SR 85 @ WEBB RD,33.534351,-84.418769
7897,212416,99972757,SR 85 @ LAKEVIEW DR,33.537073,-84.417937
7898,212417,99972758,SR 85 @ LAKE RIDGE PKY,33.543405,-84.416037
7899,212418,99972759,SR 85 @ COMMERCE BLVD,33.547068,-84.415
7900,212419,99972760,SR 85 @ SR 138,33.551062,-84.41443
7901,212420,99972761,SR 138 @ SR 85,33.548923,-84.413354
7902,212421,99972762,SR 138 @ WINDEREMERE DR,33.54684,-84.408245
7903,212422,99972763,SR 138 @ TAYLOR RD,33.544686,-84.402876
7904,212423,99972764,SR 138 @ ANTEBELLUM LN,33.542139,-84.395945
7905,212425,99972765,SR 138 @ ROUNTREE RD,33.541532,-84.392096
7906,212426,99972766,SR 138 @ KENDRICK RD,33.53971,-84.385318
7907,212427,99972767,SR 138 SE @ CROWN WAY,33.535185,-84.372078
7908,212428,99972768,SR 85 @ THOMAS RD,33.525905,-84.42213
7909,212429,99972769,NORTH AVE @ TARA BLVD,33.532278,-84.364975
7910,212430,99972770,NORTH AVE @ TARA BLVD,33.53235,-84.365138
7911,212431,99972771,NORTH AVE @ SR 138 SE,33.534371,-84.370885
7912,212424,99972772,SR 138 @ OLD ROUNDTREE RD,33.539933,-84.38573
7913,212432,99972773,SR 138 @ ROUNTREE RD,33.541622,-84.392193
7914,212433,99972774,SR 138 @ ANTEBELLUM LN,33.542282,-84.396379
7915,212434,99972775,SR 138 @ TAYLOR RD,33.544686,-84.402735
7916,212435,99972776,SR 138 @ WINDEREMERE DR,33.546832,-84.407822
7917,212436,99972777,SR 138 @ SR 85,33.548816,-84.41292
7918,212437,99972778,RIVERDALE RD @ E FAYETTEVILLE RD,33.588711,-84.424312
7919,212438,99972779,RIVERDALE RD @ WALKER RD,33.593488,-84.428951
7920,212439,99972780,AIRPORT INTERNATIONAL TERMINAL - ARRIVALS,33.640531,-84.417144
7921,212442,99972783,FOREST PKY @ SUMMERSUN DR,33.610536,-84.32544
7922,212443,99972784,FOREST PKY @ 3RD AVE,33.610751,-84.316716
7923,212444,99972785,FOREST PKY @ JOY LAKE RD,33.610661,-84.316889
7924,212445,99972786,FOREST PKY @ JOHN G GLOVER IND CT,33.610482,-84.312744
7925,212446,99972787,FOREST PKY @ SR 42,33.612853,-84.306276
7926,212447,99972788,FOREST PKY @ QUIKTRIP WAY,33.612225,-84.299374
7927,212448,99972789,FOREST PKY @ OLD GRANT RD,33.612485,-84.300763
7928,212449,99972790,FOREST PKY @ JOHN G GLOVER IND CT,33.61041,-84.312722
7929,212450,99972791,FOREST PKY @ SR 42,33.612925,-84.305864
7930,212451,99972792,TARA BLVD @ MUNDYS MILL RD,33.485445,-84.340336
7931,212452,99972793,TARA BLVD @ TARA RD,33.47291,-84.336824
7932,212453,99972794,TARA BLVD @ WALDEN LANDING,33.454437,-84.326815
7933,212454,99972795,TARA BLVD @ MUNDYS MILL RD,33.487174,-84.340521
7934,212455,99972796,TARA BLVD @ WALDEN LANDING,33.452109,-84.325927
7935,212456,99972797,TARA BLVD @ TARA RD,33.474163,-84.33677
7936,212457,99972798,LOVEJOY RD @ SUMMER TRCE,33.441836,-84.340934
7937,212458,99972799,PANHANDLE RD @ PANHANDLE DR,33.445257,-84.342852
7938,212459,99972800,PANHANDLE RD @ MCDONOUGH RD,33.448848,-84.342723
7939,212460,99972801,MCDONOUGH RD @ MCDONOUGH CT,33.448938,-84.339496
7940,212462,99972802,MCDONOUGH RD @ WEEPING WILLOW PL,33.448831,-84.33603
7941,212463,99972803,MCDONOUGH RD @ TARA BLVD,33.448195,-84.327118
7942,212464,99972804,JONESBORO RD @ COMMERCE RD,33.56586,-84.344098
7943,212465,99972805,JONESBORO RD @ CITIZENS PKY,33.558952,-84.345812
7944,212466,99972806,JONESBORO RD @ BATTLE CREEK RD,33.554392,-84.347113
7945,212467,99972807,JONESBORO RD @ SOUTHLAKE COVE CT,33.549614,-84.348355
7946,212468,99972808,JONESBORO RD @ SR 138,33.537842,-84.351372
7947,212469,99972809,BATTLE CREEK RD @ BATTLECREEK VILLAGE DR,33.553235,-84.35113
7948,212470,99972810,BATTLE CREEK RD @ CHASE VILLAGE DR,33.553518,-84.355788
7949,212471,99972811,BATTLE CREEK RD @ CHASE LAKE DR,33.55361,-84.358763
7950,212473,99972813,BATTLE CREEK RD @ HOWARD CIR,33.55567,-84.368458
7951,212474,99972814,TARA BLVD @ BATTLE CREEK RD,33.554225,-84.370745
7952,212475,99972815,TARA BLVD @ N CARTER DR,33.550395,-84.37021
7953,212476,99972816,TARA BLVD @ MUSEUM CIR,33.543656,-84.368364
7954,212477,99972817,TARA BLVD @ SR 138,33.539315,-84.36612
7955,212478,99972818,TARA BLVD @ NORTH AVE,33.533238,-84.364348
7956,212479,99972819,TARA BLVD @ NORTH AVE,33.534369,-84.364141
7957,212480,99972820,TARA BLVD @ SR 138,33.538382,-84.36522
7958,212481,99972821,TARA BLVD @ N MAIN ST SE,33.545182,-84.368632
7959,212482,99972822,TARA BLVD @ N CARTER DR,33.552148,-84.369985
7960,212483,99972823,BATTLE CREEK RD @ TARA BLVD,33.555512,-84.369745
7961,212485,99972825,BATTLE CREEK RD @ TARA RD,33.553463,-84.359132
7962,212486,99972826,BATTLE CREEK RD @ CHASE VILLAGE DR,33.553265,-84.355288
7963,212487,99972827,BATTLE CREEK RD @ CULLEN DR,33.553102,-84.350515
7964,212488,99972828,JONESBORO RD @ SOUTHLAKE COVE CT,33.550313,-84.347934
7965,212489,99972829,JONESBORO RD @ BATTLE CREEK RD,33.555138,-84.346662
7966,212490,99972830,JONESBORO RD @ CITIZENS PKY,33.559422,-84.345525
7967,212492,99972832,COLLEGE ST @ CHARLES W GRANT PKWY,33.640046,-84.392332
7968,212494,99972834,CHARLES W GRANT PKWY @ COLLEGE ST,33.640131,-84.393428
7969,212495,99972835,CHARLES W GRANT PKWY @ NORTH ST,33.640297,-84.393265
7970,212496,99972836,TARA BLVD @ FAYETTEVILLE RD,33.518588,-84.363412
7971,212497,99972837,NORTH ST @ OLD DIXIE HWY,33.64209,-84.391068
7972,212499,99972839,OLD DIXIE HWY @ BROWN DR,33.637893,-84.390675
7973,212500,99972840,OLD DIXIE HWY @ BROWN DR,33.637587,-84.390767
7974,212501,99972841,OLD DIXIE HWY @ 4453,33.63244,-84.389193
7975,212502,99972842,OLD DIXIE HWY @ 4453,33.632631,-84.389243
7976,212503,99972843,OLD DIXIIE HWY @ 3961,33.647047,-84.391243
7977,212504,99972844,OLD DIXIIE HWY @ 3961,33.646752,-84.391085
7978,212505,99972845,TARA BLVD @ FLINT RIVER RD,33.516622,-84.363545
7979,212506,99972846,TARA BLVD @ SMITH ST,33.523803,-84.363133
7980,212507,99972847,SR 85 @ 5324,33.609328,-84.40332
7981,212508,99972848,SR 85 @ 5324,33.609462,-84.402994
7982,212509,99972849,BOULDERCREST RD @ MITCHELL RD,33.622365,-84.284665
7983,212510,99972850,FOREST PKWY @ WEST ST,33.621778,-84.369742
7984,212511,99972851,FOREST PKWY @ WEST ST,33.621615,-84.370113
7985,213389,99972852,W MARIETTA ST NW @ JOSEPH E LOWERY BLVD NW,33.783371,-84.417833
7986,212512,99972853,TARA BLVD @ DEPUTY RICK DALY MEMORIAL BLVD,33.506622,-84.354412
7987,212513,99972854,TARA BLVD @ DIXON RD,33.527995,-84.363405
7988,212514,99972855,TARA BLVD @ ROBERT E LEE PKY,33.52098,-84.363693
7989,212515,99972856,TARA BLVD @ SR 54,33.51323,-84.36099
7990,212516,99972857,TARA BLVD @ SR 54,33.513803,-84.36098
7991,212517,99972858,TARA BLVD @ DIXON ST,33.528842,-84.363118
7992,212518,99972859,JONESBORO RD @ SR 138,33.537878,-84.351145
7993,212519,99972860,JONESBORO RD @ RAYMOND ST,33.542187,-84.350085
7994,212520,99972861,JONESBORO RD @ DUNCAN RD,33.541507,-84.350435
7995,212521,99972862,JONESBORO RD @ W MIMOSA DR,33.531273,-84.354122
7996,212522,99972863,JONESBORO RD @ W MIMOSA DR,33.531768,-84.353815
7997,212527,99972868,JONESBORO RD @ MT ZION RD,33.570022,-84.342717
7998,212528,99972869,SR 85 @ ROUNTREE RD,33.553918,-84.414249
7999,212529,99972870,SR 85 @ CHURCH ST,33.554348,-84.414488
8000,212530,99972871,VALLEY HILL RD SW @ LAMAR HUTCHESON PKY,33.570524,-84.404821
8001,212531,99972872,VALLEY HILL RD SW @ CAMP ST,33.572321,-84.408467
8002,212532,99972873,VALLEY HILL RD SW @ DELTA DR,33.57225,-84.40812
8003,212533,99972874,VALLEY HILL RD SW @ SR 85,33.572471,-84.412036
8004,212534,99972875,MAIN ST @ SR 85,33.572712,-84.413012
8005,212535,99972876,MAIN ST @ WEST ST,33.572756,-84.414563
8006,212536,99972877,CHURCH ST @ HOWARD ST,33.575307,-84.41449
8007,212537,99972878,CHURCH ST HOWARD ST,33.575415,-84.414566
8008,212538,99972879,CHURCH ST @ KING RD,33.578807,-84.415525
8009,212540,99972881,OLD DIXIE RD @ FOREST PKWY,33.621103,-84.383278
8010,212541,99972882,OLD DIXIE HWY @ LAKE MIRROR RD,33.627435,-84.385902
8011,212542,99972883,OLD DIXIE HWY @ LAKE MIRROR RD,33.627188,-84.385655
8012,212543,99972885,OLD DIXIE HWY @ OLD DIXIE RD,33.62446,-84.384613
8013,212544,99972886,OLD DIXIE RD @ OLD DIXIE HWY,33.623223,-84.384178
8014,212551,99972893,S CENTRAL AVE @ VIRGINIA AVE,33.661468,-84.414278
8015,212552,99972894,S CENTRAL AVE @ DOGWOOD DR,33.659548,-84.411023
8016,212553,99972895,PORSCHE AVE @ TRADEPORT BLVD,33.650828,-84.393653
8017,212554,99972896,S CENTRAL AVE @ DOGWOOD DR,33.659821,-84.411144
8018,212555,99972897,S CENTRAL AVE @ VIRGINIA AVE,33.661318,-84.41376
8019,212563,99972905,TARA BLVD @ WALMART WAY,33.445196,-84.323815
8020,212564,99972906,TALMADGE RD @ WILLARDS WAY,33.433464,-84.317016
8021,212565,99972907,TALMADGE RD @ TARA BLVD,33.432372,-84.320177
8022,212566,99972908,LOVEJOY RD @ REGISTRY BLVD,33.441103,-84.323718
8023,212567,99972909,LOVEJOY RD @ DLYNN CT,33.441175,-84.326327
8024,212571,99972913,JONESBORO RD @ WESTWOOD WAY,33.595248,-84.337353
8025,212572,99972914,JONESBORO RD @ REYNOLDS RD,33.588829,-84.338094
8026,212573,99972915,JONESBORO RD @ MORROW RD,33.584377,-84.339258
8027,212574,99972916,JONESBORO RD @ JOHN ROBERT DR,33.58092,-84.340153
8028,212575,99972917,JONESBORO RD @ MT ZION RD,33.570467,-84.343045
8029,212576,99972918,JONESBORO RD @ SOUTHERN RD,33.564477,-84.344182
8030,212577,99972919,JONESBORO RD @ JOHN ROBERT DR,33.580272,-84.340087
8031,212578,99972920,JONESBORO RD @ LAKE HARBIN RD,33.58391,-84.339103
8032,212579,99972921,JONESBORO RD @ REYNOLDS RD,33.58817,-84.337983
8033,212580,99972922,JONESBORO RD @ CLAYTON STATE BLVD,33.595318,-84.337008
8034,212581,99972924,FOREST PKY @ MAPLE DR,33.618192,-84.35863
8035,212582,99972925,JONESBORO RD @ METCALF RD,33.616111,-84.349641
8036,212583,99972926,JONESBORO RD @ MAIN ST,33.618698,-84.35064
8037,212584,99972927,MAIN ST @ JONESBORO RD,33.618689,-84.352257
8038,212585,99972928,MAIN ST @ PHILLIPS DR,33.619189,-84.355838
8039,212586,99972929,MAIN ST @ COLLEGE ST,33.620038,-84.360657
8040,212587,99972930,FOREST PKY @ NORTH LAKE DR,33.610491,-84.337626
8041,212588,99972931,FOREST PKY @ NORTH PKY,33.610464,-84.330345
8042,212589,99972932,FOREST PKY @ SUMMERSUN DR,33.610447,-84.325158
8043,212590,99972933,FOREST PKY @ NORTH PKY,33.610554,-84.330822
8044,212591,99972934,FOREST PKY @ RATTERREE DR,33.610554,-84.336151
8045,212592,99972935,FOREST PKY @ N LAKE DR,33.61237,-84.341859
8046,212593,99972936,FOREST PKY @ 1365,33.613077,-84.344105
8047,212594,99972937,FOREST PKY @ 1372,33.613202,-84.34493
8048,212595,99972938,FOREST PKWY @ 103,33.618765,-84.387625
8049,212596,99972939,FOREST PKWY @ 103,33.619033,-84.387506
8050,212597,99972940,JONESBORO RD @ FOREST PKWY,33.613353,-84.349112
8051,212598,99972941,JONESBORO RD @ KENYON RD,33.606875,-84.343297
8052,212600,99972943,JONESBORO RD @ HARPER DR,33.598409,-84.338409
8053,212601,99972944,JONESBORO RD @ LAKELAND CIR,33.60136,-84.339595
8054,212602,99972945,JONESBORO RD @ KENYON RD,33.607358,-84.343573
8055,212603,99972946,POWERS FERRY RD NW @ NEW NORTHSIDE DR NW,33.905648,-84.429453
8056,212604,99972947,MT VERNON HWY NE @ ROSWELL RD NE,33.924073,-84.379132
8057,212605,99972948,MT VERNON HWY NE @ SANDY SPRINGS CIR NE,33.923651,-84.381986
8058,212606,99972949,MT VERNON HWY NW @ HAMMOND DR NW,33.919225,-84.391527
8059,212607,99972950,MT VERNON HWY NE @ HUNTING CREEK RD NE,33.924343,-84.374426
8060,212608,99972951,MT VERNON HWY NE @ VERNON WOODS DR NE,33.925428,-84.369894
8061,212609,99972952,MT VERNON HWY NE @ GLENRIDGE DR NE,33.926691,-84.367008
8062,212610,99972953,MT VERNON HWY NE @ BARFIELD RD NE,33.929136,-84.359948
8063,212611,99972954,MT VERNON HWY NE @ CRESTLINE PKY NE,33.930354,-84.356299
8064,212612,99972955,MT VERNON HWY NE @ CRESTLINE PKY NE,33.930453,-84.356539
8065,212613,99972956,MT VERNON HWY NE @ BARFIELD RD NE,33.928894,-84.361027
8066,212614,99972957,MT VERNON HWY NE @ GLENRIDGE DR NE,33.926521,-84.367509
8067,212615,99972958,MT VERNON HWY NE @ VERNON WOODS DR NE,33.925446,-84.370068
8068,212616,99972959,MT VERNON HWY NE @ HUNTING CREEK RD NE,33.924423,-84.375047
8069,212617,99972960,LLOYD RD @ FLAT SHOALS RD,33.705886,-84.28551
8070,212618,99972961,FLAT SHOALS RD @ LLOYD RD,33.705807,-84.285274
8071,212619,99972962,LLOYD RD @ WILLIAMSBURG DR,33.707392,-84.285436
8072,212620,99972963,LLOYD RD @ CORNER STONE TRL,33.708153,-84.285479
8073,212621,99972964,LLOYD RD @ CAVALIER DR,33.70954,-84.284946
8074,212622,99972965,LLOYD RD @ CAVALIER DR,33.709925,-84.284957
8075,212624,99972967,MT VERNON HWY NE @ SANDY SPRINGS CIR NE,33.923668,-84.382509
8076,212625,99972968,LOVEJOY RD @ S GROVE DR,33.441336,-84.331167
8077,212626,99972969,CLAYTON COUNTY LIBRARY SYSTEM HQ,33.554342,-84.363852
8078,212627,99972970,FLAT SHOALS RD @ NORMA CIR,33.705927,-84.295628
8079,212628,99972971,STONE RD SW @ N CAMP CREEK PKY SW,33.67255,-84.500602
8080,212629,99972972,COUNTY LINE RD SW @ NOTTING HILL DR SW,33.694175,-84.534195
8081,213481,99972975,FLAT SHOALS RD @ MALLORY RD,33.586667,-84.525089
8082,213134,99972978,FLINTSTONE DR @ HUGH HOWELL RD,33.849006,-84.194479
8083,212636,99972981,OLD DIXIE RD @ FOREST PKWY,33.618656,-84.383386
8084,212637,99972982,OLD DIXIE RD @ BARNETT RD,33.615517,-84.383271
8085,212638,99972983,OLD DIXIE RD @ AGNEW DR,33.611247,-84.382259
8086,212639,99972984,OLD DIXIE RD @ PENNEY RD,33.607371,-84.381138
8087,212640,99972985,OLD DIXIE RD @ BRECKEN RIDGE,33.603522,-84.380029
8088,212641,99972986,OLD DIXIE RD @ SOUTHPARK DR,33.600219,-84.379137
8089,212642,99972987,OLD DIXIE RD @ JOHNSON RD,33.59782,-84.37843
8090,212643,99972988,OLD DIXIE RD @ SYLVIA DR,33.595546,-84.377745
8091,212644,99972989,OLD DIXIE RD @ MORROW RD,33.591043,-84.377037
8092,212645,99972990,OLD DIXIE RD @ OLD DIXIE WAY,33.587694,-84.378043
8093,212646,99972991,OLD DIXIE RD @ UPPER RIVERDALE RD,33.582753,-84.37663
8094,212647,99972992,OLD DIXIE RD @ HOLIDAY BLVD,33.579817,-84.374296
8095,212648,99972993,TARA BLVD @ ARROWHEAD BLVD,33.576407,-84.372634
8096,212649,99972994,TARA BLVD @ PARKWOOD WAY,33.573488,-84.371971
8097,212650,99972995,TARA BLVD @ FLINT TRL,33.570525,-84.372077
8098,212651,99972996,TARA BLVD @ ALDERWOODS DR,33.567758,-84.371772
8099,212652,99972997,TARA BLVD @ SUMMERWIND DR,33.56424,-84.371379
8100,212653,99972998,TARA BLVD @ VILLAGE LN,33.561965,-84.371454
8101,212654,99972999,TARA BLVD @ CAMELOT PKWY,33.559476,-84.371355
8102,212656,99973001,TARA BLVD @ BATTLE CREEK RD,33.556289,-84.370558
8103,212658,99973003,TARA BLVD @ PATTON RD,33.559808,-84.371062
8104,212659,99973004,TARA BLVD @ VILLAGE LN,33.562154,-84.371118
8105,212660,99973005,TARA BLVD @ SHERWOOD DR,33.564795,-84.371054
8106,212661,99973006,TARA BLVD @ SOUTHSIDE COMMERCIAL PKWY,33.568439,-84.371534
8107,212662,99973008,TARA BLVD @ FLINT TRL,33.571774,-84.371646
8108,212663,99973009,OLD DIXIE RD @ HOLIDAY BLVD,33.579853,-84.374209
8109,212664,99973010,OLD DIXIE RD @ UPPER RIVERDALE RD,33.582234,-84.376054
8110,212665,99973011,OLD DIXIE RD @ OLD DIXIE WAY,33.587793,-84.377913
8111,212666,99973012,OLD DIXIE RD @ MORROW RD,33.591688,-84.376787
8112,212667,99973013,OLD DIXIE RD @ SYLVIA DR,33.595806,-84.377723
8113,212668,99973014,OLD DIXIE RD @ JOHNSON RD,33.598044,-84.378365
8114,212669,99973015,OLD DIXIE RD @ WINDSOR DR,33.600013,-84.378941
8115,212670,99973016,OLD DIXIE RD @ BRECKEN RIDGE,33.604122,-84.380105
8116,212671,99973017,OLD DIXIE RD @ PINERIDGE DR,33.606638,-84.380793
8117,212672,99973018,OLD DIXIE RD @ AGNEW DR,33.61131,-84.382172
8118,212673,99973019,OLD DIXIE RD @ 1ST ST,33.615284,-84.38313
8119,212674,99973020,OLD DIXIE RD @ 5020,33.618489,-84.383252
8120,212675,99973021,JONESBORO RD SE @ HARPER RD SE,33.696541,-84.369633
8121,212676,99973022,SR 42 @ ROCK CUT RD,33.644116,-84.325398
8122,212677,99973023,CONLEY RD @ BOLING DR,33.642028,-84.351603
8123,212678,99973024,CONLEY RD @ MURRAY LAKE CIR,33.642656,-84.348531
8124,212679,99973025,CONLEY RD @ ELIZABETH PARK CT,33.644429,-84.344905
8125,212680,99973026,CONLEY RD @ CONLEY DR,33.645056,-84.341084
8126,212681,99973027,CONLEY RD @ KEYSTONE PL,33.646193,-84.337784
8127,212682,99973028,CONLEY RD @ 1625,33.647465,-84.336297
8128,212683,99973029,CONLEY RD @ MORELAND AVE,33.648208,-84.330239
8129,212684,99973030,SR 42 @ ROCK CUT PL,33.639144,-84.321255
8130,212685,99973031,SR 42 @ 4325,33.636675,-84.31936
8131,212686,99973032,SR 42 @ SLATE RD,33.633768,-84.317223
8132,212687,99973033,SR 42 @ HOOD AVE,33.629372,-84.313718
8133,212688,99973034,SR 42 @ OLD TONEY RD,33.624331,-84.310853
8134,212689,99973035,SR 42 @ HOLLAND PARK DR,33.61964,-84.308781
8135,212690,99973036,SR 42 @ FARN DR,33.615647,-84.306937
8136,212691,99973037,SR 42 @ FOREST PKWY,33.613864,-84.306017
8137,212693,99973039,SR 42 @ 5465,33.605458,-84.301579
8138,212694,99973040,SR 42 @ OLD REX MORROW RD,33.601581,-84.299389
8139,212695,99973041,SR 42 @ AMERSON CT,33.597847,-84.297296
8140,212696,99973042,SR 42 @ REX RD,33.592089,-84.294401
8141,212697,99973043,REX RD @ 2870,33.591553,-84.296897
8142,212698,99973044,REX RD @ 2843,33.59149,-84.298025
8143,212699,99973045,SR 42 @ REX RD,33.592215,-84.294282
8144,212700,99973046,SR 42 @ PARTIN PL,33.597802,-84.297112
8145,212701,99973047,SR 42 @ OLD REX MORROW RD,33.600452,-84.298608
8146,212702,99973048,SR 42 @ 5465,33.605395,-84.301297
8147,212703,99973049,SR 42 @ FOREST PKWY,33.612744,-84.305192
8148,212704,99973050,SR 42 @ BURKSHIRE RD,33.61613,-84.307013
8149,212705,99973051,SR 42 @ HOLLAND PARK DR,33.619873,-84.308836
8150,212706,99973052,SR 42 @ OLD TONEY DR,33.624117,-84.31056
8151,212707,99973053,SR 42 @ ANVIL BLOCK RD,33.629435,-84.313501
8152,212708,99973054,SR 42 @ SLATE RD,33.633167,-84.316355
8153,212709,99973055,SR 42 @ 4322,33.637761,-84.319741
8154,212710,99973056,SR 42 @ ROCK CUT PL,33.640385,-84.321918
8155,212711,99973057,SR 42 @ E CONLEY RD,33.644332,-84.325288
8156,212712,99973058,CONLEY RD @ MORELAND AVE,33.648504,-84.331129
8157,212713,99973059,CONLEY RD @ 1625,33.648136,-84.335613
8158,212714,99973060,CONLEY RD @ CHEROKEE TRL,33.646381,-84.33773
8159,212715,99973061,CONLEY RD @ CAMELIA TRL,33.645298,-84.340064
8160,212716,99973062,MT ZION BLVD @ MADDOX RD,33.570783,-84.310247
8161,212717,99973063,CONLEY RD @ ELIZABETH PARK CT,33.644626,-84.344254
8162,212718,99973064,CONLEY RD @ CHURCH ST,33.642709,-84.348498
8163,212719,99973065,CONLEY RD @ BOLING DR,33.642028,-84.351744
8164,212720,99973066,CONLEY RD @ SWEETBRIAR LN,33.640012,-84.359385
8165,212721,99973067,CONLEY RD @ JONESBORO RD,33.639925,-84.362222
8166,212722,99973068,CONLEY RD @ SIERRA DR,33.639024,-84.368688
8167,212723,99973069,CONLEY RD @ TARA DR,33.638889,-84.370859
8168,212724,99973070,CONLEY RD @ HENDRIX DR,33.63989,-84.373834
8169,212725,99973071,OLD DIXIE RD @ CONLEY RD,33.641126,-84.38786
8170,212726,99973072,CROWN RD SE @ 3900,33.650713,-84.392653
8171,212730,99973076,CROWN RD SE @ 3900,33.649594,-84.392036
8172,212731,99973077,CONLEY RD @ OLD DIXIE RD,33.640317,-84.386771
8173,212732,99973078,CHURCH ST @ STEEPLECHASE LN,33.583478,-84.419294
8174,212733,99973079,CHURCH ST @ STEEPLECHASE LN,33.582968,-84.418838
8175,212734,99973080,CHURCH ST @ MCELROY DR,33.555896,-84.415401
8176,212735,99973081,CHURCH ST @ MCELROY DR,33.555726,-84.415346
8177,212736,99973082,CONLEY RD @ HENDRIX DR,33.639667,-84.373476
8178,212737,99973083,CONLEY RD @ TARA DR,33.638969,-84.371402
8179,212738,99973084,CONLEY RD @ SIERRA DR,33.639051,-84.368373
8180,212739,99973085,CONLEY RD @ JONESBORO RD,33.639844,-84.36165
8181,212740,99973086,CONLEY RD @ SWEETBRIAR LN,33.640057,-84.358995
8182,212741,99973087,CONLEY RD @ SCOTT DR,33.640684,-84.355814
8183,212742,99973088,CONLEY RD @ THURMAN RD,33.640774,-84.354338
8184,212743,99973089,MT ZION RD @ PARK PL,33.571302,-84.346069
8185,212744,99973090,MT ZION RD @ JONESBORO RD,33.571321,-84.341221
8186,212745,99973091,MT ZION RD @ SOUTHLAKE PKWY,33.571393,-84.338813
8187,212746,99973092,MT ZION RD @ CORPORATE CENTER DR,33.570086,-84.332663
8188,213507,99973093,SHANNON PKWY @ PORTSMOUTH DR,33.581556,-84.540139
8189,212747,99973094,MT ZION RD @ PAVILION TRC,33.567696,-84.329214
8190,212748,99973095,HAYNES BRIDGE RD @ CHAMPION PATH,34.073572,-84.291662
8191,212749,99973096,MT ZION RD @ MT ZION CIR,33.564992,-84.326514
8192,212750,99973097,MT ZION RD @ 1987,33.563542,-84.325136
8193,212751,99973098,MT ZION PKWY @ MT ZION BLVD,33.562199,-84.320733
8194,212752,99973099,MT ZION PKWY @ 2201,33.561554,-84.317621
8195,212754,99973101,RICHARDSON PKWY @ MT ZION BLVD,33.568089,-84.314898
8196,212755,99973102,MT ZION BLVD @ REX RD,33.592566,-84.302028
8197,212756,99973103,MT ZION BLVD @ SHELLEY LN,33.587355,-84.302138
8198,212757,99973104,MT ZION BLVD @ SOMERTON DR,33.584866,-84.302432
8199,212758,99973105,MT ZION BLVD @ LAKE HARBIN RD,33.582413,-84.303279
8200,212759,99973106,MT ZION BLVD @ W MEYER DR,33.579844,-84.303583
8201,212760,99973107,MT ZION BLVD @ SANDLEWOOD DR,33.577059,-84.303215
8202,212761,99973108,MT ZION BLVD @ GREEN MEADOWS LN,33.57397,-84.304799
8203,212762,99973109,MT ZION BLVD @ BAYWOOD CIR,33.572914,-84.306709
8204,212763,99973110,MT ZION BLVD @ MADDOX RD,33.571331,-84.309528
8205,212764,99973111,RICHARDSON PKWY @ MT ZION BLVD,33.567884,-84.314941
8206,212766,99973113,MT ZION BLVD @ BAYWOOD CIR,33.572968,-84.306416
8207,212767,99973114,MT ZION BLVD @ VESTA BROOK LN,33.574973,-84.303649
8208,212768,99973115,MT ZION BLVD @ MILL LAKE WAY,33.576952,-84.303085
8209,212769,99973116,MT ZION BLVD @ E MEYER DR,33.578877,-84.303507
8210,212770,99973117,MT ZION BLVD @ LAKE HARBIN RD,33.582082,-84.303289
8211,212771,99973118,MT ZION BLVD @ SOMERTON DR,33.584687,-84.302399
8212,212772,99973119,MT ZION BLVD @ SHELLEY LN,33.586862,-84.302073
8213,212773,99973120,MT ZION BLVD @ REX RD,33.593112,-84.301898
8214,212774,99973121,BOULDERCREST @ 3220,33.663964,-84.306497
8215,212775,99973122,BOULDERCREST RD @ FLOWERWOOD TRL,33.670749,-84.308065
8216,212776,99973123,BOULDERCREST RD @ OLD RIVER RD,33.674455,-84.308325
8217,212777,99973124,BOULDERCREST RD @ POWHATTAN RD,33.677015,-84.307542
8218,212778,99973125,BOULDERCREST RD @ SUGAR CREEK COVE,33.679056,-84.307694
8219,212779,99973126,BOULDERCREST RD @ SUGAR CREEK GOLF DR,33.681509,-84.308638
8220,212780,99973127,BOULDERCREST RD @ SUGAR CREEK GOLF DR,33.682064,-84.308953
8221,212781,99973128,BOULDERCREST RD @ SUGAR CREEK COVE,33.678671,-84.307726
8222,212782,99973129,BOULDERCREST RD @ BOULDER RIDGE PKWY,33.676827,-84.30777
8223,212783,99973130,BOULDERCREST RD @ BOULDER HILLS DR,33.673927,-84.308737
8224,212784,99973131,BOULDERCREST RD @ FLOWERWOOD TRL,33.670614,-84.308206
8225,212785,99973132,BOULDERCREST @ 3220,33.663578,-84.30659
8226,212786,99973133,BOULDERCREST RD @ CLARK ST,33.660847,-84.303137
8227,212787,99973134,MT ZION PKWY @ 2256,33.56141,-84.31645
8228,212788,99973135,MT ZION PKWY @ MT ZION BLVD,33.562037,-84.319497
8229,212789,99973136,MT ZION RD @ 2042,33.562557,-84.323564
8230,212790,99973137,MT ZION RD @ MT ZION CIR,33.565341,-84.326459
8231,212791,99973138,MT ZION RD @ PAVILION TRC,33.567374,-84.328401
8232,212792,99973139,MT ZION RD @ CORPORATE CENTER DR,33.570319,-84.332566
8233,212793,99973140,MT ZION RD @ SOUTHLAKE PKWY,33.571491,-84.339236
8234,212794,99973141,MT ZION RD @ JONESBORO RD,33.571392,-84.344073
8235,212795,99973142,MT ZION RD @ MERCHANTS WAY,33.571436,-84.34711
8236,212796,99973143,ATLANTA AVE SE @ BOULEVARD SE,33.730109,-84.368685
8237,212797,99973144,ATLANTA AVE SE @ BOULEVARD SE,33.730216,-84.369032
8238,212798,99973145,ATLANTA AVE SE @ MARION AVE SE,33.730361,-84.365479
8239,212799,99973146,ATLANTA AVE SE @ MARION AVE SE,33.730433,-84.365544
8240,212800,99973147,EASTLAND RD SE @ YOUNG ST SE,33.718722,-84.334971
8241,212801,99973148,EASTLAND RD SE @ BOULDERCREST RD SE,33.718722,-84.330852
8242,212802,99973149,EASTLAND RD SE @ BOULDERCREST RD SE,33.718606,-84.330287
8243,212803,99973150,HENRY THOMAS DR SE @ THOMASVILLE BLVD SE,33.703698,-84.355752
8244,212804,99973151,KIPLING ST SE @ HENRY THOMAS DR SE,33.702866,-84.352558
8245,212805,99973152,ISA DR SE @ KIPLING ST SE,33.7007,-84.350645
8246,212806,99973153,STONEWALL DR SE @ OHARA PL SE,33.691595,-84.356812
8247,212807,99973154,VALLEY VIEW RD SE @ LEILA LN SE,33.690709,-84.355128
8248,212808,99973155,VALLEY VIEW RD SE @ REGIS RD SE,33.69122,-84.350892
8249,212809,99973156,SR 138 @ DEVONSHIRE DR,33.537162,-84.377597
8250,212810,99973157,MORELAND AVE SE @ WOODSTOCK RD SE,33.690075,-84.349229
8251,212811,99973158,MORELAND AVE SE @ CONSTITUTION RD SE,33.693252,-84.349545
8252,212812,99973159,W BROAD ST @ SENOIA RD,33.563039,-84.584636
8253,212813,99973160,FOREST PKWY @ BLALOCK INDUSTRIAL BLVD,33.616024,-84.404975
8254,212814,99973161,FOREST PKWY @ BLALOCK INDUSTRIAL BLVD,33.616045,-84.405724
8255,212815,99973162,POWERS FERRY RD NW @ MT VERNON HWY NW,33.909725,-84.412651
8256,212816,99973163,MT VERNON HWY NW @ POWERS FERRY RD NW,33.908973,-84.412116
8257,212817,99973164,LINECREST RD @ CATALPA WAY,33.652268,-84.239158
8258,212822,99973167,MT VERNON HWY NW @ GLEN ERROL RD NW,33.911269,-84.405136
8259,212823,99973168,MT VERNON HWY NW @ GLEN ERROL RD NW,33.911323,-84.404995
8260,212826,99973173,ANVIL BLOCK RD @ S PARK BLVD,33.633886,-84.291699
8261,212827,99973174,PANOLA RD @ 1737,33.740117,-84.168422
8262,212828,99973175,PANOLA RD @ 1737,33.739929,-84.168444
8263,212829,99973176,HARLAND RD SW @ EMERALD CT SW,33.751878,-84.482234
8264,212838,99973178,SR 138 @ RIVERVIEW PL,33.537618,-84.378096
8265,212836,99973179,CONLEY RD @ GILBERT RD,33.640882,-84.378047
8266,212837,99973180,CONLEY RD @ GILBERT RD,33.640837,-84.378524
8267,212833,99973181,TARA BLVD @ EDGEMOOR LN,33.577051,-84.37258
8268,212834,99973182,JONESBORO RD SE @ SAWTELL AVE SE,33.705005,-84.378503
8269,212835,99973183,JONESBORO RD SE @ CLAIRE DR SE,33.705077,-84.378688
8270,212830,99973184,OLD DIXE HWY @ 4099,33.644557,-84.390517
8271,213011,99973185,MEADOWLANE DR SW @ 2160,33.69677,-84.497354
8272,212831,99973186,OLD DIXE HWY @ 4099,33.644452,-84.390577
8273,212839,99973188,MEMORIAL DR @ 5582,33.80104,-84.209342
8274,213012,99973189,HARBIN RD @ 1333,33.719043,-84.483819
8275,212864,99973191,GRESHAM RD SE @ FLAT SHOALS RD SE,33.719169,-84.310293
8276,213320,99973193,PEACHTREE ST SW @ BROTHERTON TRANSPORTATION MALL,33.747644,-84.395891
8277,213319,99973194,PEACHTREE ST SW @ TRINITY AVE SW,33.749527,-84.393975
8278,212840,99973195,RICHARDSON PKWY @ MT ZION RD,33.560693,-84.3099
8279,212841,99973196,RICHARDSON PKWY @ MT ZION RD,33.560882,-84.309965
8280,212842,99973197,POSTON RD @ TARA BLVD,33.504708,-84.353702
8281,212845,99973199,PANTHERSVILLE RD @ JAGUAR DR,33.667644,-84.279744
8282,212846,99973200,TARRAGON WAY SW @ ALEX WAY SW,33.74994,-84.520647
8283,212847,99973201,TARRAGON WAY SW @ 454,33.75085,-84.516953
8284,212848,99973202,FAIRLANE DR NW @ 3565,33.766803,-84.504303
8285,212850,99973205,BAILEY ST SE @ WOODSTOCK RD SE,33.687909,-84.347143
8286,212857,99973206,BAILEY ST SE @ FAYETTEVILLE RD SE,33.687909,-84.347013
8287,213014,99973207,CHUPP RD @ LITHONIA INDUSTRIAL BLVD,33.706626,-84.129696
8288,212851,99973208,RIVERDALE RD @ 6045,33.590329,-84.426983
8289,212852,99973209,MAYNARD H JACKSON JR BLVD @ S LOOP RD,33.640933,-84.4054
8290,213151,99973211,LAKE MIRROR RD @ LAKE MIRROR PL,33.627455,-84.394878
8291,213048,99973212,ESTES DR @ NW BROAD ST,33.571791,-84.572253
8292,213013,99973213,LANDRUM DR SW @ CHILDRESS DR SW,33.706461,-84.487651
8293,213391,99973214,CENTRE PKWY @ 1100,33.65326,-84.51363
8294,212853,99973215,PANOLA RD @ ROCKMOOR DR,33.751776,-84.165376
8295,212854,99973216,PANOLA RD @ ROCKMOOR DR,33.751777,-84.165572
8296,212855,99973217,PANOLA RD @ 1305,33.754632,-84.16549
8297,212856,99973218,FAIRINGTON PKWY @ NORFAIR LOOP,33.697794,-84.155633
8298,212858,99973219,MEMORIAL DR @ 5615,33.800771,-84.208972
8299,212859,99973220,LOVEJOY RD @ S GLEN ST,33.441434,-84.334372
8300,213158,99973221,BRAVES DR @ FALCON DR,33.625173,-84.395868
8301,212860,99973222,BOULDERCREST RD @ NORTHRIDGE TRL,33.637261,-84.283008
8302,212861,99973223,SYLVAN RD @ POPLAR ST,33.675233,-84.418894
8303,212862,99973224,S HAIRSTON RD @ 592,33.780633,-84.193233
8304,212863,99973225,S HAIRSTON RD @ 615,33.780401,-84.193462
8305,212887,99973226,TARA BLVD @ 8425,33.524193,-84.36357
8306,212866,99973229,FOREST PKWY @ 1193,33.614702,-84.35047
8307,212877,99973230,N AVONDALE RD @ N CLARENDON AVE,33.776299,-84.267154
8308,212868,99973231,GLENDALE DR @ GREEN FORREST DR,33.721633,-84.263424
8309,212869,99973232,GLENDALE DR @ 2255,33.723208,-84.263466
8310,212870,99973233,GLENDALE DR @ GLENDALE CT,33.724569,-84.263498
8311,212871,99973234,GLENDALE DR @ 2153,33.72661,-84.263409
8312,212872,99973235,GLENDALE DR @ 2095,33.728517,-84.263418
8313,212888,99973236,BOULDERCREST RD @ PALISADE POINT DR,33.645873,-84.281613
8314,212889,99973237,BOULDERCREST RD @ IVY TRACE LN,33.645819,-84.281722
8315,212876,99973241,WEST PARK PL @ WESTPARK DR,33.735991,-84.565001
8316,212878,99973242,DEERFIELD PKWY @ AVENSONG XING,34.105822,-84.266494
8317,212879,99973243,DEERFIELD PKWY @ AVENSONG XING,34.105598,-84.265861
8318,212880,99973244,DEERFIELD PKWY @ WHITSHIRE WAY,34.100748,-84.26533
8319,212881,99973245,DEERFIELD PKWY @ N PARK LN,34.100471,-84.264631
8320,212882,99973246,SR 9 @ WEBB RD,34.098568,-84.27126
8321,212883,99973247,SR 9 @ WEBB RD,34.098389,-84.271545
8322,212884,99973248,HAYNES BRIDGE RD @ OLD MILTON PKWY,34.069596,-84.29346
8323,212885,99973249,HAYNES BRIDGE RD @ TIFFANY SQ,34.073667,-84.290926
8324,212886,99973250,OLD MILTON PKWY @ HAYNES BRIDGE RD,34.070921,-84.295185
8325,212890,99973251,CLAIRMONT RD @ 1751,33.803979,-84.310636
8326,212891,99973252,CONSTITUTION RD SE @ 1224,33.68919,-84.341061
8327,212892,99973253,CONSTITUTION RD SE @ 1224,33.688912,-84.341082
8328,212894,99973255,S WESTPARK DR @ 4125,33.734733,-84.562595
8329,212895,99973256,S WESTPARK DR @ GWALTNEY DR,33.734941,-84.557433
8330,212896,99973257,GRESHAM RD SE @ WELLAND AVE SE,33.713431,-84.310566
8331,213390,99973259,CENTRE PKWY @ 1500,33.652179,-84.51328
8332,212898,99973260,GRESHAM RD SE @ WELLAND AVE SE,33.713646,-84.310435
8333,213330,99973261,TURNER RD SE @ ISA DR SE,33.700654,-84.354947
8334,212899,99973262,MCAFEE RD @ GLENDALE DR,33.731524,-84.263557
8335,212901,99973264,CAMP DR @ STONEWALL TELL RD,33.600318,-84.549276
8336,212902,99973265,PARK AVE @ 3725,33.900584,-84.278378
8337,212903,99973266,BUFORD HWY @ 5000,33.887235,-84.287469
8338,213355,99973268,CENTRA VILLA DR @ W CEDAR LN,33.713297,-84.454068
8339,212904,99973269,COMMERCE DR @ CHURCH ST,33.777858,-84.295199
8340,212905,99973270,OLD MILTON PKWY @ GARDNER DR,34.069361,-84.284805
8341,212906,99973271,OLD MILTON PKWY @ PARK ST,34.069809,-84.285066
8342,212907,99973272,BELVEDERE LN @ SAN GABRIEL AVE,33.750128,-84.268782
8343,212908,99973273,BUFORD HWY NE @ 4061,33.86168,-84.307904
8344,213067,99973274,BROWNLEE RD NW @ DELMAR LN NW,33.756499,-84.49967
8345,213072,99973275,NORTHSIDE DR NW @ 10TH ST NW,33.781825,-84.407667
8346,212909,99973276,TARA BLVD @ SILVERSTONE DR,33.491677,-84.342158
8347,212910,99973277,TARA BLVD @ BETTY TALMADGE AVE,33.49251,-84.341996
8348,212911,99973278,TARA BLVD @ AMERICAN LEGION WAY,33.496423,-84.343882
8349,212912,99973279,TARA BLVD @ WINDING WAY LN,33.497076,-84.344933
8350,212913,99973280,NATHAN RD @ 181,33.75236,-84.501737
8351,212914,99973281,BOULDERCREST RD @ NORTHRIDGE TRL,33.637288,-84.283192
8352,213509,99973282,SHANNON PKWY @ SHANNON BLVD,33.57915,-84.540123
8353,212915,99973283,PEYTON PL @ MARTIN L KING JR DR,33.75399,-84.476291
8354,212916,99973284,BROWNLEE RD SW @ BROWNLEE PL,33.754948,-84.500906
8355,212918,99973286,RIVERDALE RD @ 6030,33.591072,-84.427635
8356,212919,99973287,NORTHLAKE PKWY @ LAWRENCEVILLE HWY,33.838531,-84.238333
8357,212920,99973288,NORTHLAKE PKWY @ LAKESIDE PKWY,33.839965,-84.241172
8358,212921,99973289,NORTHLAKE PKWY @ ROBINHILL DR,33.839912,-84.241477
8359,212922,99973290,NORTHLAKE PKWY @ LAWRENCEVILLE HWY,33.838388,-84.238649
8360,212923,99973292,JOSEPH E BOONE BLVD NW @ NEW JERSEY AVE NW,33.763663,-84.456261
8361,212924,99973293,JOSEPH E BOONE BLVD NW @ 2125,33.764503,-84.45748
8362,212925,99973294,JOSEPH E BOONE BLVD NW @  HAMILTON E HOLMES DR NW,33.763657,-84.468666
8363,212926,99973295,JOSEPH E BOONE BLVD NW @ 2150,33.763636,-84.456826
8364,212934,99973303,WESTVIEW PL SW @ MIMS ST SW,33.748872,-84.434614
8365,212935,99973304,MIMS ST SW @ MATHEWSON PL SW,33.749667,-84.436366
8366,212936,99973305,WESTVIEW PL SW @ MIMS ST SW,33.749176,-84.434691
8367,212937,99973306,TATNALL ST @ MARTIN L KING JR DR,33.754507,-84.407248
8368,212938,99973307,TATNALL ST @ WALNUT ST,33.754069,-84.406976
8369,212939,99973308,MITCHELL ST @ NORTHSIDE DR,33.753803,-84.403127
8370,212941,99973310,MONTREAL RD @ MONTREAL CIR S,33.826926,-84.256932
8371,212945,99973314,MAIN ST @ JOHN CALVIN AVE,33.658178,-84.448169
8372,212947,99973316,CENTRE PKWY @ 3000,33.651479,-84.511124
8373,212948,99973317,MAIN ST @ JOHN WESLEY AVE,33.651632,-84.449733
8374,212949,99973318,MAIN ST @ HARVARD AVE,33.653737,-84.449334
8375,212950,99973319,MAIN ST @ 3647,33.65598,-84.449098
8376,212951,99973320,BOULDERCREST RD @ BOULDER SPRING POINT,33.649553,-84.283783
8377,212952,99973321,BOULDERCREST RD @ BOULDER SPRING POINT,33.649284,-84.283826
8378,212953,99973322,CARRIAGE LN @ OCEAN VALLEY RD,33.59179,-84.481468
8379,212954,99973323,BRANNEN RD @ DIANNE CT,33.715473,-84.32342
8380,212957,99973324,CLARK HOWELL HWY @ OLD CLARK HOWELL HWY,33.62202,-84.408457
8381,212955,99973325,CLARK HOWELL HWY @ AZAR PL,33.626217,-84.409284
8382,212956,99973326,CLARK HOWELL HWY @ CORDELL DR,33.625322,-84.409153
8383,212958,99973327,CLARK HOWELL HWY @ OLD CLARK HOWELL HWY,33.622798,-84.408564
8384,212959,99973328,N DECATUR RD @ CHURCH ST,33.792132,-84.285828
8385,212960,99973329,FAIRINGTON RD @ 5425,33.702726,-84.167895
8386,212961,99973330,GRESHAM RD SE @ FLINTWOOD DR SE,33.709635,-84.308371
8387,212962,99973331,FLAGSTONE DR SE @ FLINTWOOD DR SE,33.710343,-84.315434
8388,212963,99973332,BOULDERVIEW DR SE @ GRESHAM RD SE,33.706646,-84.308263
8389,212964,99973333,CLIFTON SPRINGS RD @ PINE SPRINGS MNR,33.691969,-84.288996
8390,212965,99973334,CLAIRMONT RD NE @ 3018,33.848942,-84.315575
8391,212966,99973335,CLIFTON CHURCH RD SE @ MEADOWVIEW DR SE,33.699787,-84.300888
8392,212967,99973336,BOULDERVIEW DR SE @ 1895,33.703961,-84.312642
8393,212968,99973337,ROLLINGWOOD LN SE @ 2679,33.708419,-84.31325
8394,212969,99973338,ROLLINGWOOD LN SE @ 2725,33.70713,-84.31513
8395,212970,99973339,ROLLINGWOOD LN SE @ 2787,33.705626,-84.315728
8396,212971,99973340,EDGEWOOD AVE @ JESSE HILL JR DR,33.754451,-84.380722
8397,212972,99973342,HORSE SHOE DR SE @ WEE KIRK RD SE,33.699798,-84.310014
8398,212973,99973343,GRESHAM RD SE @ FLINTWOOD DR SE,33.709788,-84.308339
8399,212975,99973344,HAYNES BRIDGE RD @ 11405,34.059493,-84.28851
8400,212976,99973345,WINDWARD PKWY @ WESTFIELD DR,34.09033,-84.275426
8401,212977,99973346,E TRINITY PL @ CHURCH ST,33.772769,-84.295058
8402,212978,99973347,FAIRINGTON RD @ 5445,33.703,-84.167249
8403,212979,99973348,JONESBORO RD @ REX RD,33.604022,-84.34072
8404,212980,99973349,JONESBORO RD @ LAKELAND CIR,33.602353,-84.340123
8405,212982,99973350,HENDERSON MILL RD @ LAVISTA RD,33.846249,-84.25563
8406,212983,99973351,MEMORIAL DR @ 4203,33.771232,-84.250064
8407,212984,99973352,DEFOORS FERRY RD @ WARREN CT,33.821757,-84.444107
8408,212985,99973353,DEFOORS FERRY RD @ WARREN CT,33.821962,-84.444281
8409,212986,99973354,JOHNSON FERRY RD @ HAMPTON HALL WAY,33.894248,-84.337639
8410,212987,99973355,JOHNSON FERRY RD NE @ HAMPTON HALL WAY NE,33.894105,-84.337661
8411,212989,99973357,CLIFTON SPRINGS RD @ CLIFTON SPRINGS WAY,33.699089,-84.298727
8412,212990,99973358,CARVER DR @ SEWANEE AVE,33.760046,-84.464996
8413,212991,99973359,VERBENA CIR @ GAS LIGHT LN,33.758209,-84.466406
8414,212992,99973360,VERBENA CIR @ SEWANEE AVE,33.755587,-84.465803
8415,212993,99973361,SEWANEE AVE @ 131,33.757781,-84.465003
8416,212994,99973362,W HOWARD AVE @ ADAIR ST,33.766811,-84.306573
8417,212995,99973363,W HOWARD AVE @ DREXEL AVE,33.766127,-84.308849
8418,212996,99973364,W HOWARD AVE @ PADEN CIR,33.7655,-84.312426
8419,212997,99973365,W HOWARD AVE @ PADEN CIR,33.765361,-84.312222
8420,212998,99973366,E LAKE RD @ PADEN CIR,33.766512,-84.312187
8421,212999,99973367,E LAKE DR @ PADEN CIR,33.766225,-84.311828
8422,213000,99973368,E LAKE RD @ RIDGECREST RD,33.76756,-84.317079
8423,213001,99973369,E LAKE RD @ RIDGECREST RD,33.767542,-84.316873
8424,213002,99973370,E LAKE RD @ 2086,33.769636,-84.319287
8425,213003,99973371,E LAKE RD @ 2085,33.769502,-84.31933
8426,213005,99973373,HOWELL MILL RD NW @ WESLEY DR NW,33.822955,-84.415883
8427,213007,99973375,WILSON MILL RD SW @ WILDWOOD LAKE DR SW,33.744906,-84.517123
8428,213008,99973376,CORNELL BLVD SW @ DARTMOUTH DR SW,33.75905,-84.516517
8429,213010,99973378,LYNHURST DR SW @ LYNWAY LN SW,33.721866,-84.487933
8430,213015,99973379,N MAIN ST @ NORTH AVE,33.52863,-84.354508
8431,213016,99973380,N MAIN ST @ NORTH AVE,33.52923,-84.354363
8432,213017,99973381,N MAIN ST @ SPRING ST,33.525623,-84.354473
8433,213018,99973382,SPRING ST @ N MAIN ST,33.524974,-84.354774
8434,213020,99973384,LEE ST @ SPRING ST,33.523803,-84.356985
8435,213021,99973385,SMITH ST @ LEE ST,33.522587,-84.358822
8436,213022,99973386,SMITH ST @ LEE ST,33.522527,-84.358093
8437,213023,99973387,SMITH ST @ FAYETTEVILLE RD,33.522498,-84.36201
8438,213024,99973388,SMITH ST @ FAYETTEVILLE RD,33.522427,-84.361743
8439,213028,99973390,BOULEVARD NE @ PONCE DE LEON AVE,33.77336,-84.371134
8440,213516,99973391,S FULTON PKWY @ MAJESTIC PL,33.619354,-84.533605
8441,213029,99973392,CHUPP RD @ LITHONIA INDUSTRIAL BLVD,33.706508,-84.129799
8442,213033,99973393,HOLLYWOOD RD @ BURTZ ST,33.80727,-84.471499
8443,213034,99973394,HOLLYWOOD RD @ BURTZ ST,33.807315,-84.471466
8444,213035,99973395,I-85 ACCESS RD SOUTH (N.E. EXPY) @ 3300 (BLDGS 1-4),33.873351,-84.277905
8445,213036,99973396,I-85 ACCESS RD SOUTH (N.E. EXPY) @ 3300 (BLDGS 6-9),33.875373,-84.276183
8446,213037,99973397,MARIETTA ST @ CENTENNIAL OLYMPIC PARK DR,33.757864,-84.393433
8447,213038,99973398,JOSEPH E BOONE BLVD @ 2015,33.763962,-84.452934
8448,213039,99973399,BOULDERCREST RD @ JONES RD,33.617853,-84.285254
8449,213040,99973400,N PEACHTREE RD @ BARCLAY DR,33.933845,-84.294736
8450,213042,99973402,S CANDLER ST @ E COLLEGE AVE,33.770232,-84.29269
8451,213044,99973403,JACKSON ST @ EDGEWOOD AVE,33.75457,-84.374438
8452,213045,99973404,SOUTH DEKALB MALL (MACY'S),33.709571,-84.27319
8453,213046,99973405,SOUTH DEKALB MALL (PICADILLY),33.708219,-84.273137
8454,213047,99973406,COLUMBIA DR @ 2067,33.729172,-84.252202
8455,213049,99973407,N DRUID HILL RD @ MERRY LN NE,33.819374,-84.313495
8456,213050,99973408,N DRUID HILL RD @ FAMA DR NE,33.820457,-84.314093
8457,213496,99973410,OAKLEY RD @ SHANNON BLVD,33.580214,-84.530436
8458,213508,99973411,SHANNON PKWY @ SHANNON BLVD,33.579349,-84.540354
8459,213052,99973412,MACON DR @ CLEVELAND AVE,33.681296,-84.388816
8460,213053,99973413,JONESBORO RD @ OLD JONESBORO RD (W),33.555859,-84.50235
8461,213358,99973414,CENTRA VILLA DR SW @ CAMPBELLTON RD SW,33.707352,-84.455677
8462,213113,99973416,MT VERNON HWY @ HEARDS FERRY RD NW,33.916438,-84.397603
8463,213121,99973417,N ROYAL ATLANTA DR @ COMMERCE PL,33.858431,-84.183796
8464,213054,99973418,N HIGHLAND AVE NE @ PONCE DE LEON AVE NE,33.773411,-84.352594
8465,213068,99973431,FLAT SHOALS AVE @ CLOVERDALE DR,33.731988,-84.337918
8466,213255,99973432,HUGH HOWELL RD @ FLINTSTONE DR,33.849186,-84.195175
8467,213494,99973433,OAKLEY RD @ CREST WAY,33.582022,-84.530392
8468,213069,99973434,NORTHSIDE DR NW @ IVAN ALLEN JR BLVD NW,33.763855,-84.403039
8469,213070,99973435,NORTHSIDE DR NW @ JOSEPH E BOONE BLVD NW,33.763022,-84.402843
8470,213071,99973436,NORTHSIDE DR NW @ 10TH ST NW,33.782028,-84.407361
8471,213074,99973437,NORTHSIDE DR NW @ CAMERON M ALEXANDER BLVD NW,33.768053,-84.404708
8472,213075,99973438,NORTHSIDE DR NW @ CAMERON M ALEXANDER BLVD NW,33.767953,-84.404903
8473,213076,99973439,NORTHSIDE DR @ DONALD L HOLLOWELL PKWY,33.773115,-84.408659
8474,213078,99973441,NORTHSIDE DR NW @ MARIETTA ST NW,33.775443,-84.407477
8475,213079,99973442,NORTHSIDE DR NW @ MARIETTA ST NW,33.775792,-84.406988
8476,213080,99973443,NORTHSIDE DR NW @ 14TH ST NW,33.786488,-84.407369
8477,213081,99973444,NORTHSIDE DR NW @ 14TH ST NW,33.785674,-84.407509
8478,213082,99973445,NORTHSIDE DR NW @ HOKE ST,33.792261,-84.407799
8479,213083,99973446,NORTHSIDE DR SW @ MITCHELL ST SW,33.753767,-84.402736
8480,213084,99973447,W WHITEHALL ST SW @ OAK ST SW,33.740244,-84.412342
8481,213085,99973448,W WHITEHALL ST SW @ RALPH D ABERNATHY BLVD SW,33.738274,-84.412883
8482,213087,99973450,FAIRBURN RD SW @ MARTIN L KING JR DR,33.758676,-84.505611
8483,213088,99973451,FAIRBURN RD SW @ MARTIN L KING JR DR,33.758964,-84.505387
8484,213089,99973452,FAIRBURN RD SW @ KENNER DR SW,33.754968,-84.50557
8485,213090,99973453,FAIRBURN RD SW @ KENNER DR SW,33.755326,-84.50543
8486,213091,99973454,BEECHER ST @ S GORDON ST,33.733651,-84.44757
8487,213092,99973455,BENJAMIN E MAYS DR SW @ FLAMINGO DR SW,33.723058,-84.466538
8488,213093,99973456,BENJAMIN E MAYS DR SW @ WILLIS MILL RD SW,33.725433,-84.470802
8489,213094,99973457,BENJAMIN E MAYS DR SW @ VELTRE CIR SW,33.7278,-84.475263
8490,213095,99973458,BENJAMIN E MAYS DR SW @ BOB WHITE DR SW,33.728894,-84.480383
8491,213096,99973459,BENJAMIN E MAYS DR SW @ MOCKINGBIRD LN SW,33.730136,-84.48231
8492,213097,99973460,BENJAMIN E MAYS DR @ MOCKINGBIRD LN SW,33.730216,-84.482636
8493,213098,99973461,BENJAMIN E MAYS DR SW @ TUCKWANNA DR SW,33.731778,-84.485639
8494,213099,99973462,BENJAMIN E MAYS DR SW @ LYNHURST DR SW,33.733304,-84.489326
8495,213100,99973463,JOSEPH E BOONE BLVD @ 2275,33.763514,-84.461588
8496,213101,99973464,JOSEPH E BOONE BLVD @ 2275,33.76333,-84.4627
8497,213515,99973465,S FULTON PKWY @ MAJESTIC PL,33.619579,-84.533085
8498,213103,99973467,CENTER ST @ MENEFEE ST,33.518805,-84.66931
8499,213495,99973468,OAKLEY RD @ SHANNON BLVD,33.579569,-84.530586
8500,213497,99973469,OAKLEY RD @ MALL BLVD,33.574847,-84.530361
8501,213511,99973470,SHANNON PKWY @ RESURRECTION WAY,33.5729,-84.539292
8502,213447,99973473,N COMMERCE DR @ 4200,33.641769,-84.500388
8503,213491,99973474,OAKLEY RD @ 6295,33.584372,-84.531792
8504,213104,99973475,EDGEWOOD AVE @ HILLIARD ST,33.754435,-84.376895
8505,213105,99973476,GRANT ST @ MLK JR DR,33.7474,-84.376564
8506,213443,99973477,N COMMERCE DR @ 4909,33.634268,-84.498865
8507,213328,99973478,CUSTER AVE SE @ KNOB HILL CT SE,33.716624,-84.355246
8508,213360,99973479,ALABAMA ST @ BROAD ST (FIVE POINTS STATION),33.753479,-84.391745
8509,213106,99973480,MT VERNON HWY @ HEARDS FERRY RD NW,33.916465,-84.397287
8510,213107,99973481,HAYNES BRIDGE RD @ THOMPSON ST,34.071806,-84.293318
8511,213108,99973482,BRIARCLIFF RD @ HENDERSON MILL RD,33.848119,-84.255596
8512,213445,99973484,N COMMERCE DR @ 4800,33.637458,-84.4992
8513,213110,99973485,ARTS CENTER WAY @ 15TH ST (ARTS CENTER STN - UPPER ENTRANCE),33.789213,-84.386402
8514,213111,99973486,NORTHSIDE DR @ ETHEL ST,33.784492,-84.407399
8515,213112,99973487,NORTHSIDE DR @ 610,33.771353,-84.406222
8516,213318,99973489,PEACHTREE ST SW @ TRINITY AVE SW,33.749673,-84.394135
8517,213490,99973491,FLAT SHOALS RD @ ABERCORN ST,33.584886,-84.537483
8518,213273,99973493,DELOWE DR SW @ ALISON CT,33.701307,-84.457286
8519,213114,99973494,FAIRBURN RD @ 38,33.757224,-84.505438
8520,213510,99973495,SHANNON PKWY @ RESURRECTION WAY,33.57314,-84.539421
8521,213122,99973499,DEFOORS FERRY RD @ HYDE MANOR DR,33.820395,-84.436064
8522,213123,99973500,DEFOORS FERRY RD @ HYDE MANOR DR,33.820137,-84.435149
8523,213124,99973501,ALPHARETTA PKWY @ DEERFIELD PKWY,34.105573,-84.269596
8524,213125,99973502,ALPHARETTA HWY @ DEERFIELD PKWY,34.105609,-84.26965
8525,213126,99973504,MARTIN L KING JR DR @ HARWELL RD,33.752632,-84.493193
8526,213127,99973505,MARTIN L KING JR DR @ HARWELL RD,33.752525,-84.493041
8527,213128,99973506,POWERS FERRY RD @ RAIDER DR,33.91469,-84.414018
8528,213129,99973507,POWERS FERRY RD @ RAIDER DR,33.915151,-84.414711
8529,213130,99973508,CLARK HOWELL HWY @ LAKE MIRROR RD,33.627954,-84.409796
8530,213131,99973509,CLARK HOWELL HWY @ LAKE MIRROR RD,33.628213,-84.409775
8531,213132,99973510,LAKE MIRROR RD @ NEW TRADE CENTER DR,33.628266,-84.41187
8532,213133,99973511,DOLLAR MILL RD @ BOULDER PARK DR,33.745962,-84.527964
8533,213137,99973512,S ROYAL ATLANTA DR @ 5007,33.855867,-84.183603
8534,213138,99973513,S ROYAL ATLANTA DR @ 5087,33.85563,-84.180012
8535,213139,99973514,N ROYAL ATLANTA DR @ S ROYAL ATLANTA DR,33.857264,-84.177668
8536,213140,99973515,N ROYAL ATLANTA DR @ 5060,33.858181,-84.180214
8537,213141,99973516,N ROYAL ATLANTA DR @ N ROYAL PL,33.858545,-84.185863
8538,213142,99973517,FLINTSTONE DR @ 2146,33.846697,-84.194482
8539,213143,99973518,GRANITE DR @ 4701,33.845357,-84.197075
8540,213144,99973519,GRANITE DR @ MOUNTAINDUSTRIAL BLVD,33.845326,-84.200678
8541,213147,99973522,LAKE MIRROR RD @ 62,33.627403,-84.389295
8542,213148,99973523,LAKE MIRROR RD @ 62,33.627332,-84.38918
8543,213149,99973524,RN MARTIN ST @ HOLLAND CT,33.674938,-84.438019
8544,213150,99973525,RN MARTIN ST @ HOLCOMB AVE,33.673041,-84.437104
8545,213152,99973526,S MARTIN ST @ BAYARD ST,33.671067,-84.43216
8546,213153,99973527,S MARTIN ST @ 3125,33.670102,-84.430986
8547,213154,99973528,BOBBY BROWN PKWY @ CAMBRIDGE AVE,33.662476,-84.429585
8548,213157,99973529,PERRY J HUDSON PKWY @ RAINEY AVE,33.657678,-84.418645
8549,213159,99973530,N INNER LOOP RD @ UNION AVE,33.65277,-84.409074
8550,213160,99973531,N OUTER LOOP RD @ RAINEY AVE,33.657884,-84.418624
8551,213161,99973532,BOBBY BROWN PKWY @ CAMBRIDGE AVE,33.662252,-84.42952
8552,213162,99973533,NORMAN BERRY DR @ WILLIGHAM DR,33.665852,-84.428309
8553,213163,99973534,S MARTIN ST @ NORMAN BERRY DR,33.669397,-84.428454
8554,213164,99973535,S MARTIN ST @ 3125,33.670021,-84.430551
8555,213165,99973536,S MARTIN ST @ BAYARD ST,33.671309,-84.432258
8556,213166,99973537,RN MARTIN ST @ RANDALL ST,33.672158,-84.433997
8557,213167,99973538,RN MARTIN ST @ HOLCOMB AVE,33.673095,-84.43706
8558,213168,99973539,RN MARTIN ST @ HOLLAND CT,33.67509,-84.437954
8559,213169,99973540,BATTLE CREEK RD @ OLD MORROW RD,33.553163,-84.346606
8560,213170,99973541,BATTLE CREEK RD @ OLD MORROW RD,33.553353,-84.346252
8561,213171,99973542,SOUTHLAKE PKWY @ BATTLE CREEK RD,33.553162,-84.339997
8562,213172,99973543,SOUTHLAKE PKWY @ BATTLE CREEK RD,33.553647,-84.339537
8563,213173,99973544,SOUTHLAKE PKWY @ APRIL LN,33.55651,-84.338727
8564,213174,99973545,SOUTHLAKE PKWY @ MARQUIS WAY,33.555493,-84.338778
8565,213175,99973546,SOUTHLAKE PKWY @ 7188,33.558602,-84.338123
8566,213176,99973547,SOUTHLAKE PKWY @ 7139,33.560071,-84.33803
8567,213177,99973548,GREER CIR @ MOUNTAIN INDUSTRIAL BLVD,33.832033,-84.198925
8568,213178,99973549,GREER CIR @ ROADHAVEN DR,33.832503,-84.203038
8569,213180,99973550,SOUTHLAKE PKWY @ INDIAN LAKE DR,33.563052,-84.337513
8570,213179,99973551,GREER CIR @ 4478,33.832549,-84.204659
8571,213182,99973552,SOUTHLAKE PKWY @ CLARIDGE PARK DR,33.56216,-84.337525
8572,213181,99973553,SARR PKWY @ GREER CIR,33.834307,-84.20828
8573,213183,99973554,SARR PKWY @ 4401,33.834246,-84.21037
8574,213185,99973555,SOUTHLAKE PKWY @ SPRING LAKE DR,33.564607,-84.337163
8575,213184,99973556,SARR PKWY @ IDLEWOOD RD,33.833937,-84.213787
8576,213187,99973557,SOUTHLAKE PKWY @ BARTON RD,33.567518,-84.337587
8577,213186,99973558,IDLEWOOD RD @ IDLEWOOD LN,33.835896,-84.213306
8578,213189,99973559,SOUTHLAKE PKWY @ NOLAN CT,33.567792,-84.33743
8579,213188,99973560,IDLEWOOD RD @ BROWNING CHASE DR,33.837919,-84.213303
8580,213190,99973561,IDLEWOOD RD @ ELMDALE RD,33.840953,-84.213288
8581,213191,99973562,IDLEWOOD RD @ GLYNBROOK DR,33.843083,-84.213241
8582,213192,99973563,IDLEWOOD RD @ 2115,33.845875,-84.213248
8583,213194,99973564,SOUTHLAKE PKWY @ MT ZION RD,33.570638,-84.337928
8584,213193,99973565,IDLEWOOD RD @ LAWRENCEVILLE HWY,33.850404,-84.21334
8585,213196,99973566,SOUTHLAKE PKWY @ MT ZION RD,33.569388,-84.337768
8586,213195,99973567,HUGH HOWELL RD @ LAWRENCEVILLE HWY,33.851859,-84.208886
8587,213197,99973568,HUGH HOWELL RD @ COWAN RD,33.850693,-84.20708
8588,213198,99973569,HUGH HOWELL RD @ TUCKER INDUSTRIAL RD,33.849034,-84.203328
8589,213200,99973570,SOUTHLAKE PKWY @ 1533,33.573237,-84.338693
8590,213201,99973571,MT ZION PKWY @ MT ZION RD,33.558572,-84.31388
8591,213202,99973572,SOUTHLAKE PKWY @ 1533,33.573253,-84.338282
8592,213203,99973573,CONVENTION CENTER CONCOURSE @ AIRPORT DR,33.648387,-84.462017
8593,213205,99973574,SOUTHLAKE PKWY @ S LEE ST,33.573598,-84.341378
8594,213204,99973575,MT ZION PKWY @ FIELDSTONE PKWY,33.553091,-84.30423
8595,213206,99973576,SOUTHLAKE PKWY @ S LEE ST,33.573309,-84.340901
8596,213207,99973577,MT ZION PKWY @ FIELDER RD,33.552732,-84.300966
8597,213199,99973578,HARPER DR @ JONESBORO RD,33.599488,-84.337345
8598,213208,99973579,N LAKE DR @ CLAYTON STATE BLVD,33.596507,-84.333985
8599,213209,99973580,MT ZION RD @ FIELDER RD,33.557128,-84.300835
8600,213210,99973581,MOUNTAIN INDUSTRIAL BLVD @ N ROYAL ATLANTA DR,33.858281,-84.188933
8601,213211,99973582,MT ZION RD @ FIELDER RD,33.556914,-84.300444
8602,213212,99973583,MT ZION PKWY @ FIELDER RD,33.552687,-84.300424
8603,213213,99973584,MT ZION PKWY @ CARRINGTON PARK,33.553207,-84.303582
8604,213215,99973585,MOUNTAIN INDUSTRIAL BLVD @ HUGH HOWELL RD,33.848244,-84.200967
8605,213216,99973587,MT ZION PKWY @ MT ZION RD,33.558187,-84.313631
8606,213218,99973588,MOUNTAIN INDUSTRIAL BLVD @ TUCKESTONE PKWY,33.856895,-84.197807
8607,213219,99973589,MOUNTAIN INDUSTRIAL BLVD @ GRANITE DR,33.845326,-84.201004
8608,213220,99973590,MOUNTAIN INDUSTRIAL BLVD @ HAMMERMILL RD (N),33.840475,-84.201012
8609,213221,99973592,RIVERDALE RD @ W FAYETTEVILLE RD,33.617944,-84.449581
8610,213223,99973593,MOUNTAIN INDUSTRIAL BLVD @ HUGH HOWELL RD,33.84878,-84.200846
8611,213224,99973594,RIVERDALE RD @ W FAYETTEVILLE RD,33.617667,-84.449288
8612,213225,99973595,MOUNTAIN INDUSTRIAL BLVD @ 2605,33.857221,-84.193278
8613,213226,99973596,CONVENTION CENTER CONCOURSE @ 2020,33.643641,-84.455517
8614,213227,99973597,CONVENTION CENTER CONCOURSE @ 2091,33.643372,-84.455625
8615,213217,99973598,S PARK BLVD @ 4712,33.624668,-84.291198
8616,213222,99973599,S PARK BLVD @ 4712,33.62465,-84.29135
8617,213230,99973600,S PARK BLVD @ 4644,33.627175,-84.292771
8618,213232,99973602,S PARK BLVD @ 4644,33.62704,-84.292966
8619,213235,99973604,S PARK BLVD @ 4500,33.631168,-84.293398
8620,213229,99973606,S PARK BLVD @ 4500,33.630675,-84.293811
8621,213236,99973607,NORTHSIDE PKWY @ 3295,33.844338,-84.425116
8622,213237,99973608,S PARK BLVD @ ANVIL BLOCK RD,33.633549,-84.292714
8623,213238,99973609,S PARK BLVD @ ANVIL BLOCK RD,33.633003,-84.293018
8624,213239,99973610,NORTHSIDE PKWY @ 3160,33.841571,-84.42103
8625,213240,99973612,PEACHTREE BATTLE AVE @ WOODWARD WAY,33.824259,-84.412046
8626,213242,99973613,PEACHTREE BATTLE AVE @ NORTHSIDE DR,33.8241,-84.408305
8627,213245,99973615,NORTHSIDE DR @ WESTOVER DR,33.825977,-84.407497
8628,213246,99973616,NORTHSIDE PKWY @ MOORES MILL RD,33.839972,-84.417126
8629,213247,99973617,MCDONOUGH RD @ BEL AIR BLVD,33.450409,-84.31532
8630,213243,99973618,E LOVEJOY RD @ MCDONOUGH RD,33.452269,-84.310917
8631,213248,99973619,E LOVEJOY RD @ BEL AIR BLVD,33.449108,-84.312878
8632,213249,99973620,E LOVEJOY RD @ HASTINGS BRIDGE RD,33.442124,-84.314795
8633,213250,99973621,HASTINGS BRIDGE RD @ GLEBE CT,33.439383,-84.315142
8634,213251,99973622,TALMADGE RD @ LOVEJOY RD,33.435981,-84.314471
8635,213252,99973623,TARA BLVD @ LOVEJOY RD,33.441121,-84.321855
8636,213253,99973624,TARA BLVD @ LOVEJOY RD,33.442411,-84.322007
8637,213254,99973625,TARA  BLVD @ 11360,33.444425,-84.323068
8638,213256,99973626,BENJAMIN E MAYS DR @ ORIOLE DR,33.726898,-84.473381
8639,213257,99973627,BENJAMIN E MAYS DR @ ORIOLE DR,33.726684,-84.472794
8640,213258,99973628,PIEDMONT AVE @ MONROE DR,33.795925,-84.370037
8641,213259,99973629,LAWRENCEVILLE HWY @ LYNBURN DR,33.854804,-84.209556
8642,213260,99973630,LAWRENCEVILLE HWY @ HUGH HOWELL RD,33.851959,-84.210431
8643,213261,99973631,KIMBERLY MILL RD @ VALLEY BEND RD,33.57725,-84.488359
8644,213517,99973633,JOSEPH E LOWERY BLVD @ CUNNINGHAM PL,33.743024,-84.417606
8645,213262,99973634,JONESBORO RD @ 4161,33.640817,-84.36198
8646,213263,99973635,JONESBORO RD @ 4161,33.64105,-84.361926
8647,213265,99973637,ELDER RD @ REDAN RD,33.763751,-84.228663
8648,213267,99973638,JOSEPH E BOONE BLVD @ SEWANEE AVE,33.763644,-84.464763
8649,213268,99973639,JOSEPH E BOONE BLVD @ SEWANEE AVE,33.76359,-84.465502
8650,213269,99973640,WASHINGTON ST @ CEMETERY ST,33.563381,-84.585826
8651,213271,99973642,DEFOORS FERRY RD @ CORONET WAY,33.820248,-84.449011
8652,213272,99973643,MOUNTAIN INDUSTRIAL BLVD @ HIRSCH DR,33.836841,-84.200789
8653,213444,99973645,N COMMERCE DR @ 4909,33.634223,-84.499003
8654,213375,99973646,MALDO DR NW @ ARGYLE DR NW,33.800096,-84.482265
8655,213274,99973647,E WASHINGTON AVE @ RN MARTIN ST,33.675619,-84.437498
8656,213275,99973648,E WASHINGTON AVE @ RN MARTIN ST,33.675645,-84.437922
8657,213276,99973649,E WASHINGTON AVE @ HARRIS ST,33.675746,-84.435696
8658,213277,99973650,E WASHINGTON AVE @ HARRIS ST,33.675844,-84.435544
8659,213278,99973651,E WASHINGTON AVE @ RANDALL ST,33.675739,-84.4336
8660,213279,99973652,CALHOUN AVE @ BAYARD ST,33.673386,-84.431511
8661,213280,99973653,CALHOUN AVE @ BAYARD ST,33.673494,-84.43175
8662,213281,99973654,CALHOUN AVE @ NORMAN BERRY DR,33.672612,-84.426526
8663,213282,99973655,HOLCOMB BRIDGE RD @ OLD ALABAMA RD,34.019914,-84.31689
8664,213283,99973656,HOLCOMB BRIDGE RD @ FOUTS RD,34.003383,-84.294153
8665,213285,99973658,SPALDING DR @ 7736,33.967612,-84.260308
8666,213286,99973659,HOLCOMB BRIDGE RD @ BARNWELL RD,33.985702,-84.269812
8667,213287,99973660,HOLCOMB BRIDGE RD @ FOUTS RD,34.003347,-84.292571
8668,213288,99973661,HOLCOMB BRIDGE RD @ OLD ALABAMA RD,34.020084,-84.31701
8669,213446,99973663,N COMMERCE DR @ 4800,33.637185,-84.49942
8670,213588,99973667,HILL ST SE @ MARTIN L KING JR DR,33.74747,-84.379608
8671,213324,99973668,MCDONOUGH BLVD SE @ GAULT ST SE,33.713906,-84.372272
8672,213298,99973669,HOLCOMB BRIDGE RD @ MARTINS LANDING DR,34.014867,-84.308655
8673,213296,99973670,HOLCOMB BRIDGE RD @ MARKET BLVD,34.020552,-84.319853
8674,213297,99973671,HOLCOMB BRIDGE RD @ HOLCOMB WOODS PKWY,34.017525,-84.31196
8675,213299,99973673,HOLCOMB BRIGE RD @ EVES RD,34.005084,-84.297522
8676,213300,99973674,HOLCOMB BRIDGE RD @ CHAMPIONS GREEN PKWY,33.999899,-84.284306
8677,213301,99973675,HOLCOMB BRIDGE RD @ 2720,33.993903,-84.281049
8678,213309,99973676,HOLCOMB BRIDGE RD @ 2701,33.994306,-84.28119
8679,213477,99973677,WASHINGTON RD @ HERSCHEL RD,33.662073,-84.471453
8680,213316,99973678,"PEACHTREE ST SW @ MARTIN L KING, JR DR",33.75192,-84.392075
8681,213317,99973679,PEACHTREE ST SW @ MITCHELL ST SW,33.75079,-84.393268
8682,213482,99973680,FLAT SHOALS RD @ 4300 (OPPOSITE),33.586753,-84.527803
8683,213498,99973681,MALL BLVD @ OAKLEY RD,33.57455,-84.531389
8684,213383,99973682,WELCOME ALL RD @ 4365,33.635405,-84.529414
8685,213483,99973683,FLAT SHOALS RD @ 4300,33.586628,-84.528464
8686,213382,99973684,WELCOME ALL RD @ 4365,33.635422,-84.529558
8687,213484,99973685,FLAT SHOALS RD @ MALLORY RDG,33.586695,-84.529985
8688,213486,99973686,FLAT SHOALS RD @ MALLORY RD,33.586619,-84.524753
8689,213485,99973688,FLAT SHOALS RD @ OAKLEY RD,33.586447,-84.531486
8690,213373,99973689,SHANNON PKWY @ LANCASTER LN,33.570761,-84.539411
8691,213293,99973690,BUTTON GWINNETT DR @ 4550,33.904151,-84.240254
8692,213294,99973691,AUSTIN DR @ COREY BLVD,33.743159,-84.23421
8693,213291,99973692,AUSTIN DR @ COREY BLVD,33.743195,-84.23408
8694,213331,99973694,AUSTIN DR @ REDWING CIR,33.750589,-84.233908
8695,213332,99973695,AUSTIN DR @ TOWERS WAY,33.74682,-84.234087
8696,213333,99973696,AUSTIN DR @ AUSTIN MEADOWS DR,33.74708,-84.234021
8697,213334,99973697,AUSTIN DR @ W AUSTIN RD,33.738254,-84.23426
8698,213336,99973698,AUSTIN DR @ GLENWOOD RD,33.737565,-84.234315
8699,213337,99973699,MALL PKWY @ TURNER HILL RD,33.691538,-84.089226
8700,213338,99973700,MALL PKWY @ TURNER HILL RD,33.691641,-84.08782
8701,213339,99973701,MALL PKWY @ 8455,33.694461,-84.083398
8702,213340,99973702,MALL PKWY @ 8424,33.69396,-84.08375
8703,213341,99973704,STONECREST PKWY E @ TURNER HILL RD,33.69714,-84.087282
8704,213342,99973705,STONECREST PKWY @ TURNER HILL RD,33.696984,-84.086989
8705,213343,99973706,LAKEWOOD AVE @ MCDONOUGH BLVD,33.717768,-84.381869
8706,213344,99973707,MELDON AVE @ PRYOR RD,33.712123,-84.393339
8707,213345,99973708,MELDON AVE @ TROUP ST,33.711507,-84.390231
8708,213346,99973709,TROUP ST @ MELDON AVE,33.711552,-84.390144
8709,213347,99973710,MOURY AVE SW @ MIDDLETON ST,33.712904,-84.389776
8710,213348,99973711,MOURY AVE @ THIRKELD,33.714407,-84.391407
8711,213349,99973712,RALPH D ABERNATHY BLVD @ COOPER ST,33.736925,-84.396785
8712,213350,99973713,RALPH DAVID ABERNATHY BLVD @ FORMWALT ST,33.736836,-84.395535
8713,213351,99973714,COVINGTON HWY @ SWIFT ST,33.70235,-84.094218
8714,213352,99973715,COVINGTON HWY @ 8034,33.702225,-84.093317
8715,213353,99973716,COVINGTON HWY @ CAGLE ST,33.703284,-84.103896
8716,213354,99973717,COVINGTON HWY @ CAGLE ST,33.703473,-84.104506
8717,213361,99973718,CENTRA VILLA DR @ HONEYSUCKLE LN,33.711309,-84.454717
8718,213362,99973719,LAWRENCEVILLE HWY @ 2712,33.824627,-84.259251
8719,213363,99973720,NORTH AVE @ JETAL PL,33.768442,-84.449049
8720,213364,99973721,BOULDERCREST DR @ PIPER CIR,33.725704,-84.332733
8721,213366,99973723,HUGH HOWELL RD @ 4647,33.848957,-84.198833
8722,213367,99973724,COVINGTON HWY @ LENOX AVE,33.732466,-84.198195
8723,213518,99973727,JOSEPH E LOWERY BLVD @ CUNNINGHAM PL,33.743427,-84.417498
8724,213372,99973728,COVINGTON HWY @ GLENHAVEN CIR,33.733772,-84.211158
8725,213374,99973730,SHANNON PKWY @ LANCASTER LN,33.570364,-84.539278
8726,213376,99973731,COVINGTON HWY @ KLONDIKE RD,33.70382,-84.107804
8727,213377,99973732,COVINGTON HWY @ AMANDA DR,33.704576,-84.110412
8728,213378,99973737,COVINGTON HWY @ REDWING CIR,33.755497,-84.236759
8729,213379,99973738,FAIRBURN RD @ 1075,33.725214,-84.510972
8730,213386,99973740,14TH ST NW @ HOWELL MILL RD NW,33.78585,-84.411349
8731,213512,99973741,STONECREST SQ @ 7846,33.700677,-84.100918
8732,213381,99973748,DERRICK INDUSTRIAL PKWY @  DERRICK INDUSTRIAL DR,33.626026,-84.578584
8733,213380,99973749,FOREST PKWY @ GA-85,33.61621,-84.401803
8734,213479,99973751,FLAT SHOALS RD @ FELDWOOD RD,33.585942,-84.515778
8735,213439,99973753,CENTRE PKWY @ 3000,33.651549,-84.511179
8736,213521,99973759,S FULTON PKWY @ STONEWALL TELL RD,33.618953,-84.560551
8737,213500,99973760,WASHINGTON RD @ ABBEY RD,33.664772,-84.467333
8738,213475,99973761,WASHINGTON RD @ ABBEY RD,33.664753,-84.467253
8739,213527,99973762,PIERCE DR @ PEACHTREE RD,33.890407,-84.302463
8740,213387,99973764,14TH ST NW @ HOWELL MILL RD NW,33.786069,-84.409045
8741,213388,99973765,JOSEPH E LOWERY BLVD NW @ W MARIETTA ST NW,33.782343,-84.417253
8742,213392,99973766,JOSEPH E LOWERY BLVD @ 841,33.779969,-84.417278
8743,213393,99973767,JOSEPH E LOWERY BLVD @ 841,33.779559,-84.417391
8744,213454,99973768,14TH ST @ SPRING ST,33.786562,-84.389402
8745,213456,99973769,SPRING ST @ 12TH ST,33.784289,-84.389248
8746,213396,99973770,FOX ST @ JOSEPH E LOWERY BLVD,33.772213,-84.417281
8747,213397,99973771,FOX ST @ PAINES AVE,33.772231,-84.414033
8748,213398,99973772,NORTHSIDE DR @ TRAVIS ST,33.772842,-84.40895
8749,213399,99973773,HARWELL RD @ DONALD L HOLLOWELL PKWY,33.785279,-84.491534
8750,213400,99973774,HARWELL RD @ SKIPPER DR,33.782504,-84.492857
8751,213401,99973775,LUCKIE ST @ HUNNICUTT ST,33.766544,-84.396083
8752,213402,99973776,LUCKIE ST @ HUNNICUTT ST,33.766705,-84.396159
8753,213403,99973777,LUCKIE ST @ MILLS ST,33.765085,-84.396093
8754,213404,99973778,LUCKIE ST @ IVAN ALLEN JR BLVD,33.764826,-84.396179
8755,213406,99973780,MITCHELL ST @ TED TURNER DR,33.752357,-84.395701
8756,213407,99973781,14TH ST @ NORTHSIDE DR,33.786175,-84.407521
8757,213408,99973782,W MARIETTA ST @ 800,33.780107,-84.414644
8758,213409,99973783,PERRY BLVD @ MOORE ST,33.804931,-84.467274
8759,213410,99973784,PERRY BLVD @ MOORE ST,33.804859,-84.467252
8760,213411,99973785,PEYTON RD @ JAMES JACKSON PKWY,33.807982,-84.474949
8761,213414,99973788,PEYTON PL @ PEYTON RD,33.74864,-84.473933
8762,213415,99973789,MOREHOUSE DR @ CROECUS AVE,33.761167,-84.455289
8763,213416,99973790,MOREHOUSE DR @  2007,33.761168,-84.453227
8764,213417,99973791,W MARIETTA ST @ 8TH ST,33.779754,-84.411766
8765,213418,99973792,W MARIETTA ST @ BRADY AVE,33.779786,-84.412298
8766,213419,99973793,W MARIETTA ST @ 887,33.782203,-84.416724
8767,213420,99973794,W MARIETTA ST @ 887,33.781715,-84.416523
8768,213421,99973795,MARIETTA BLVD @ HUFF RD,33.789237,-84.428482
8769,213422,99973796,CLOVIS CT @ CROFT PL,33.775157,-84.508444
8770,213423,99973797,BROWNTOWN RD @ REY ST,33.803631,-84.482349
8771,213424,99973798,BROWNTOWN RD @ BOLTON RD,33.804337,-84.48297
8772,213425,99973799,BROWNTOWN RD @ MALDO RD,33.802219,-84.480801
8773,213426,99973800,BROWNTOWN RD @ MALDO RD,33.802031,-84.480714
8774,213427,99973801,BROWNTOWN RD @ JAMES JACKSON PKWY,33.80202,-84.475786
8775,213428,99973802,ARGYLE DR @ CARDO DR,33.799293,-84.480099
8776,213429,99973803,BRIDGEPORT DR @ MARCO DR,33.798768,-84.477705
8777,213430,99973804,MARCO DR @ 1659,33.800447,-84.476478
8778,213431,99973805,COLLIER DR @ LINKWOOD RD,33.762983,-84.484572
8779,213432,99973806,FAIRBURN RD @ COLLIER DR,33.769038,-84.500101
8780,213433,99973807,COLLIER DR @ FAIRBURN RD,33.768922,-84.500133
8781,213434,99973808,COLLIER DR @ FEDORA WAY,33.76867,-84.506732
8782,213435,99973809,COLLIER DR @ CAMROSE WAY,33.768278,-84.505536
8783,213436,99973810,COLLIER DR @ BOLTON RD,33.769481999999996,-84.508615
8784,213437,99973811,FAIRBURN RD @ BOLTON RD,33.778598,-84.500122
8785,213438,99973812,N COMMERCE DR @ WASHINGTON RD,33.632712,-84.493678
8786,213440,99973813,FAIRBURN RD @ FAIRBURN PL,33.771876,-84.500063
8787,213441,99973814,FAIRBURN RD @ 574,33.770846,-84.500203
8788,213457,99973815,W PEACHTREE ST @ 12TH ST,33.784191,-84.387736
8789,213458,99973816,14TH ST @ W PEACHTREE ST,33.786706,-84.38838
8790,213459,99973817,14TH ST @ FOWLER ST,33.786685,-84.393165
8791,213460,99973818,14TH ST @ ATLANTIC DR,33.786208,-84.397537
8792,213461,99973819,14TH ST @ ATLANTIC DR,33.786137,-84.397808
8793,213462,99973820,14TH ST @ FOWLER ST,33.786497,-84.393361
8794,213465,99973823,ATLANTA S PKWY @ FOREST PKWY,33.617065,-84.413236
8795,213466,99973824,ATLANTA S PKWY @ FOREST PKWY,33.616563,-84.413343
8796,213467,99973825,ATLANTA S PKWY @ 760,33.61459,-84.410992
8797,213468,99973826,ATLANTA S PKWY @ 775,33.614841,-84.411049
8798,213469,99973827,ATLANTA S PKWY @ 650,33.612393,-84.409366
8799,213470,99973828,ATLANTA S PKWY @ 600,33.611788,-84.40866
8800,213471,99973829,ATLANTA S PKWY @ GA-85,33.612484,-84.403218
8801,213472,99973830,ATLANTA S PKWY @ GA-85,33.612594,-84.403598
8802,213474,99973832,MITCHELL ST @ MANGUM ST,33.753787,-84.399148
8803,213369,99973835,CHAPPELL RD @ JOSEPH E BOONE BLVD,33.763876,-84.432657
8804,213370,99973836,CHAPPELL RD @ JOSEPH E BOONE BLVD,33.763652,-84.432928
8805,213371,99973837,CHAPPELL RD @ MAYSON TURNER RD,33.765899,-84.432246
8806,213501,99973838,CHAPPELL RD @ WEST AVE,33.766078,-84.432355
8807,213502,99973839,NORTH AVE @ WOODLAWN AVE,33.767954,-84.43625
8808,213514,99973840,S FULTON PKWY @ MASON RD,33.619832,-84.54587
8809,213513,99973841,S FULTON PKWY @ HUNTER RD,33.619573,-84.545771
8810,213519,99973842,BOLTON RD @ ADKINS RD,33.772186,-84.507687
8811,213520,99973843,COVINGTON HWY @ WESLEY CHAPEL RD,33.734234,-84.213125
8812,213523,99973844,UPS DISTRIBUTION CENTER,33.788347,-84.504233
8813,213525,99973845,ANVILBLOCK RD @ BOULDERCREST RD,33.630735,-84.283684
8814,213526,99973846,BOAT ROCK BLVD @ FULTON IND BLVD,33.726029,-84.585031
8815,213535,99973847,ARMOUR DR @ 340,33.812865,-84.376618
8816,213663,99973849,MT VERNON HWY @ LAKE FORREST DR,33.922216,-84.387302
8817,213528,99973850,BROWNTOWN RD @ 2765,33.801439,-84.478506
8818,213529,99973870,LOVEJOY RD @ SUMMER CREEK DR,33.442696,-84.344367
8819,213530,99973871,MCDONOUGH RD @ JAMES MADISON DR,33.448249,-84.33133
8820,213536,99973872,CLAYTON DR NE @ ARMOUR DR NE,33.80698,-84.385611
8821,213531,99973873,PRYOR RD @ UNIVERSITY AVE,33.722972,-84.393294
8822,213532,99973874,N DRUID HILLS RD @ 3146,33.812687,-84.304161
8823,213533,99973875,14TH ST @ BARNES ST,33.78647,-84.394851
8824,213537,99973876,OTTLEY DR @ 255,33.811252,-84.378741
8825,213540,99973879,14TH ST @ BARNES ST,33.786407,-84.394731
8826,213541,99973880,PANTHERSVILLE RD @ RIVER RD,33.67365,-84.277601
8827,213542,99973881,RIVER RD @ RIVER LAKE SHORE,33.674485,-84.283726
8828,213543,99973882,RIVER RD @ DEER SPRING DR,33.67591,-84.29123
8829,213544,99973883,RIVER RD @ 2330,33.675286,-84.296252
8830,213545,99973884,RIVER RD @ TELSTAR DR,33.674025,-84.304459
8831,213546,99973885,RIVER RD @ BOULDERCREST RD,33.675484,-84.307412
8832,213547,99973886,BOULDERCREST RD @ CLARK ST,33.660659,-84.302909
8833,213548,99973887,BOULDERCREST RD @ CEDAR VALLEY LN,33.660533,-84.299576
8834,213549,99973888,BOULDERCREST RD @ CEDAR VALLEY LN,33.66047,-84.299739
8835,213550,99973889,BOULDERCREST RD @ LOVELESS DR,33.659448,-84.293354
8836,213551,99973890,BOULDERCREST RD @ LOVELESS DR,33.659502,-84.293192
8837,213552,99973891,BOULDERCREST RD @ BOULDERCREST PARK RD,33.658794,-84.289728
8838,213553,99973892,BOULDERCREST RD @ BOULDERCREST PARK DR,33.658838,-84.289565
8839,213554,99973893,BOULDERCREST RD @ PANTHERSVILLE RD,33.658372,-84.287307
8840,213555,99973894,ANVILBLOCK RD @ 3199,33.632377,-84.286317
8841,213668,99973895,SMITH ST @ N MAIN ST,33.522595,-84.35582
8842,213556,99973896,BOULEVARD SE @ HAMILTON AVE,33.726618,-84.368465
8843,213557,99973898,BOULEVARD SE @ ATLANTA AVE,33.730091,-84.368293
8844,213558,99973899,JACKSON ST @ HIGHLAND AVE,33.761239,-84.374214
8845,213559,99973901,PARKWAY DR @ HIGHLAND AVE,33.761463,-84.374301
8846,213560,99973902,PARKWAY DR @ RALPH MCGILL BLVD,33.763459,-84.373824
8847,213561,99973903,PARKWAY DR @ RALPH MCGILL BLVD,33.763414,-84.373944
8848,213562,99973904,GLEN IRIS DR @ ANGIER AVE,33.765986,-84.367715
8849,213563,99973905,GLEN IRIS DR @ ANGIER AVE,33.766084,-84.367791
8850,213564,99973906,GLEN IRIS DR @ DALLAS ST,33.767964,-84.367792
8851,213565,99973907,GLEN IRIS DR @ WINTON TER,33.768733,-84.367695
8852,213566,99973909,NORTH AVE @ GLEN IRIS DR,33.771105,-84.367946
8853,213568,99973910,PIEDMONT CIR @ PIEDMONT RD,33.811365,-84.366793
8854,213567,99973911,PIEDMONT AVE @ ROCK SPRINGS,33.805368,-84.367323
8855,213569,99973912,PIEDMONT RD @ N ROCK SPRINGS RD,33.805243,-84.367454
8856,213570,99973914,MICHAEL ST @ HOUSTON MILL RD,33.795873,-84.324616
8857,213571,99973915,SHALLOWFORD RD @ NEW PEACHTREE RD,33.898098,-84.28363
8858,213572,99973916,SHALLOWFORD RD @ 3548,33.892998,-84.286529
8859,213573,99973917,SHALLOWFORD RD @ BUFORD HWY,33.890564,-84.286084
8860,213575,99973918,BRIARCLIFF RD @ HENDERSON MILL RD,33.848997,-84.257239
8861,213576,99973919,RANCHWOOD DR @ WEEMS RD,33.845423,-84.251125
8862,213577,99973920,BRIARCLIFF RD @ LAVISTA RD,33.84674,-84.253693
8863,213578,99973921,EXECUTIVE PARK DR @ N DRUID HILL RD,33.830079,-84.33431
8864,213579,99973922,EXECUTIVE PARK DR @ 7,33.829828,-84.336519
8865,213580,99973923,EXECUTIVE PARK DR @ 6,33.829774,-84.336541
8866,213581,99973924,CHESHIRE BRIDGE RD @ LAVISTA RD,33.818647,-84.3515
8867,213582,99973925,CHESHIRE BRIDGE RD @ SHERIDAN RD,33.820777,-84.351337
8868,213583,99973926,CHESHIRE BRIDGE RD @ SHERIDAN RD,33.820472,-84.35138
8869,213584,99973927,CHESHIRE BRIDGE RD @ LAVISTA RD,33.817868,-84.351891
8870,213585,99973928,HIGHTOWER RD @ 954,33.781552,-84.474431
8871,213586,99973929,JAMES JACKSON PKWY @ 954,33.780466,-84.476506
8872,213587,99973930,MARTIN L KING JR DR @ MARTIN ST,33.747737,-84.383467
8873,213589,99973931,HILL ST @ MARTIN L KING JR DR,33.747658,-84.379532
8874,213590,99973932,HILLANDALE DR @ PANOLA RD,33.706407,-84.168119
8875,213591,99973933,IVAN ALLEN JR BLVD @ MARIETTA ST,33.764118,-84.397505
8876,213592,99973937,MARIETTA BLVD @ 2210,33.815322,-84.443486
8877,213593,99973938,CAMP CREEK PKWY @ 2900,33.651813,-84.483477
8878,213594,99973939,BUFFINGTON RD @ 6180,33.587508,-84.507272
8879,213595,99973940,BUFFINGTON RD @ 6180,33.587122,-84.507528
8880,213596,99973941,PIEDMONT AVE @ MONROE DR,33.79733,-84.368733
8881,213597,99973942,PIEDMONT AVE @ CHESHIRE BRIDGE RD,33.807239,-84.366334
8882,213598,99973943,PIEDMONT RD @ 2135,33.814804,-84.366462
8883,213599,99973944,TARA BLVD @ COMMERCIAL CT,33.477718,-84.338125
8884,213600,99973945,TARA BLVD @ FLICKER RD,33.469176,-84.336087
8885,213601,99973946,TARA BLVD @ BRIDGEPORT LN,33.461636,-84.331526
8886,213602,99973947,MCDONOUGH RD @ HASTINGS BRIDGE RD,33.448401,-84.320664
8887,213603,99973948,MILLER RD @ 2910,33.704097,-84.182715
8888,213606,99973951,NORTH AVE @ ELMWOOD RD,33.768068,-84.438436
8889,213607,99973952,TARA BLVD @ 11121,33.450574,-84.325815
8890,213608,99973953,FLAT SHOALS RD @ CANDLER RD,33.704997,-84.272291
8891,213609,99973954,FLAT SHOALS RD @ BATTLE FORREST DR,33.7058,-84.289859
8892,213610,99973955,W LAKE AVE @ JOSEPH E BOONE BLVD,33.763116,-84.44106
8893,213611,99973956,JACKSON ST @ JOHN WESLEY DOBBS AVE,33.758813,-84.374321
8894,213612,99973957,PEACHTREE RD @ PEACHTREE BLVD,33.882623,-84.318004
8895,213613,99973958,JACKSON ST @ JOHN WESLEY DOBBS AVE,33.758697,-84.374245
8896,213614,99973959,CENTRE PKWY @ 3201,33.652404,-84.508406
8897,213615,99973960,CENTRE PKWY @ 3201,33.652486,-84.508027
8898,213616,99973961,COVINGTON HWY @ 3408,33.769533,-84.252056
8899,213617,99973962,SR 138 @ 2220,33.550965,-84.46264
8900,213618,99973964,SR 138 @ W FAYETTEVILLE RD,33.550842,-84.448217
8901,213619,99973966,SR 138 @ LAKE RIDGE PKWY,33.550476,-84.42974
8902,213620,99973967,LAMAR HUTCHESON PKWY @ VALLEY HILL RD,33.568244,-84.403549
8903,213621,99973969,SR 138 @ MCELROY DR,33.550174,-84.415893
8904,213622,99973971,SR 138 @ LAKE RIDGE PKWY,33.550663,-84.432052
8905,213623,99973973,SR 138 @ W FAYETTEVILLE RD,33.550931,-84.449323
8906,213624,99973974,JAMES JACKSON PKWY @ BOLTON RD,33.810454,-84.476545
8907,213625,99973975,OLD NATIONAL HWY @ WEST RD,33.55374,-84.466467
8908,213626,99973976,BUFFINGTON RD @ 5355,33.609124,-84.499662
8909,213627,99973977,BUFFINGTON RD @ 5355,33.608608,-84.499646
8910,213629,99973979,N DRUID HILLS RD @ KITTEREDGE PARK RD,33.82696,-84.327049
8911,213630,99973980,COVINGTON HWY @ 5107,33.732697,-84.206008
8912,213631,99973981,COVINGTON HWY @ 5130,33.732768,-84.206052
8913,213632,99973982,REDAN RD @ 5806,33.753159,-84.158132
8914,213633,99973983,REDAN RD @ 5806,33.753305,-84.158179
8915,213634,99973984,NORTHSIDE PKWY @ 2334,33.839928,-84.410287
8916,213635,99973985,CONLEY RD @ CLOUDLAND DR,33.639876,-84.365855
8917,213636,99973986,CONLEY RD @ CLOUDLAND DR,33.639813,-84.365682
8918,213637,99973988,REDAN RD @ 4911,33.759895,-84.191734
8919,213638,99973989,CHUPP RD @ 6698,33.706203,-84.119039
8920,213639,99973990,N SHALLOWFORD RD @ ELLWYN DR,33.911894,-84.298938
8921,213640,99973991,N SHALLOWFORD RD @ ELLWYN DR,33.911357,-84.298339
8922,213641,99973992,PRYOR ST @ RALPH DAVID ABERNATHY BLVD,33.736873,-84.394643
8923,213642,99973993,E PONCE DE LEON AVE @ 5830,33.817076,-84.182716
8924,213643,99973995,E PONCE DE LEON AVE @ RICHARDSON ST,33.815391,-84.180761
8925,213644,99973996,ATLANTA IND PKWY @ 3401,33.793987,-84.495044
8926,213645,99973997,ATLANTA INDUSTRIAL PKWY @ 3400,33.79423,-84.495362
8927,213646,99973998,HARWELL RD @ DONALD L HOLLOWELL PKY,33.785493,-84.491622
8928,213647,99973999,CHAPPEL RD @ EASON ST,33.75718,-84.433484
8929,213651,99974003,LAWRENCEVILLE HWY @ 2661,33.823807,-84.260845
8930,213652,99974004,ARMOUR DR NE @ PLASTERS AVE NE,33.812043,-84.372031
8931,213654,99974006,COVINGTON HWY @ DAVIDSON DR,33.705268,-84.11205
8932,213655,99974007,TARRAGON WAY SW @ FENNEL CIR SW,33.752605,-84.516338
8933,213656,99974009,TARRAGON WAY SW @ WILSON MILL RD SW,33.754756,-84.514658
8934,213657,99974010,PERIMETER CENTER E @ 8,33.926267,-84.333437
8935,213658,99974011,JONESBORO RD @ 3565,33.558027,-84.50463
8936,213659,99974012,SOUTH FULTON PKY @ DERRICK RD,33.624301,-84.583739
8937,213660,99974013,HOSEA WILLIAMS DR @ 2ND AVE,33.751125,-84.310026
8938,213661,99974014,NORTHSIDE DR @ 17TH ST,33.789683,-84.407785
8939,213662,99974015,TARA BLVD @ 6351,33.580842,-84.376116
8940,213664,99974017,MT VERNON HWY @ LAKE FORREST DR,33.92269,-84.386279
8941,213665,99974020,PERRY BLVD NW @ HABERSHAL DR NW,33.791456,-84.442954
8942,213666,99974021,SR 138 @ ALBANIA DR,33.551044,-84.459372
8943,213667,99974022,MALL PKWY @ STONECREST BLVD,33.691589,-84.085781
8944,213669,99974023,DEKALB MEDICAL - HILLANDALE (5900),33.704757,-84.147844
8945,213670,99974025,MARIETTA BLVD @ BOLTON DR,33.816339,-84.445822
8946,213671,99974038,W TRINITY PL @ SWANTON WAY,33.77365,-84.300165
8947,213672,99974039,SWANTON WAY @ W TRINIY PL,33.773738,-84.300574
8948,213673,99974040,HARPER DR @ N LAKE DR,33.599448,-84.333638
8949,213674,99974041,HOWELL MILL RD @ HOWELL MILL PLANTATION,33.839361,-84.424384
8950,213675,99974042,CHURCH ST @ POPLAR SPRINGS RD,33.587784,-84.422451
8951,213676,99974043,SR 138 @ HOWELL LN,33.5504,-84.420663
8952,213677,99974044,SR 138 @ HOWELL LN,33.550218,-84.420484
8953,213678,99974045,MCGINNIS FERRY RD @ WINDWARD CONCOURSE,34.101539,-84.241578
8954,213679,99974046,PERRY BLVD @ HABERSHAL DR,33.791827,-84.443528
8955,213680,99974048,OLD NATIONAL HWY @ SURREY TRL,33.606354,-84.471671
8956,213681,99974049,SR 138 @ PETUNIA DR,33.550614,-84.438247
8957,213682,99974050,SR 138 @ CREEKSIDE LN,33.550757,-84.436375
8958,213683,99974051,MILTON AVE SE @ LAKEWOOD AVE SE,33.721386,-84.383326
8959,213684,99974052,LAKEWOOD AVE SE @ MILTON AVE SE,33.721238,-84.382877
8960,213685,99974053,JONESBORO RD @ SOUTHERN RD,33.563503,-84.344692
8961,213686,99974055,MAIN ST @ JOHN CALVIN AVE,33.658119,-84.448116
8962,213687,99974056,OLD FARM RD @ LAJEAN DR,33.587662,-84.482154
8963,213688,99974057,OLD FARM RD @ LAJEAN DR,33.58776,-84.482284
8964,213689,99974066,MORRIS RD @ DEER TRL,34.100264,-84.2583
8965,213690,99974067,MORRIS RD @ NEW FAWN LN,34.099743,-84.258882
8966,213691,99974069,BRANDYWINE RD @ 2920,33.871224,-84.270846
8967,213692,99974070,HOLLINGSWOOD DR @ FLOWERS RD,33.870939,-84.267421
8968,213693,99974071,PARKLAKE DR @ 2175,33.848532,-84.248909
8969,213700,99974072,NORMAN BEERY DR @ CALHOUN AVE,33.673646,-84.426001
8970,213699,99974073,NORMAN BERRY DR @ CALHOUN AVE,33.672836,-84.42645
8971,213698,99974074,NORMAN BERRY DR @ 2814,33.677897,-84.427048
8972,213697,99974075,NORMAN BERRY DR @ 2814,33.67726,-84.426996
8973,213701,99974076,COMMERCE DR @ E COLLEGE AVE,33.771971,-84.28777
8974,213696,99974077,NORMAN BERRY DR @ CLEVELAND AVE,33.679627,-84.429513
8975,213695,99974078,CASPLAN ST @ METROPOLITAN PKWY,33.707321,-84.407634
8976,213694,99974079,FELLOWSHIP RD @ 2ND ST,33.854138,-84.217676
8977,213702,99974080,BOULDERCREST RD @ COUNTRY PINE DR,33.642306,-84.28159
8978,213703,99974084,OAKLEY INDUSTRIAL BLVD @ JONESBORO RD,33.566453,-84.524338
8979,213704,99974085,CLOROX COMPANY,33.529778,-84.60195
8980,213705,99974086,FAIRBURN PARK & RIDE,33.533115,-84.574921
8981,213706,99974087,OAKLEY INDUSTRIAL BLVD @ JONESBORO RD,33.565867,-84.524542
8982,213707,99974089,OAKLEY INDUSTRIAL BLVD @ OAKLEY RD,33.558622,-84.531979
8983,213708,99974090,OAKLEY INDUSTRIAL BLVD @ OAKLEY RD,33.558436,-84.531991
8984,213709,99974091,OAKLEY INDUSTRIAL BLVD @ COATES DR,33.554602,-84.539432
8985,213710,99974092,OAKLEY INDUSTRIAL BLVD @ COATES DR,33.554554,-84.539306
8986,213711,99974093,OAKLEY INDUSTRIAL BLVD @ SENOIA RD,33.542716,-84.574805
8987,213714,99974095,OAKLEY INDUSTRIAL BLVD @ SPENCE RD,33.544002,-84.563468
8988,213713,99974096,OAKLEY INDUSTRIAL BLVD @ SPENCE RD,33.543838,-84.563521
8989,213715,99974097,BOHANNON RD @ 5000,33.54373,-84.591719
8990,213717,99974099,JONESBORO RD @ 4295,33.567958,-84.528636
8991,213718,99974100,S STONE MOUNTAIN LITHONIA RD @ 1054,33.764409,-84.163947
8992,213719,99974101,S STONE MOUNTAIN LITHONIA RD @ 1054,33.764248,-84.164216
8993,213720,99974102,CHESHIRE BRIDGE RD @ CHANTILLY DR,33.82264,-84.351488
8994,213721,99974104,GLENWOOD AVE @ ELAINE DR,33.736828,-84.220556
8995,213722,99974105,GLENWOOD AVE @ 1925,33.739683,-84.32352
8996,213723,99974106,OAKLEY INDUSTRIAL BLVD @ STALWART DR,33.551793,-84.542663
8997,213724,99974107,OAKLEY INDUSTRIAL BLVD @ STALWART DR,33.552402,-84.542188
8998,213725,99974109,WELCOME ALL RD CONN @ CAMP CREEK PKWY,33.656441,-84.52082
8999,213726,99974110,WELCOME ALL RD CONN @ WELCOME ALL RD,33.656398,-84.521494
9000,213727,99974111,BEST RD @ 4475,33.634258,-84.458059
9001,213728,99974112,BEST RD @ 4475,33.634191,-84.457929
9002,213729,99974113,RIVERDALE RD @ TERMINAL PKWY,33.630028,-84.452287
9003,213730,99974114,RIVERDALE RD @ AIRPORT BLVD,33.629813,-84.452518
9004,213731,99974115,W COLLEGE AVE @ DREXEL AVE,33.765882,-84.309224
9005,213732,99974116,COCA COLA PL SE @ JESSE HILL JR DR SE,33.753719,-84.381169
9006,213733,99974117,PRATT ST SE @ DECATUR ST SE (GRADY HOSP),33.750817,-84.382016
9007,213734,99974118,OAKLEY INDUSTRIAL BLVD @ CARNEGIE DR,33.542783,-84.568582
9008,213735,99974119,OAKLEY INDUSTRIAL BLVD @ CARNEGIE DR,33.542683,-84.567522
9009,213736,99974120,OAKLEY INDUSTRIAL BLVD @ BOHANNON RD,33.537888,-84.591373
9010,213737,99974121,OAKLEY INDUSTRIAL BLVD @ BOHANNON RD,33.538039,-84.590909
9011,213738,99974122,OAKLEY INDUSTRIAL BLVD @ 1200,33.539912,-84.584782
9012,213739,99974123,RENAISSANCE PKWY @ 6000,33.537298,-84.575597
9013,213740,99974124,OAKLEY INDUSTRIAL BLVD @ TERMINUS DR,33.548832,-84.551572
9014,213741,99974125,OAKLEY INDUSTRIAL BLVD @ TERMINUS DR,33.547958,-84.552895
9015,213742,99974126,BOHANNON RD @ MCLARIN RD,33.553543,-84.595093
9016,213743,99974127,CHARLES W GRANT PKWY @ INTERNATIONAL PKWY,33.640287,-84.396576
9017,213744,99974128,CONNALLY DR @ LESTER ST,33.688064,-84.444197
9018,213745,99974129,CONNALLY DR @ CONNALLY PL,33.68926,-84.446015
9019,213746,99974130,STANTON RD @ CONNALLY DR,33.691158,-84.447873
9020,213747,99974131,STANTON RD @ 1847,33.695214,-84.448501
9021,213760,99974132,MEMORIAL DR @ WASHINGTON ST,33.746862,-84.38992
9022,213749,99974133,DELOWE STANTON ACCESS RD @ 1900,33.698599,-84.4522
9023,213750,99974134,STANTON RD @ 1847,33.695454,-84.448573
9024,213751,99974135,STANTON RD @ CONNALLY DR,33.691074,-84.447915
9025,213752,99974136,CONNALLY DR @ CONNALLY PL,33.68915,-84.445989
9026,213753,99974137,CONNALLY DR @ LESTER ST,33.687756,-84.44391
9027,213754,99974138,CONNALLY DR @ NORMAN BERRY DR,33.685855,-84.441735
9028,213757,99974141,MORELAND AVE @ CAROLINE ST,33.759028,-84.349088
9029,213758,99974142,AMAZON BUS LOOP,33.622316,-84.587409
9030,213759,99974143,CORONET WAY @ PINE GROVE DR,33.818389,-84.44766
9031,213761,99974149,BATTLE CREEK RD @ TARA BLVD,33.555617,-84.371278
9032,213762,99974150,DAVIDSON PKWY @ DAVIDSON CIR E,33.552619,-84.265418
9033,213763,99974151,SR 138 @ NORTH AVE,33.535537,-84.371413
9034,213764,99974152,SR 138 @ NORTH AVE,33.535702,-84.371585
9035,213765,99974153,BATTLE CREEK RD @ VALLEY HILL RD,33.555757,-84.374474
9036,213766,99974154,VALLEY HILL RD @ MOCKINGBIRD TRL,33.55666,-84.378291
9037,213767,99974155,VALLEY HILL RD @ LADY HEIDI CT,33.557393,-84.383034
9038,213768,99974156,VALLEY HILL RD @ 94,33.558433,-84.387077
9039,213769,99974157,VALLEY HILL RD @ 93,33.563728,-84.391213
9040,213770,99974158,VALLEY HILL RD @ JONATHAN RD,33.566231,-84.394363
9041,213771,99974159,VALLEY HILL RD @ HEATHROW DR,33.569499,-84.401899
9042,213772,99974160,VALLEY HILL RD SW @ HEATHROW DR,33.569352,-84.401882
9043,213773,99974161,VALLEY HILL RD SW @ EUNICE DR,33.566852,-84.39705
9044,213774,99974162,VALLEY HILL RD SW @ EUNICE DR,33.56695,-84.397391
9045,213775,99974163,VALLEY HILL RD SW @ JONATHAN RD,33.566103,-84.393845
9046,213776,99974164,VALLEY HILL RD SE @ 94,33.558367,-84.387233
9047,213777,99974165,VALLEY HILL RD SE @ WHIPPORWILL WAY,33.556978,-84.38191
9048,213778,99974166,VALLEY HILL RD SE @ MOCKINGBIRD TRL,33.556519,-84.378122
9049,213779,99974167,BATTLE CREEK RD @ AUTUMN DR,33.55561,-84.373266
9050,213780,99974168,VALLEY HILL RD SW @ WESTFIELD DR,33.568385,-84.39946
9051,213781,99974169,VALLEY HILL RD SW @ WESTFIELD DR,33.568206,-84.398984
9052,213782,99974170,VALLEY HILL RD SW @ 100,33.564551,-84.391819
9053,213783,99974171,MT ZION RD @ 2839,33.555761,-84.297727
9054,213784,99974172,MT ZION RD @ 2846,33.555805,-84.297459
9055,213785,99974173,MT ZION RD @ LAUREL CREEK DR,33.554661,-84.292469
9056,213786,99974174,MT ZION RD @ WINNSTEAD WAY,33.553129,-84.289511
9057,213789,99974175,LAKE SPIVEY PKWY @ 3579,33.551422,-84.273641
9058,213788,99974176,LAKE SPIVEY PKWY @ 3576,33.551141,-84.273548
9059,213787,99974177,MT ZION RD @ CAMERON LANDING DR,33.551068,-84.278836
9060,213790,99974178,MT ZION RD @ CAMERON LANDING DR,33.550994,-84.278975
9061,213791,99974179,MT ZION RD @ 2923,33.555287,-84.295721
9062,213792,99974180,DAVIDSON CIR W @ 7419,33.552329,-84.266781
9063,213793,99974181,MT ZION RD @ 3196,33.551749,-84.282784
9064,213794,99974182,MT ZION RD @ 3196,33.55165,-84.282788
9065,213795,99974183,MT ZION RD @ 3156,33.552731,-84.287635
9066,213796,99974184,SR 138 @ CROSS RD PKWY,33.53691,-84.36877
9067,213797,99974185,SR 138 @ CROSS RD PKWY,33.537168,-84.36864
9068,213798,99974186,SR 138 @ TARA BLVD,33.537782,-84.363608
9069,213799,99974187,SR 138 @ N MAIN ST,33.538358,-84.360929
9070,213800,99974188,SR 138 @ TARA RD,33.538934,-84.35772
9071,213801,99974189,SR 138 @ SCARLETT DR,33.53888,-84.35464
9072,213802,99974190,N MCDONOUGH ST @ SR 138,33.54048,-84.345895
9073,213803,99974191,SOUTHLAKE PKWY @ MT ZION BLVD,33.544427,-84.343474
9074,213804,99974192,SOUTHLAKE PKWY @ 7576,33.548098,-84.341933
9075,213805,99974193,SOUTHLAKE PKWY @ 7420,33.551353,-84.340572
9076,213806,99974194,SOUTHLAKE PKWY @ 7420,33.551274,-84.340735
9077,213807,99974195,SOUTHLAKE PKWY @ 7535,33.547976,-84.342176
9078,213808,99974196,SOUTHLAKE PKWY @ MT ZION BLVD,33.543614,-84.34394
9079,213809,99974197,N MCDONOUGH ST @ SR 138,33.539579,-84.347058
9080,213810,99974198,SR 138 @ JONESBORO RD,33.538984,-84.3505
9081,213811,99974199,SR 138 @ SCARLETT DR,33.539067,-84.354693
9082,213812,99974200,SR 138 @ TARA RD,33.539135,-84.358332
9083,213813,99974201,SR 138 @ N MAIN ST SE,33.53844,-84.361293
9084,213814,99974202,SR 138 @ TARA BLVD,33.538017,-84.36362
9085,213815,99974203,KING ARNOLD ST @ SUNSET AVE,33.655715,-84.399895
9086,213816,99974204,N CENTRAL AVE @ N FULTON AVE,33.658618,-84.40865
9087,907264,775780,NORTHSIDE PKY@RILMAN RD,33.84046,-84.419276
9088,773086,773086,MT VERNON RD@NORTHCHESTER CT,33.956274,-84.304272
9089,773140,773140,N PEACHTREE RD @ PEELER RD,33.935488,-84.293989
9090,213539,773616,CUSTER AVE @ CUSTER WAY SE,33.715801,-84.352932
9091,27,907933,HAMILTON E HOLMES STATION,33.754553,-84.469302
9092,28,908023,WEST LAKE STATION,33.753328,-84.445329
9093,39,907906,WEST LAKE STATION,33.753247,-84.445568
9094,40,907907,HAMILTON E HOLMES STATION,33.754517,-84.469824
9095,53,908051,DUNWOODY STATION,33.920862,-84.344213
9096,57,908054,LINDBERGH CENTER STATION,33.823385,-84.369357
9097,58,908055,LINDBERGH CENTER STATION,33.823492,-84.369324
9098,61,908047,DUNWOODY STATION,33.92113,-84.344268
9099,83,908186,BROOKHAVEN-OGLETHORPE STATION,33.860329,-84.339245
9100,84,908187,BROOKHAVEN-OGLETHORPE STATION,33.859989,-84.339397
9101,111,906369,ARTS CENTER STATION,33.789669,-84.387414
9102,112,906370,ARTS CENTER STATION,33.788828,-84.387272
9103,133,908374,MIDTOWN  STATION,33.781247,-84.386342
9104,134,908375,MIDTOWN STATION,33.781355,-84.386353
9105,185,908566,EAST LAKE STATION,33.765241,-84.312937
9106,186,908567,EAST LAKE STATION,33.765196,-84.313426
9107,193,908475,DECATUR STATION,33.774699,-84.295417
9108,195,908476,EDGEWOOD-CANDLER PARK STATION,33.761803,-84.340825
9109,198,908618,GEORGIA STATE STATION,33.750161,-84.385915
9110,201,908696,GEORGIA STATE STATION,33.750143,-84.385882
9111,204,908699,EDGEWOOD-CANDLER PARK STATION,33.761866,-84.340456
9112,206,908700,DECATUR STATION,33.774681,-84.295319
9113,217,908628,EAST POINT STATION,33.677424,-84.440542
9114,218,908629,LAKEWOOD-FT MCPHERSON STATION,33.70088,-84.428768
9115,219,908704,WEST END STATION,33.736564,-84.413653
9116,220,908705,WEST END STATION,33.735705,-84.413663
9117,221,908706,LAKEWOOD-FT MCPHERSON STATION,33.700298,-84.428865
9118,222,908707,EAST POINT STATION,33.676985,-84.440704
9119,224,908709,KENSINGTON STATION,33.772764,-84.252151
9120,232,908634,KENSINGTON STATION,33.772647,-84.251607
9121,243,908717,LENOX STATION,33.845307,-84.358387
9122,244,908718,BUCKHEAD STATION,33.84781,-84.367629
9123,249,908639,BUCKHEAD STATION,33.847944,-84.367716
9124,250,906827,LENOX STATION,33.845388,-84.358235
9125,269,907960,BANKHEAD STATION,33.772159,-84.428873
9126,270,907961,BANKHEAD STATION,33.772436,-84.428906
9127,280,907913,NORTH AVENUE STATION,33.771472,-84.387258
9128,281,907914,NORTH AVENUE STATION,33.771741,-84.387204
9129,375,908862,DORAVILLE STATION,33.902411,-84.281166
9130,384,908845,DORAVILLE STATION,33.902787,-84.28061
9131,394,908872,MEDICAL CENTER STATION,33.910757,-84.35189
9132,399,908885,MEDICAL CENTER STATION,33.910739,-84.351759
9133,429,908911,CIVIC CENTER STATION,33.766111,-84.387504
9134,430,908912,CIVIC CENTER STATION,33.766236,-84.387504
9135,470,908958,VINE CITY STATION,33.756613,-84.403902
9136,471,908959,VINE CITY STATION,33.756613,-84.404021
9137,485,908963,ASHBY STATION,33.756478,-84.41723
9138,486,908964,ASHBY STATION,33.756477,-84.417328
9139,693,908301,OAKLAND CITY STATION,33.7173,-84.42503
9140,694,908302,OAKLAND CITY STATION,33.716978,-84.425138
9141,730,908480,NORTH SPRINGS STATION,33.944377,-84.357253
9142,796,908435,GWCC-CNN CENTER STATION,33.756179,-84.397215
9143,797,908981,FIVE POINTS STATION,33.753837,-84.391397
9144,798,908436,KING MEMORIAL STATION,33.749951,-84.375675
9145,799,908437,INMAN PARK-REYNOLDSTOWN STATION,33.757451,-84.352762
9146,800,908438,AVONDALE STATION,33.775554,-84.281487
9147,801,908515,INDIAN CREEK STATION,33.769856,-84.228906
9148,802,908516,INDIAN CREEK STATION,33.769893,-84.229874
9149,803,908691,AVONDALE STATION,33.775214,-84.282466
9150,804,908692,INMAN PARK-REYNOLDSTOWN STATION,33.757227,-84.353066
9151,805,908693,KING MEMORIAL STATION,33.749853,-84.37599
9152,806,908990,FIVE POINTS STATION,33.754123,-84.391876
9153,807,908694,GWCC-CNN CENTER STATION,33.756187,-84.397291
9154,808,908695,AIRPORT STATION,33.640831,-84.446198
9155,809,908599,COLLEGE PARK STATION,33.650577,-84.448656
9156,810,908600,GARNETT STATION,33.748938,-84.395545
9157,811,908986,FIVE POINTS STATION,33.754052,-84.391452
9158,812,908601,PEACHTREE CENTER STATION,33.758189,-84.387596
9159,814,908603,CHAMBLEE STATION,33.887929,-84.305556
9160,815,908604,CHAMBLEE STATION,33.887517,-84.306362
9161,817,907842,PEACHTREE CENTER STATION,33.758082,-84.387595
9162,818,908976,FIVE POINTS STATION,33.753899,-84.39156
9163,819,907843,GARNETT STATION,33.748696,-84.395741
9164,820,907844,COLLEGE PARK STATION,33.650282,-84.448612
9165,821,906647,AIRPORT STATION,33.640553,-84.446198
9166,822,907845,SANDY SPRINGS STATION,33.931671,-84.351069
9167,823,907846,SANDY SPRINGS STATION,33.931564,-84.35096
9168,1118,906837,AIRPORT STATION,33.640294,-84.446197
9169,999544,907766,NORTH SPRINGS STATION,33.94495,-84.357275
9170,999549,907775,LINDBERGH CENTER STATION,33.823501,-84.369313
9171,999690,907823,LINDBERGH CENTER STATION,33.823447,-84.369324
